DROP DATABASE IF EXISTS `pokemon`;
CREATE DATABASE `pokemon`;
USE `pokemon`;
-- MariaDB dump 10.19  Distrib 10.6.19-MariaDB, for Win64 (AMD64)
--
-- Host: localhost    Database: pokemon
-- ------------------------------------------------------
-- Server version	10.6.19-MariaDB

/*!40101 SET @OLD_CHARACTER_SET_CLIENT=@@CHARACTER_SET_CLIENT */;
/*!40101 SET @OLD_CHARACTER_SET_RESULTS=@@CHARACTER_SET_RESULTS */;
/*!40101 SET @OLD_COLLATION_CONNECTION=@@COLLATION_CONNECTION */;
/*!40101 SET NAMES utf8mb4 */;
/*!40103 SET @OLD_TIME_ZONE=@@TIME_ZONE */;
/*!40103 SET TIME_ZONE='+00:00' */;
/*!40014 SET @OLD_UNIQUE_CHECKS=@@UNIQUE_CHECKS, UNIQUE_CHECKS=0 */;
/*!40014 SET @OLD_FOREIGN_KEY_CHECKS=@@FOREIGN_KEY_CHECKS, FOREIGN_KEY_CHECKS=0 */;
/*!40101 SET @OLD_SQL_MODE=@@SQL_MODE, SQL_MODE='NO_AUTO_VALUE_ON_ZERO' */;
/*!40111 SET @OLD_SQL_NOTES=@@SQL_NOTES, SQL_NOTES=0 */;

--
-- Table structure for table `abilities`
--

DROP TABLE IF EXISTS `abilities`;
/*!40101 SET @saved_cs_client     = @@character_set_client */;
/*!40101 SET character_set_client = utf8 */;
CREATE TABLE `abilities` (
  `id` int(5) NOT NULL AUTO_INCREMENT,
  `identifier` varchar(16) DEFAULT NULL,
  `generation_id` int(1) DEFAULT NULL,
  `is_main_series` int(1) DEFAULT NULL,
  PRIMARY KEY (`id`),
  UNIQUE KEY `identifier` (`identifier`)
) ENGINE=InnoDB AUTO_INCREMENT=10061 DEFAULT CHARSET=utf8mb3 COLLATE=utf8mb3_general_ci;
/*!40101 SET character_set_client = @saved_cs_client */;

--
-- Dumping data for table `abilities`
--

LOCK TABLES `abilities` WRITE;
/*!40000 ALTER TABLE `abilities` DISABLE KEYS */;
INSERT INTO `abilities` VALUES (1,'stench',3,1),(2,'drizzle',3,1),(3,'speed-boost',3,1),(4,'battle-armor',3,1),(5,'sturdy',3,1),(6,'damp',3,1),(7,'limber',3,1),(8,'sand-veil',3,1),(9,'static',3,1),(10,'volt-absorb',3,1),(11,'water-absorb',3,1),(12,'oblivious',3,1),(13,'cloud-nine',3,1),(14,'compound-eyes',3,1),(15,'insomnia',3,1),(16,'color-change',3,1),(17,'immunity',3,1),(18,'flash-fire',3,1),(19,'shield-dust',3,1),(20,'own-tempo',3,1),(21,'suction-cups',3,1),(22,'intimidate',3,1),(23,'shadow-tag',3,1),(24,'rough-skin',3,1),(25,'wonder-guard',3,1),(26,'levitate',3,1),(27,'effect-spore',3,1),(28,'synchronize',3,1),(29,'clear-body',3,1),(30,'natural-cure',3,1),(31,'lightning-rod',3,1),(32,'serene-grace',3,1),(33,'swift-swim',3,1),(34,'chlorophyll',3,1),(35,'illuminate',3,1),(36,'trace',3,1),(37,'huge-power',3,1),(38,'poison-point',3,1),(39,'inner-focus',3,1),(40,'magma-armor',3,1),(41,'water-veil',3,1),(42,'magnet-pull',3,1),(43,'soundproof',3,1),(44,'rain-dish',3,1),(45,'sand-stream',3,1),(46,'pressure',3,1),(47,'thick-fat',3,1),(48,'early-bird',3,1),(49,'flame-body',3,1),(50,'run-away',3,1),(51,'keen-eye',3,1),(52,'hyper-cutter',3,1),(53,'pickup',3,1),(54,'truant',3,1),(55,'hustle',3,1),(56,'cute-charm',3,1),(57,'plus',3,1),(58,'minus',3,1),(59,'forecast',3,1),(60,'sticky-hold',3,1),(61,'shed-skin',3,1),(62,'guts',3,1),(63,'marvel-scale',3,1),(64,'liquid-ooze',3,1),(65,'overgrow',3,1),(66,'blaze',3,1),(67,'torrent',3,1),(68,'swarm',3,1),(69,'rock-head',3,1),(70,'drought',3,1),(71,'arena-trap',3,1),(72,'vital-spirit',3,1),(73,'white-smoke',3,1),(74,'pure-power',3,1),(75,'shell-armor',3,1),(76,'air-lock',3,1),(77,'tangled-feet',4,1),(78,'motor-drive',4,1),(79,'rivalry',4,1),(80,'steadfast',4,1),(81,'snow-cloak',4,1),(82,'gluttony',4,1),(83,'anger-point',4,1),(84,'unburden',4,1),(85,'heatproof',4,1),(86,'simple',4,1),(87,'dry-skin',4,1),(88,'download',4,1),(89,'iron-fist',4,1),(90,'poison-heal',4,1),(91,'adaptability',4,1),(92,'skill-link',4,1),(93,'hydration',4,1),(94,'solar-power',4,1),(95,'quick-feet',4,1),(96,'normalize',4,1),(97,'sniper',4,1),(98,'magic-guard',4,1),(99,'no-guard',4,1),(100,'stall',4,1),(101,'technician',4,1),(102,'leaf-guard',4,1),(103,'klutz',4,1),(104,'mold-breaker',4,1),(105,'super-luck',4,1),(106,'aftermath',4,1),(107,'anticipation',4,1),(108,'forewarn',4,1),(109,'unaware',4,1),(110,'tinted-lens',4,1),(111,'filter',4,1),(112,'slow-start',4,1),(113,'scrappy',4,1),(114,'storm-drain',4,1),(115,'ice-body',4,1),(116,'solid-rock',4,1),(117,'snow-warning',4,1),(118,'honey-gather',4,1),(119,'frisk',4,1),(120,'reckless',4,1),(121,'multitype',4,1),(122,'flower-gift',4,1),(123,'bad-dreams',4,1),(124,'pickpocket',5,1),(125,'sheer-force',5,1),(126,'contrary',5,1),(127,'unnerve',5,1),(128,'defiant',5,1),(129,'defeatist',5,1),(130,'cursed-body',5,1),(131,'healer',5,1),(132,'friend-guard',5,1),(133,'weak-armor',5,1),(134,'heavy-metal',5,1),(135,'light-metal',5,1),(136,'multiscale',5,1),(137,'toxic-boost',5,1),(138,'flare-boost',5,1),(139,'harvest',5,1),(140,'telepathy',5,1),(141,'moody',5,1),(142,'overcoat',5,1),(143,'poison-touch',5,1),(144,'regenerator',5,1),(145,'big-pecks',5,1),(146,'sand-rush',5,1),(147,'wonder-skin',5,1),(148,'analytic',5,1),(149,'illusion',5,1),(150,'imposter',5,1),(151,'infiltrator',5,1),(152,'mummy',5,1),(153,'moxie',5,1),(154,'justified',5,1),(155,'rattled',5,1),(156,'magic-bounce',5,1),(157,'sap-sipper',5,1),(158,'prankster',5,1),(159,'sand-force',5,1),(160,'iron-barbs',5,1),(161,'zen-mode',5,1),(162,'victory-star',5,1),(163,'turboblaze',5,1),(164,'teravolt',5,1),(165,'aroma-veil',6,1),(166,'flower-veil',6,1),(167,'cheek-pouch',6,1),(168,'protean',6,1),(169,'fur-coat',6,1),(170,'magician',6,1),(171,'bulletproof',6,1),(172,'competitive',6,1),(173,'strong-jaw',6,1),(174,'refrigerate',6,1),(175,'sweet-veil',6,1),(176,'stance-change',6,1),(177,'gale-wings',6,1),(178,'mega-launcher',6,1),(179,'grass-pelt',6,1),(180,'symbiosis',6,1),(181,'tough-claws',6,1),(182,'pixilate',6,1),(183,'gooey',6,1),(184,'aerilate',6,1),(185,'parental-bond',6,1),(186,'dark-aura',6,1),(187,'fairy-aura',6,1),(188,'aura-break',6,1),(189,'primordial-sea',6,1),(190,'desolate-land',6,1),(191,'delta-stream',6,1),(192,'stamina',7,1),(193,'wimp-out',7,1),(194,'emergency-exit',7,1),(195,'water-compaction',7,1),(196,'merciless',7,1),(197,'shields-down',7,1),(198,'stakeout',7,1),(199,'water-bubble',7,1),(200,'steelworker',7,1),(201,'berserk',7,1),(202,'slush-rush',7,1),(203,'long-reach',7,1),(204,'liquid-voice',7,1),(205,'triage',7,1),(206,'galvanize',7,1),(207,'surge-surfer',7,1),(208,'schooling',7,1),(209,'disguise',7,1),(210,'battle-bond',7,1),(211,'power-construct',7,1),(212,'corrosion',7,1),(213,'comatose',7,1),(214,'queenly-majesty',7,1),(215,'innards-out',7,1),(216,'dancer',7,1),(217,'battery',7,1),(218,'fluffy',7,1),(219,'dazzling',7,1),(220,'soul-heart',7,1),(221,'tangling-hair',7,1),(222,'receiver',7,1),(223,'power-of-alchemy',7,1),(224,'beast-boost',7,1),(225,'rks-system',7,1),(226,'electric-surge',7,1),(227,'psychic-surge',7,1),(228,'misty-surge',7,1),(229,'grassy-surge',7,1),(230,'full-metal-body',7,1),(231,'shadow-shield',7,1),(232,'prism-armor',7,1),(233,'neuroforce',7,1),(234,'intrepid-sword',8,1),(235,'dauntless-shield',8,1),(236,'libero',8,1),(237,'ball-fetch',8,1),(238,'cotton-down',8,1),(239,'propeller-tail',8,1),(240,'mirror-armor',8,1),(241,'gulp-missile',8,1),(242,'stalwart',8,1),(243,'steam-engine',8,1),(244,'punk-rock',8,1),(245,'sand-spit',8,1),(246,'ice-scales',8,1),(247,'ripen',8,1),(248,'ice-face',8,1),(249,'power-spot',8,1),(250,'mimicry',8,1),(251,'screen-cleaner',8,1),(252,'steely-spirit',8,1),(253,'perish-body',8,1),(254,'wandering-spirit',8,1),(255,'gorilla-tactics',8,1),(256,'neutralizing-gas',8,1),(257,'pastel-veil',8,1),(258,'hunger-switch',8,1),(259,'quick-draw',8,1),(260,'unseen-fist',8,1),(261,'curious-medicine',8,1),(262,'transistor',8,1),(263,'dragons-maw',8,1),(264,'chilling-neigh',8,1),(265,'grim-neigh',8,1),(266,'as-one-glastrier',8,1),(267,'as-one-spectrier',8,1),(10001,'mountaineer',5,0),(10002,'wave-rider',5,0),(10003,'skater',5,0),(10004,'thrust',5,0),(10005,'perception',5,0),(10006,'parry',5,0),(10007,'instinct',5,0),(10008,'dodge',5,0),(10009,'jagged-edge',5,0),(10010,'frostbite',5,0),(10011,'tenacity',5,0),(10012,'pride',5,0),(10013,'deep-sleep',5,0),(10014,'power-nap',5,0),(10015,'spirit',5,0),(10016,'warm-blanket',5,0),(10017,'gulp',5,0),(10018,'herbivore',5,0),(10019,'sandpit',5,0),(10020,'hot-blooded',5,0),(10021,'medic',5,0),(10022,'life-force',5,0),(10023,'lunchbox',5,0),(10024,'nurse',5,0),(10025,'melee',5,0),(10026,'sponge',5,0),(10027,'bodyguard',5,0),(10028,'hero',5,0),(10029,'last-bastion',5,0),(10030,'stealth',5,0),(10031,'vanguard',5,0),(10032,'nomad',5,0),(10033,'sequence',5,0),(10034,'grass-cloak',5,0),(10035,'celebrate',5,0),(10036,'lullaby',5,0),(10037,'calming',5,0),(10038,'daze',5,0),(10039,'frighten',5,0),(10040,'interference',5,0),(10041,'mood-maker',5,0),(10042,'confidence',5,0),(10043,'fortune',5,0),(10044,'bonanza',5,0),(10045,'explode',5,0),(10046,'omnipotent',5,0),(10047,'share',5,0),(10048,'black-hole',5,0),(10049,'shadow-dash',5,0),(10050,'sprint',5,0),(10051,'disgust',5,0),(10052,'high-rise',5,0),(10053,'climber',5,0),(10054,'flame-boost',5,0),(10055,'aqua-boost',5,0),(10056,'run-up',5,0),(10057,'conqueror',5,0),(10058,'shackle',5,0),(10059,'decoy',5,0),(10060,'shield',5,0);
/*!40000 ALTER TABLE `abilities` ENABLE KEYS */;
UNLOCK TABLES;

--
-- Table structure for table `ability_names`
--

DROP TABLE IF EXISTS `ability_names`;
/*!40101 SET @saved_cs_client     = @@character_set_client */;
/*!40101 SET character_set_client = utf8 */;
CREATE TABLE `ability_names` (
  `ability_id` int(5) NOT NULL,
  `local_language_id` int(2) NOT NULL,
  `name` varchar(16) DEFAULT NULL,
  PRIMARY KEY (`ability_id`,`local_language_id`),
  KEY `FK_ability_lang` (`local_language_id`),
  CONSTRAINT `FK_ability_ability` FOREIGN KEY (`ability_id`) REFERENCES `abilities` (`id`) ON DELETE NO ACTION ON UPDATE CASCADE,
  CONSTRAINT `FK_ability_lang` FOREIGN KEY (`local_language_id`) REFERENCES `languages` (`id`) ON DELETE NO ACTION ON UPDATE CASCADE
) ENGINE=InnoDB DEFAULT CHARSET=utf8mb3 COLLATE=utf8mb3_general_ci;
/*!40101 SET character_set_client = @saved_cs_client */;

--
-- Dumping data for table `ability_names`
--

LOCK TABLES `ability_names` WRITE;
/*!40000 ALTER TABLE `ability_names` DISABLE KEYS */;
INSERT INTO `ability_names` VALUES (1,1,'あくしゅう'),(1,3,'악취'),(1,4,'惡臭'),(1,5,'Puanteur'),(1,6,'Duftnote'),(1,7,'Hedor'),(1,8,'Tanfo'),(1,9,'Stench'),(1,11,'あくしゅう'),(1,12,'恶臭'),(2,1,'あめふらし'),(2,3,'잔비'),(2,4,'降雨'),(2,5,'Crachin'),(2,6,'Niesel'),(2,7,'Llovizna'),(2,8,'Piovischio'),(2,9,'Drizzle'),(2,11,'あめふらし'),(2,12,'降雨'),(3,1,'かそく'),(3,3,'가속'),(3,4,'加速'),(3,5,'Turbo'),(3,6,'Temposchub'),(3,7,'Impulso'),(3,8,'Acceleratore'),(3,9,'Speed Boost'),(3,11,'かそく'),(3,12,'加速'),(4,1,'カブトアーマー'),(4,3,'전투무장'),(4,4,'戰鬥盔甲'),(4,5,'Armurbaston'),(4,6,'Kampfpanzer'),(4,7,'Armadura Batalla'),(4,8,'Lottascudo'),(4,9,'Battle Armor'),(4,11,'カブトアーマー'),(4,12,'战斗盔甲'),(5,1,'がんじょう'),(5,3,'옹골참'),(5,4,'結實'),(5,5,'Fermeté'),(5,6,'Robustheit'),(5,7,'Robustez'),(5,8,'Vigore'),(5,9,'Sturdy'),(5,11,'がんじょう'),(5,12,'结实'),(6,1,'しめりけ'),(6,3,'습기'),(6,4,'濕氣'),(6,5,'Moiteur'),(6,6,'Feuchtigkeit'),(6,7,'Humedad'),(6,8,'Umidità'),(6,9,'Damp'),(6,11,'しめりけ'),(6,12,'湿气'),(7,1,'じゅうなん'),(7,3,'유연'),(7,4,'柔軟'),(7,5,'Échauffement'),(7,6,'Flexibilität'),(7,7,'Flexibilidad'),(7,8,'Scioltezza'),(7,9,'Limber'),(7,11,'じゅうなん'),(7,12,'柔软'),(8,1,'すながくれ'),(8,3,'모래숨기'),(8,4,'沙隱'),(8,5,'Voile Sable'),(8,6,'Sandschleier'),(8,7,'Velo Arena'),(8,8,'Sabbiavelo'),(8,9,'Sand Veil'),(8,11,'すながくれ'),(8,12,'沙隐'),(9,1,'せいでんき'),(9,3,'정전기'),(9,4,'靜電'),(9,5,'Statik'),(9,6,'Statik'),(9,7,'Elec. Estática'),(9,8,'Statico'),(9,9,'Static'),(9,11,'せいでんき'),(9,12,'静电'),(10,1,'ちくでん'),(10,3,'축전'),(10,4,'蓄電'),(10,5,'Absorbe-Volt'),(10,6,'Voltabsorber'),(10,7,'Absorbe Elec'),(10,8,'Assorbivolt'),(10,9,'Volt Absorb'),(10,11,'ちくでん'),(10,12,'蓄电'),(11,1,'ちょすい'),(11,3,'저수'),(11,4,'儲水'),(11,5,'Absorbe-Eau'),(11,6,'H2O-Absorber'),(11,7,'Absorbe Agua'),(11,8,'Assorbacqua'),(11,9,'Water Absorb'),(11,11,'ちょすい'),(11,12,'储水'),(12,1,'どんかん'),(12,3,'둔감'),(12,4,'遲鈍'),(12,5,'Benêt'),(12,6,'Dösigkeit'),(12,7,'Despiste'),(12,8,'Indifferenza'),(12,9,'Oblivious'),(12,11,'どんかん'),(12,12,'迟钝'),(13,1,'ノーてんき'),(13,3,'날씨부정'),(13,4,'無關天氣'),(13,5,'Ciel Gris'),(13,6,'Wolke Sieben'),(13,7,'Aclimatación'),(13,8,'Antimeteo'),(13,9,'Cloud Nine'),(13,11,'ノーてんき'),(13,12,'无关天气'),(14,1,'ふくがん'),(14,3,'복안'),(14,4,'複眼'),(14,5,'Œil Composé'),(14,6,'Facettenauge'),(14,7,'Ojo Compuesto'),(14,8,'Insettocchi'),(14,9,'Compound Eyes'),(14,11,'ふくがん'),(14,12,'复眼'),(15,1,'ふみん'),(15,3,'불면'),(15,4,'不眠'),(15,5,'Insomnia'),(15,6,'Insomnia'),(15,7,'Insomnio'),(15,8,'Insonnia'),(15,9,'Insomnia'),(15,11,'ふみん'),(15,12,'不眠'),(16,1,'へんしょく'),(16,3,'변색'),(16,4,'變色'),(16,5,'Homochromie'),(16,6,'Farbwechsel'),(16,7,'Cambio Color'),(16,8,'Cambiacolore'),(16,9,'Color Change'),(16,11,'へんしょく'),(16,12,'变色'),(17,1,'めんえき'),(17,3,'면역'),(17,4,'免疫'),(17,5,'Vaccin'),(17,6,'Immunität'),(17,7,'Inmunidad'),(17,8,'Immunità'),(17,9,'Immunity'),(17,11,'めんえき'),(17,12,'免疫'),(18,1,'もらいび'),(18,3,'타오르는불꽃'),(18,4,'引火'),(18,5,'Torche'),(18,6,'Feuerfänger'),(18,7,'Absorbe Fuego'),(18,8,'Fuocardore'),(18,9,'Flash Fire'),(18,11,'もらいび'),(18,12,'引火'),(19,1,'りんぷん'),(19,3,'인분'),(19,4,'鱗粉'),(19,5,'Écran Poudre'),(19,6,'Puderabwehr'),(19,7,'Polvo Escudo'),(19,8,'Polvoscudo'),(19,9,'Shield Dust'),(19,11,'りんぷん'),(19,12,'鳞粉'),(20,1,'マイペース'),(20,3,'마이페이스'),(20,4,'我行我素'),(20,5,'Tempo Perso'),(20,6,'Tempomacher'),(20,7,'Ritmo Propio'),(20,8,'Mente Locale'),(20,9,'Own Tempo'),(20,11,'マイペース'),(20,12,'我行我素'),(21,1,'きゅうばん'),(21,3,'흡반'),(21,4,'吸盤'),(21,5,'Ventouse'),(21,6,'Saugnapf'),(21,7,'Ventosas'),(21,8,'Ventose'),(21,9,'Suction Cups'),(21,11,'きゅうばん'),(21,12,'吸盘'),(22,1,'いかく'),(22,3,'위협'),(22,4,'威嚇'),(22,5,'Intimidation'),(22,6,'Bedroher'),(22,7,'Intimidación'),(22,8,'Prepotenza'),(22,9,'Intimidate'),(22,11,'いかく'),(22,12,'威吓'),(23,1,'かげふみ'),(23,3,'그림자밟기'),(23,4,'踩影'),(23,5,'Marque Ombre'),(23,6,'Wegsperre'),(23,7,'Sombra Trampa'),(23,8,'Pedinombra'),(23,9,'Shadow Tag'),(23,11,'かげふみ'),(23,12,'踩影'),(24,1,'さめはだ'),(24,3,'까칠한피부'),(24,4,'粗糙皮膚'),(24,5,'Peau Dure'),(24,6,'Rauhaut'),(24,7,'Piel Tosca'),(24,8,'Cartavetro'),(24,9,'Rough Skin'),(24,11,'さめはだ'),(24,12,'粗糙皮肤'),(25,1,'ふしぎなまもり'),(25,3,'불가사의부적'),(25,4,'神奇守護'),(25,5,'Garde Mystik'),(25,6,'Wunderwache'),(25,7,'Superguarda'),(25,8,'Magidifesa'),(25,9,'Wonder Guard'),(25,11,'ふしぎなまもり'),(25,12,'神奇守护'),(26,1,'ふゆう'),(26,3,'부유'),(26,4,'飄浮'),(26,5,'Lévitation'),(26,6,'Schwebe'),(26,7,'Levitación'),(26,8,'Levitazione'),(26,9,'Levitate'),(26,11,'ふゆう'),(26,12,'飘浮'),(27,1,'ほうし'),(27,3,'포자'),(27,4,'孢子'),(27,5,'Pose Spore'),(27,6,'Sporenwirt'),(27,7,'Efecto Espora'),(27,8,'Spargispora'),(27,9,'Effect Spore'),(27,11,'ほうし'),(27,12,'孢子'),(28,1,'シンクロ'),(28,3,'싱크로'),(28,4,'同步'),(28,5,'Synchro'),(28,6,'Synchro'),(28,7,'Sincronía'),(28,8,'Sincronismo'),(28,9,'Synchronize'),(28,11,'シンクロ'),(28,12,'同步'),(29,1,'クリアボディ'),(29,3,'클리어바디'),(29,4,'恆淨之軀'),(29,5,'Corps Sain'),(29,6,'Neutraltorso'),(29,7,'Cuerpo Puro'),(29,8,'Corpochiaro'),(29,9,'Clear Body'),(29,11,'クリアボディ'),(29,12,'恒净之躯'),(30,1,'しぜんかいふく'),(30,3,'자연회복'),(30,4,'自然回復'),(30,5,'Médic Nature'),(30,6,'Innere Kraft'),(30,7,'Cura Natural'),(30,8,'Alternacura'),(30,9,'Natural Cure'),(30,11,'しぜんかいふく'),(30,12,'自然回复'),(31,1,'ひらいしん'),(31,3,'피뢰침'),(31,4,'避雷針'),(31,5,'Paratonnerre'),(31,6,'Blitzfänger'),(31,7,'Pararrayos'),(31,8,'Parafulmine'),(31,9,'Lightning Rod'),(31,11,'ひらいしん'),(31,12,'避雷针'),(32,1,'てんのめぐみ'),(32,3,'하늘의은총'),(32,4,'天恩'),(32,5,'Sérénité'),(32,6,'Edelmut'),(32,7,'Dicha'),(32,8,'Leggiadro'),(32,9,'Serene Grace'),(32,11,'てんのめぐみ'),(32,12,'天恩'),(33,1,'すいすい'),(33,3,'쓱쓱'),(33,4,'悠游自如'),(33,5,'Glissade'),(33,6,'Wassertempo'),(33,7,'Nado Rápido'),(33,8,'Nuotovelox'),(33,9,'Swift Swim'),(33,11,'すいすい'),(33,12,'悠游自如'),(34,1,'ようりょくそ'),(34,3,'엽록소'),(34,4,'葉綠素'),(34,5,'Chlorophylle'),(34,6,'Chlorophyll'),(34,7,'Clorofila'),(34,8,'Clorofilla'),(34,9,'Chlorophyll'),(34,11,'ようりょくそ'),(34,12,'叶绿素'),(35,1,'はっこう'),(35,3,'발광'),(35,4,'發光'),(35,5,'Lumiattirance'),(35,6,'Erleuchtung'),(35,7,'Iluminación'),(35,8,'Risplendi'),(35,9,'Illuminate'),(35,11,'はっこう'),(35,12,'发光'),(36,1,'トレース'),(36,3,'트레이스'),(36,4,'複製'),(36,5,'Calque'),(36,6,'Erfassen'),(36,7,'Rastro'),(36,8,'Traccia'),(36,9,'Trace'),(36,11,'トレース'),(36,12,'复制'),(37,1,'ちからもち'),(37,3,'천하장사'),(37,4,'大力士'),(37,5,'Coloforce'),(37,6,'Kraftkoloss'),(37,7,'Potencia'),(37,8,'Macroforza'),(37,9,'Huge Power'),(37,11,'ちからもち'),(37,12,'大力士'),(38,1,'どくのトゲ'),(38,3,'독가시'),(38,4,'毒刺'),(38,5,'Point Poison'),(38,6,'Giftdorn'),(38,7,'Punto Tóxico'),(38,8,'Velenopunto'),(38,9,'Poison Point'),(38,11,'どくのトゲ'),(38,12,'毒刺'),(39,1,'せいしんりょく'),(39,3,'정신력'),(39,4,'精神力'),(39,5,'Attention'),(39,6,'Konzentrator'),(39,7,'Foco Interno'),(39,8,'Forza Interiore'),(39,9,'Inner Focus'),(39,11,'せいしんりょく'),(39,12,'精神力'),(40,1,'マグマのよろい'),(40,3,'마그마의무장'),(40,4,'熔岩鎧甲'),(40,5,'Armumagma'),(40,6,'Magmapanzer'),(40,7,'Escudo Magma'),(40,8,'Magmascudo'),(40,9,'Magma Armor'),(40,11,'マグマのよろい'),(40,12,'熔岩铠甲'),(41,1,'みずのベール'),(41,3,'수의베일'),(41,4,'水幕'),(41,5,'Ignifu-Voile'),(41,6,'Aquahülle'),(41,7,'Velo Agua'),(41,8,'Idrovelo'),(41,9,'Water Veil'),(41,11,'みずのベール'),(41,12,'水幕'),(42,1,'じりょく'),(42,3,'자력'),(42,4,'磁力'),(42,5,'Magnépiège'),(42,6,'Magnetfalle'),(42,7,'Imán'),(42,8,'Magnetismo'),(42,9,'Magnet Pull'),(42,11,'じりょく'),(42,12,'磁力'),(43,1,'ぼうおん'),(43,3,'방음'),(43,4,'隔音'),(43,5,'Anti-Bruit'),(43,6,'Lärmschutz'),(43,7,'Insonorizar'),(43,8,'Antisuono'),(43,9,'Soundproof'),(43,11,'ぼうおん'),(43,12,'隔音'),(44,1,'あめうけざら'),(44,3,'젖은접시'),(44,4,'雨盤'),(44,5,'Cuvette'),(44,6,'Regengenuss'),(44,7,'Cura Lluvia'),(44,8,'Copripioggia'),(44,9,'Rain Dish'),(44,11,'あめうけざら'),(44,12,'雨盘'),(45,1,'すなおこし'),(45,3,'모래날림'),(45,4,'揚沙'),(45,5,'Sable Volant'),(45,6,'Sandsturm'),(45,7,'Chorro Arena'),(45,8,'Sabbiafiume'),(45,9,'Sand Stream'),(45,11,'すなおこし'),(45,12,'扬沙'),(46,1,'プレッシャー'),(46,3,'프레셔'),(46,4,'壓迫感'),(46,5,'Pression'),(46,6,'Erzwinger'),(46,7,'Presión'),(46,8,'Pressione'),(46,9,'Pressure'),(46,11,'プレッシャー'),(46,12,'压迫感'),(47,1,'あついしぼう'),(47,3,'두꺼운지방'),(47,4,'厚脂肪'),(47,5,'Isograisse'),(47,6,'Speckschicht'),(47,7,'Sebo'),(47,8,'Grassospesso'),(47,9,'Thick Fat'),(47,11,'あついしぼう'),(47,12,'厚脂肪'),(48,1,'はやおき'),(48,3,'일찍기상'),(48,4,'早起'),(48,5,'Matinal'),(48,6,'Frühwecker'),(48,7,'Madrugar'),(48,8,'Sveglialampo'),(48,9,'Early Bird'),(48,11,'はやおき'),(48,12,'早起'),(49,1,'ほのおのからだ'),(49,3,'불꽃몸'),(49,4,'火焰之軀'),(49,5,'Corps Ardent'),(49,6,'Flammkörper'),(49,7,'Cuerpo Llama'),(49,8,'Corpodifuoco'),(49,9,'Flame Body'),(49,11,'ほのおのからだ'),(49,12,'火焰之躯'),(50,1,'にげあし'),(50,3,'도주'),(50,4,'逃跑'),(50,5,'Fuite'),(50,6,'Angsthase'),(50,7,'Fuga'),(50,8,'Fugafacile'),(50,9,'Run Away'),(50,11,'にげあし'),(50,12,'逃跑'),(51,1,'するどいめ'),(51,3,'날카로운눈'),(51,4,'銳利目光'),(51,5,'Regard Vif'),(51,6,'Adlerauge'),(51,7,'Vista Lince'),(51,8,'Sguardofermo'),(51,9,'Keen Eye'),(51,11,'するどいめ'),(51,12,'锐利目光'),(52,1,'かいりきバサミ'),(52,3,'괴력집게'),(52,4,'怪力鉗'),(52,5,'Hyper Cutter'),(52,6,'Scherenmacht'),(52,7,'Corte Fuerte'),(52,8,'Ipertaglio'),(52,9,'Hyper Cutter'),(52,11,'かいりきバサミ'),(52,12,'怪力钳'),(53,1,'ものひろい'),(53,3,'픽업'),(53,4,'撿拾'),(53,5,'Ramassage'),(53,6,'Mitnahme'),(53,7,'Recogida'),(53,8,'Raccolta'),(53,9,'Pickup'),(53,11,'ものひろい'),(53,12,'捡拾'),(54,1,'なまけ'),(54,3,'게으름'),(54,4,'懶惰'),(54,5,'Absentéisme'),(54,6,'Schnarchnase'),(54,7,'Ausente'),(54,8,'Pigrone'),(54,9,'Truant'),(54,11,'なまけ'),(54,12,'懒惰'),(55,1,'はりきり'),(55,3,'의욕'),(55,4,'活力'),(55,5,'Agitation'),(55,6,'Übereifer'),(55,7,'Entusiasmo'),(55,8,'Tuttafretta'),(55,9,'Hustle'),(55,11,'はりきり'),(55,12,'活力'),(56,1,'メロメロボディ'),(56,3,'헤롱헤롱바디'),(56,4,'迷人之軀'),(56,5,'Joli Sourire'),(56,6,'Charmebolzen'),(56,7,'Gran Encanto'),(56,8,'Incantevole'),(56,9,'Cute Charm'),(56,11,'メロメロボディ'),(56,12,'迷人之躯'),(57,1,'プラス'),(57,3,'플러스'),(57,4,'正電'),(57,5,'Plus'),(57,6,'Plus'),(57,7,'Más'),(57,8,'Più'),(57,9,'Plus'),(57,11,'プラス'),(57,12,'正电'),(58,1,'マイナス'),(58,3,'마이너스'),(58,4,'負電'),(58,5,'Moins'),(58,6,'Minus'),(58,7,'Menos'),(58,8,'Meno'),(58,9,'Minus'),(58,11,'マイナス'),(58,12,'负电'),(59,1,'てんきや'),(59,3,'기분파'),(59,4,'陰晴不定'),(59,5,'Météo'),(59,6,'Prognose'),(59,7,'Predicción'),(59,8,'Previsioni'),(59,9,'Forecast'),(59,11,'てんきや'),(59,12,'阴晴不定'),(60,1,'ねんちゃく'),(60,3,'점착'),(60,4,'黏著'),(60,5,'Glu'),(60,6,'Klebekörper'),(60,7,'Viscosidad'),(60,8,'Antifurto'),(60,9,'Sticky Hold'),(60,11,'ねんちゃく'),(60,12,'黏着'),(61,1,'だっぴ'),(61,3,'탈피'),(61,4,'蛻皮'),(61,5,'Mue'),(61,6,'Expidermis'),(61,7,'Mudar'),(61,8,'Muta'),(61,9,'Shed Skin'),(61,11,'だっぴ'),(61,12,'蜕皮'),(62,1,'こんじょう'),(62,3,'근성'),(62,4,'毅力'),(62,5,'Cran'),(62,6,'Adrenalin'),(62,7,'Agallas'),(62,8,'Dentistretti'),(62,9,'Guts'),(62,11,'こんじょう'),(62,12,'毅力'),(63,1,'ふしぎなうろこ'),(63,3,'이상한비늘'),(63,4,'神奇鱗片'),(63,5,'Écaille Spéciale'),(63,6,'Notschutz'),(63,7,'Escama Especial'),(63,8,'Pelledura'),(63,9,'Marvel Scale'),(63,11,'ふしぎなうろこ'),(63,12,'神奇鳞片'),(64,1,'ヘドロえき'),(64,3,'해감액'),(64,4,'污泥漿'),(64,5,'Suintement'),(64,6,'Kloakensoße'),(64,7,'Lodo Líquido'),(64,8,'Melma'),(64,9,'Liquid Ooze'),(64,11,'ヘドロえき'),(64,12,'污泥浆'),(65,1,'しんりょく'),(65,3,'심록'),(65,4,'茂盛'),(65,5,'Engrais'),(65,6,'Notdünger'),(65,7,'Espesura'),(65,8,'Erbaiuto'),(65,9,'Overgrow'),(65,11,'しんりょく'),(65,12,'茂盛'),(66,1,'もうか'),(66,3,'맹화'),(66,4,'猛火'),(66,5,'Brasier'),(66,6,'Großbrand'),(66,7,'Mar Llamas'),(66,8,'Aiutofuoco'),(66,9,'Blaze'),(66,11,'もうか'),(66,12,'猛火'),(67,1,'げきりゅう'),(67,3,'급류'),(67,4,'激流'),(67,5,'Torrent'),(67,6,'Sturzbach'),(67,7,'Torrente'),(67,8,'Acquaiuto'),(67,9,'Torrent'),(67,11,'げきりゅう'),(67,12,'激流'),(68,1,'むしのしらせ'),(68,3,'벌레의알림'),(68,4,'蟲之預感'),(68,5,'Essaim'),(68,6,'Hexaplaga'),(68,7,'Enjambre'),(68,8,'Aiutinsetto'),(68,9,'Swarm'),(68,11,'むしのしらせ'),(68,12,'虫之预感'),(69,1,'いしあたま'),(69,3,'돌머리'),(69,4,'堅硬腦袋'),(69,5,'Tête de Roc'),(69,6,'Steinhaupt'),(69,7,'Cabeza Roca'),(69,8,'Testadura'),(69,9,'Rock Head'),(69,11,'いしあたま'),(69,12,'坚硬脑袋'),(70,1,'ひでり'),(70,3,'가뭄'),(70,4,'日照'),(70,5,'Sécheresse'),(70,6,'Dürre'),(70,7,'Sequía'),(70,8,'Siccità'),(70,9,'Drought'),(70,11,'ひでり'),(70,12,'日照'),(71,1,'ありじごく'),(71,3,'개미지옥'),(71,4,'沙穴'),(71,5,'Piège Sable'),(71,6,'Ausweglos'),(71,7,'Trampa Arena'),(71,8,'Trappoarena'),(71,9,'Arena Trap'),(71,11,'ありじごく'),(71,12,'沙穴'),(72,1,'やるき'),(72,3,'의기양양'),(72,4,'幹勁'),(72,5,'Esprit Vital'),(72,6,'Munterkeit'),(72,7,'Espíritu Vital'),(72,8,'Spiritovivo'),(72,9,'Vital Spirit'),(72,11,'やるき'),(72,12,'干劲'),(73,1,'しろいけむり'),(73,3,'하얀연기'),(73,4,'白色煙霧'),(73,5,'Écran Fumée'),(73,6,'Pulverrauch'),(73,7,'Humo Blanco'),(73,8,'Fumochiaro'),(73,9,'White Smoke'),(73,11,'しろいけむり'),(73,12,'白色烟雾'),(74,1,'ヨガパワー'),(74,3,'순수한힘'),(74,4,'瑜伽之力'),(74,5,'Force Pure'),(74,6,'Mentalkraft'),(74,7,'Energía Pura'),(74,8,'Forzapura'),(74,9,'Pure Power'),(74,11,'ヨガパワー'),(74,12,'瑜伽之力'),(75,1,'シェルアーマー'),(75,3,'조가비갑옷'),(75,4,'硬殼盔甲'),(75,5,'Coque Armure'),(75,6,'Panzerhaut'),(75,7,'Caparazón'),(75,8,'Guscioscudo'),(75,9,'Shell Armor'),(75,11,'シェルアーマー'),(75,12,'硬壳盔甲'),(76,1,'エアロック'),(76,3,'에어록'),(76,4,'氣閘'),(76,5,'Air Lock'),(76,6,'Klimaschutz'),(76,7,'Bucle Aire'),(76,8,'Riparo'),(76,9,'Air Lock'),(76,11,'エアロック'),(76,12,'气闸'),(77,1,'ちどりあし'),(77,3,'갈지자걸음'),(77,4,'蹣跚'),(77,5,'Pieds Confus'),(77,6,'Fußangel'),(77,7,'Tumbos'),(77,8,'Intricopiedi'),(77,9,'Tangled Feet'),(77,11,'ちどりあし'),(77,12,'蹒跚'),(78,1,'でんきエンジン'),(78,3,'전기엔진'),(78,4,'電氣引擎'),(78,5,'Motorisé'),(78,6,'Starthilfe'),(78,7,'Electromotor'),(78,8,'Elettrorapid'),(78,9,'Motor Drive'),(78,11,'でんきエンジン'),(78,12,'电气引擎'),(79,1,'とうそうしん'),(79,3,'투쟁심'),(79,4,'鬥爭心'),(79,5,'Rivalité'),(79,6,'Rivalität'),(79,7,'Rivalidad'),(79,8,'Antagonismo'),(79,9,'Rivalry'),(79,11,'とうそうしん'),(79,12,'斗争心'),(80,1,'ふくつのこころ'),(80,3,'불굴의마음'),(80,4,'不屈之心'),(80,5,'Impassible'),(80,6,'Felsenfest'),(80,7,'Impasible'),(80,8,'Cuordeciso'),(80,9,'Steadfast'),(80,11,'ふくつのこころ'),(80,12,'不屈之心'),(81,1,'ゆきがくれ'),(81,3,'눈숨기'),(81,4,'雪隱'),(81,5,'Rideau Neige'),(81,6,'Schneemantel'),(81,7,'Manto Níveo'),(81,8,'Mantelneve'),(81,9,'Snow Cloak'),(81,11,'ゆきがくれ'),(81,12,'雪隐'),(82,1,'くいしんぼう'),(82,3,'먹보'),(82,4,'貪吃鬼'),(82,5,'Gloutonnerie'),(82,6,'Völlerei'),(82,7,'Gula'),(82,8,'Voracità'),(82,9,'Gluttony'),(82,11,'くいしんぼう'),(82,12,'贪吃鬼'),(83,1,'いかりのつぼ'),(83,3,'분노의경혈'),(83,4,'憤怒穴位'),(83,5,'Colérique'),(83,6,'Kurzschluss'),(83,7,'Irascible'),(83,8,'Grancollera'),(83,9,'Anger Point'),(83,11,'いかりのつぼ'),(83,12,'愤怒穴位'),(84,1,'かるわざ'),(84,3,'곡예'),(84,4,'輕裝'),(84,5,'Délestage'),(84,6,'Entlastung'),(84,7,'Liviano'),(84,8,'Agiltecnica'),(84,9,'Unburden'),(84,11,'かるわざ'),(84,12,'轻装'),(85,1,'たいねつ'),(85,3,'내열'),(85,4,'耐熱'),(85,5,'Ignifugé'),(85,6,'Hitzeschutz'),(85,7,'Ignífugo'),(85,8,'Antifuoco'),(85,9,'Heatproof'),(85,11,'たいねつ'),(85,12,'耐热'),(86,1,'たんじゅん'),(86,3,'단순'),(86,4,'單純'),(86,5,'Simple'),(86,6,'Wankelmut'),(86,7,'Simple'),(86,8,'Disinvoltura'),(86,9,'Simple'),(86,11,'たんじゅん'),(86,12,'单纯'),(87,1,'かんそうはだ'),(87,3,'건조피부'),(87,4,'乾燥皮膚'),(87,5,'Peau Sèche'),(87,6,'Trockenheit'),(87,7,'Piel Seca'),(87,8,'Pellearsa'),(87,9,'Dry Skin'),(87,11,'かんそうはだ'),(87,12,'干燥皮肤'),(88,1,'ダウンロード'),(88,3,'다운로드'),(88,4,'下載'),(88,5,'Télécharge'),(88,6,'Download'),(88,7,'Descarga'),(88,8,'Download'),(88,9,'Download'),(88,11,'ダウンロード'),(88,12,'下载'),(89,1,'てつのこぶし'),(89,3,'철주먹'),(89,4,'鐵拳'),(89,5,'Poing de Fer'),(89,6,'Eisenfaust'),(89,7,'Puño Férreo'),(89,8,'Ferropugno'),(89,9,'Iron Fist'),(89,11,'てつのこぶし'),(89,12,'铁拳'),(90,1,'ポイズンヒール'),(90,3,'포이즌힐'),(90,4,'毒療'),(90,5,'Soin Poison'),(90,6,'Aufheber'),(90,7,'Antídoto'),(90,8,'Velencura'),(90,9,'Poison Heal'),(90,11,'ポイズンヒール'),(90,12,'毒疗'),(91,1,'てきおうりょく'),(91,3,'적응력'),(91,4,'適應力'),(91,5,'Adaptabilité'),(91,6,'Anpassung'),(91,7,'Adaptable'),(91,8,'Adattabilità'),(91,9,'Adaptability'),(91,11,'てきおうりょく'),(91,12,'适应力'),(92,1,'スキルリンク'),(92,3,'스킬링크'),(92,4,'連續攻擊'),(92,5,'Multi-Coups'),(92,6,'Wertelink'),(92,7,'Encadenado'),(92,8,'Abillegame'),(92,9,'Skill Link'),(92,11,'スキルリンク'),(92,12,'连续攻击'),(93,1,'うるおいボディ'),(93,3,'촉촉바디'),(93,4,'濕潤之軀'),(93,5,'Hydratation'),(93,6,'Hydration'),(93,7,'Hidratación'),(93,8,'Idratazione'),(93,9,'Hydration'),(93,11,'うるおいボディ'),(93,12,'湿润之躯'),(94,1,'サンパワー'),(94,3,'선파워'),(94,4,'太陽之力'),(94,5,'Force Soleil'),(94,6,'Solarkraft'),(94,7,'Poder Solar'),(94,8,'Solarpotere'),(94,9,'Solar Power'),(94,11,'サンパワー'),(94,12,'太阳之力'),(95,1,'はやあし'),(95,3,'속보'),(95,4,'飛毛腿'),(95,5,'Pied Véloce'),(95,6,'Rasanz'),(95,7,'Pies Rápidos'),(95,8,'Piedisvelti'),(95,9,'Quick Feet'),(95,11,'はやあし'),(95,12,'飞毛腿'),(96,1,'ノーマルスキン'),(96,3,'노말스킨'),(96,4,'一般皮膚'),(96,5,'Normalise'),(96,6,'Regulierung'),(96,7,'Normalidad'),(96,8,'Normalità'),(96,9,'Normalize'),(96,11,'ノーマルスキン'),(96,12,'一般皮肤'),(97,1,'スナイパー'),(97,3,'스나이퍼'),(97,4,'狙擊手'),(97,5,'Sniper'),(97,6,'Superschütze'),(97,7,'Francotirador'),(97,8,'Cecchino'),(97,9,'Sniper'),(97,11,'スナイパー'),(97,12,'狙击手'),(98,1,'マジックガード'),(98,3,'매직가드'),(98,4,'魔法防守'),(98,5,'Garde Magik'),(98,6,'Magieschild'),(98,7,'Muro Mágico'),(98,8,'Magicscudo'),(98,9,'Magic Guard'),(98,11,'マジックガード'),(98,12,'魔法防守'),(99,1,'ノーガード'),(99,3,'노가드'),(99,4,'無防守'),(99,5,'Annule Garde'),(99,6,'Schildlos'),(99,7,'Indefenso'),(99,8,'Nullodifesa'),(99,9,'No Guard'),(99,11,'ノーガード'),(99,12,'无防守'),(100,1,'あとだし'),(100,3,'시간벌기'),(100,4,'慢出'),(100,5,'Frein'),(100,6,'Zeitspiel'),(100,7,'Rezagado'),(100,8,'Rallentatore'),(100,9,'Stall'),(100,11,'あとだし'),(100,12,'慢出'),(101,1,'テクニシャン'),(101,3,'테크니션'),(101,4,'技術高手'),(101,5,'Technicien'),(101,6,'Techniker'),(101,7,'Experto'),(101,8,'Tecnico'),(101,9,'Technician'),(101,11,'テクニシャン'),(101,12,'技术高手'),(102,1,'リーフガード'),(102,3,'리프가드'),(102,4,'葉子防守'),(102,5,'Feuille Garde'),(102,6,'Floraschild'),(102,7,'Defensa Hoja'),(102,8,'Fogliamanto'),(102,9,'Leaf Guard'),(102,11,'リーフガード'),(102,12,'叶子防守'),(103,1,'ぶきよう'),(103,3,'서투름'),(103,4,'笨拙'),(103,5,'Maladresse'),(103,6,'Tollpatsch'),(103,7,'Zoquete'),(103,8,'Impaccio'),(103,9,'Klutz'),(103,11,'ぶきよう'),(103,12,'笨拙'),(104,1,'かたやぶり'),(104,3,'틀깨기'),(104,4,'破格'),(104,5,'Brise Moule'),(104,6,'Überbrückung'),(104,7,'Rompemoldes'),(104,8,'Rompiforma'),(104,9,'Mold Breaker'),(104,11,'かたやぶり'),(104,12,'破格'),(105,1,'きょううん'),(105,3,'대운'),(105,4,'超幸運'),(105,5,'Chanceux'),(105,6,'Glückspilz'),(105,7,'Afortunado'),(105,8,'Supersorte'),(105,9,'Super Luck'),(105,11,'きょううん'),(105,12,'超幸运'),(106,1,'ゆうばく'),(106,3,'유폭'),(106,4,'引爆'),(106,5,'Boom Final'),(106,6,'Finalschlag'),(106,7,'Detonación'),(106,8,'Scoppio'),(106,9,'Aftermath'),(106,11,'ゆうばく'),(106,12,'引爆'),(107,1,'きけんよち'),(107,3,'위험예지'),(107,4,'危險預知'),(107,5,'Anticipation'),(107,6,'Vorahnung'),(107,7,'Anticipación'),(107,8,'Presagio'),(107,9,'Anticipation'),(107,11,'きけんよち'),(107,12,'危险预知'),(108,1,'よちむ'),(108,3,'예지몽'),(108,4,'預知夢'),(108,5,'Prédiction'),(108,6,'Vorwarnung'),(108,7,'Alerta'),(108,8,'Premonizione'),(108,9,'Forewarn'),(108,11,'よちむ'),(108,12,'预知梦'),(109,1,'てんねん'),(109,3,'천진'),(109,4,'純樸'),(109,5,'Inconscient'),(109,6,'Unkenntnis'),(109,7,'Ignorante'),(109,8,'Imprudenza'),(109,9,'Unaware'),(109,11,'てんねん'),(109,12,'纯朴'),(110,1,'いろめがね'),(110,3,'색안경'),(110,4,'有色眼鏡'),(110,5,'Lentiteintée'),(110,6,'Aufwertung'),(110,7,'Cromolente'),(110,8,'Lentifumé'),(110,9,'Tinted Lens'),(110,11,'いろめがね'),(110,12,'有色眼镜'),(111,1,'フィルター'),(111,3,'필터'),(111,4,'過濾'),(111,5,'Filtre'),(111,6,'Filter'),(111,7,'Filtro'),(111,8,'Filtro'),(111,9,'Filter'),(111,11,'フィルター'),(111,12,'过滤'),(112,1,'スロースタート'),(112,3,'슬로스타트'),(112,4,'慢啟動'),(112,5,'Début Calme'),(112,6,'Saumselig'),(112,7,'Inicio Lento'),(112,8,'Lentoinizio'),(112,9,'Slow Start'),(112,11,'スロースタート'),(112,12,'慢启动'),(113,1,'きもったま'),(113,3,'배짱'),(113,4,'膽量'),(113,5,'Querelleur'),(113,6,'Rauflust'),(113,7,'Intrépido'),(113,8,'Nervisaldi'),(113,9,'Scrappy'),(113,11,'きもったま'),(113,12,'胆量'),(114,1,'よびみず'),(114,3,'마중물'),(114,4,'引水'),(114,5,'Lavabo'),(114,6,'Sturmsog'),(114,7,'Colector'),(114,8,'Acquascolo'),(114,9,'Storm Drain'),(114,11,'よびみず'),(114,12,'引水'),(115,1,'アイスボディ'),(115,3,'아이스바디'),(115,4,'冰凍之軀'),(115,5,'Corps Gel'),(115,6,'Eishaut'),(115,7,'Gélido'),(115,8,'Corpogelo'),(115,9,'Ice Body'),(115,11,'アイスボディ'),(115,12,'冰冻之躯'),(116,1,'ハードロック'),(116,3,'하드록'),(116,4,'堅硬岩石'),(116,5,'Solide Roc'),(116,6,'Felskern'),(116,7,'Roca Sólida'),(116,8,'Solidroccia'),(116,9,'Solid Rock'),(116,11,'ハードロック'),(116,12,'坚硬岩石'),(117,1,'ゆきふらし'),(117,3,'눈퍼뜨리기'),(117,4,'降雪'),(117,5,'Alerte Neige'),(117,6,'Hagelalarm'),(117,7,'Nevada'),(117,8,'Scendineve'),(117,9,'Snow Warning'),(117,11,'ゆきふらし'),(117,12,'降雪'),(118,1,'みつあつめ'),(118,3,'꿀모으기'),(118,4,'採蜜'),(118,5,'Cherche Miel'),(118,6,'Honigmaul'),(118,7,'Recogemiel'),(118,8,'Mielincetta'),(118,9,'Honey Gather'),(118,11,'みつあつめ'),(118,12,'采蜜'),(119,1,'おみとおし'),(119,3,'통찰'),(119,4,'察覺'),(119,5,'Fouille'),(119,6,'Schnüffler'),(119,7,'Cacheo'),(119,8,'Indagine'),(119,9,'Frisk'),(119,11,'おみとおし'),(119,12,'察觉'),(120,1,'すてみ'),(120,3,'이판사판'),(120,4,'捨身'),(120,5,'Téméraire'),(120,6,'Achtlos'),(120,7,'Audaz'),(120,8,'Temerarietà'),(120,9,'Reckless'),(120,11,'すてみ'),(120,12,'舍身'),(121,1,'マルチタイプ'),(121,3,'멀티타입'),(121,4,'多屬性'),(121,5,'Multi-Type'),(121,6,'Variabilität'),(121,7,'Multitipo'),(121,8,'Multitipo'),(121,9,'Multitype'),(121,11,'マルチタイプ'),(121,12,'多属性'),(122,1,'フラワーギフト'),(122,3,'플라워기프트'),(122,4,'花之禮'),(122,5,'Don Floral'),(122,6,'Pflanzengabe'),(122,7,'Don Floral'),(122,8,'Regalfiore'),(122,9,'Flower Gift'),(122,11,'フラワーギフト'),(122,12,'花之礼'),(123,1,'ナイトメア'),(123,3,'나이트메어'),(123,4,'夢魘'),(123,5,'Mauvais Rêve'),(123,6,'Alptraum'),(123,7,'Mal Sueño'),(123,8,'Sogniamari'),(123,9,'Bad Dreams'),(123,11,'ナイトメア'),(123,12,'梦魇'),(124,1,'わるいてぐせ'),(124,3,'나쁜손버릇'),(124,4,'順手牽羊'),(124,5,'Pickpocket'),(124,6,'Langfinger'),(124,7,'Hurto'),(124,8,'Arraffalesto'),(124,9,'Pickpocket'),(124,11,'わるいてぐせ'),(124,12,'顺手牵羊'),(125,1,'ちからずく'),(125,3,'우격다짐'),(125,4,'強行'),(125,5,'Sans Limite'),(125,6,'Rohe Gewalt'),(125,7,'Potencia Bruta'),(125,8,'Forzabruta'),(125,9,'Sheer Force'),(125,11,'ちからずく'),(125,12,'强行'),(126,1,'あまのじゃく'),(126,3,'심술꾸러기'),(126,4,'唱反調'),(126,5,'Contestation'),(126,6,'Umkehrung'),(126,7,'Respondón'),(126,8,'Inversione'),(126,9,'Contrary'),(126,11,'あまのじゃく'),(126,12,'唱反调'),(127,1,'きんちょうかん'),(127,3,'긴장감'),(127,4,'緊張感'),(127,5,'Tension'),(127,6,'Anspannung'),(127,7,'Nerviosismo'),(127,8,'Agitazione'),(127,9,'Unnerve'),(127,11,'きんちょうかん'),(127,12,'紧张感'),(128,1,'まけんき'),(128,3,'오기'),(128,4,'不服輸'),(128,5,'Acharné'),(128,6,'Siegeswille'),(128,7,'Competitivo'),(128,8,'Agonismo'),(128,9,'Defiant'),(128,11,'まけんき'),(128,12,'不服输'),(129,1,'よわき'),(129,3,'무기력'),(129,4,'軟弱'),(129,5,'Défaitiste'),(129,6,'Schwächling'),(129,7,'Flaqueza'),(129,8,'Sconforto'),(129,9,'Defeatist'),(129,11,'よわき'),(129,12,'软弱'),(130,1,'のろわれボディ'),(130,3,'저주받은바디'),(130,4,'詛咒之軀'),(130,5,'Corps Maudit'),(130,6,'Tastfluch'),(130,7,'Cuerpo Maldito'),(130,8,'Corpofunesto'),(130,9,'Cursed Body'),(130,11,'のろわれボディ'),(130,12,'诅咒之躯'),(131,1,'いやしのこころ'),(131,3,'치유의마음'),(131,4,'治癒之心'),(131,5,'Cœur Soin'),(131,6,'Heilherz'),(131,7,'Alma Cura'),(131,8,'Curacuore'),(131,9,'Healer'),(131,11,'いやしのこころ'),(131,12,'治愈之心'),(132,1,'フレンドガード'),(132,3,'프렌드가드'),(132,4,'友情防守'),(132,5,'Garde-Ami'),(132,6,'Freundeshut'),(132,7,'Compiescolta'),(132,8,'Amicoscudo'),(132,9,'Friend Guard'),(132,11,'フレンドガード'),(132,12,'友情防守'),(133,1,'くだけるよろい'),(133,3,'깨어진갑옷'),(133,4,'碎裂鎧甲'),(133,5,'Armurouillée'),(133,6,'Bruchrüstung'),(133,7,'Armadura Frágil'),(133,8,'Sottilguscio'),(133,9,'Weak Armor'),(133,11,'くだけるよろい'),(133,12,'碎裂铠甲'),(134,1,'ヘヴィメタル'),(134,3,'헤비메탈'),(134,4,'重金屬'),(134,5,'Heavy Metal'),(134,6,'Schwermetall'),(134,7,'Metal Pesado'),(134,8,'Metalpesante'),(134,9,'Heavy Metal'),(134,11,'ヘヴィメタル'),(134,12,'重金属'),(135,1,'ライトメタル'),(135,3,'라이트메탈'),(135,4,'輕金屬'),(135,5,'Light Metal'),(135,6,'Leichtmetall'),(135,7,'Metal Liviano'),(135,8,'Metalleggero'),(135,9,'Light Metal'),(135,11,'ライトメタル'),(135,12,'轻金属'),(136,1,'マルチスケイル'),(136,3,'멀티스케일'),(136,4,'多重鱗片'),(136,5,'Multiécaille'),(136,6,'Multischuppe'),(136,7,'Multiescamas'),(136,8,'Multisquame'),(136,9,'Multiscale'),(136,11,'マルチスケイル'),(136,12,'多重鳞片'),(137,1,'どくぼうそう'),(137,3,'독폭주'),(137,4,'中毒激升'),(137,5,'Rage Poison'),(137,6,'Giftwahn'),(137,7,'Ímpetu Tóxico'),(137,8,'Velenimpeto'),(137,9,'Toxic Boost'),(137,11,'どくぼうそう'),(137,12,'中毒激升'),(138,1,'ねつぼうそう'),(138,3,'열폭주'),(138,4,'受熱激升'),(138,5,'Rage Brûlure'),(138,6,'Hitzewahn'),(138,7,'Ímpetu Ardiente'),(138,8,'Bruciaimpeto'),(138,9,'Flare Boost'),(138,11,'ねつぼうそう'),(138,12,'受热激升'),(139,1,'しゅうかく'),(139,3,'수확'),(139,4,'收穫'),(139,5,'Récolte'),(139,6,'Reiche Ernte'),(139,7,'Cosecha'),(139,8,'Coglibacche'),(139,9,'Harvest'),(139,11,'しゅうかく'),(139,12,'收获'),(140,1,'テレパシー'),(140,3,'텔레파시'),(140,4,'心靈感應'),(140,5,'Télépathe'),(140,6,'Telepathie'),(140,7,'Telepatía'),(140,8,'Telepatia'),(140,9,'Telepathy'),(140,11,'テレパシー'),(140,12,'心灵感应'),(141,1,'ムラっけ'),(141,3,'변덕쟁이'),(141,4,'心情不定'),(141,5,'Lunatique'),(141,6,'Gefühlswippe'),(141,7,'Veleta'),(141,8,'Altalena'),(141,9,'Moody'),(141,11,'ムラっけ'),(141,12,'心情不定'),(142,1,'ぼうじん'),(142,3,'방진'),(142,4,'防塵'),(142,5,'Envelocape'),(142,6,'Partikelschutz'),(142,7,'Funda'),(142,8,'Copricapo'),(142,9,'Overcoat'),(142,11,'ぼうじん'),(142,12,'防尘'),(143,1,'どくしゅ'),(143,3,'독수'),(143,4,'毒手'),(143,5,'Toxitouche'),(143,6,'Giftgriff'),(143,7,'Toque Tóxico'),(143,8,'Velentocco'),(143,9,'Poison Touch'),(143,11,'どくしゅ'),(143,12,'毒手'),(144,1,'さいせいりょく'),(144,3,'재생력'),(144,4,'再生力'),(144,5,'Régé-Force'),(144,6,'Belebekraft'),(144,7,'Regeneración'),(144,8,'Rigenergia'),(144,9,'Regenerator'),(144,11,'さいせいりょく'),(144,12,'再生力'),(145,1,'はとむね'),(145,3,'부풀린가슴'),(145,4,'健壯胸肌'),(145,5,'Cœur de Coq'),(145,6,'Brustbieter'),(145,7,'Sacapecho'),(145,8,'Pettinfuori'),(145,9,'Big Pecks'),(145,11,'はとむね'),(145,12,'健壮胸肌'),(146,1,'すなかき'),(146,3,'모래헤치기'),(146,4,'撥沙'),(146,5,'Baigne Sable'),(146,6,'Sandscharrer'),(146,7,'Ímpetu Arena'),(146,8,'Remasabbia'),(146,9,'Sand Rush'),(146,11,'すなかき'),(146,12,'拨沙'),(147,1,'ミラクルスキン'),(147,3,'미라클스킨'),(147,4,'奇跡皮膚'),(147,5,'Peau Miracle'),(147,6,'Wunderhaut'),(147,7,'Piel Milagro'),(147,8,'Splendicute'),(147,9,'Wonder Skin'),(147,11,'ミラクルスキン'),(147,12,'奇迹皮肤'),(148,1,'アナライズ'),(148,3,'애널라이즈'),(148,4,'分析'),(148,5,'Analyste'),(148,6,'Analyse'),(148,7,'Cálculo Final'),(148,8,'Ponderazione'),(148,9,'Analytic'),(148,11,'アナライズ'),(148,12,'分析'),(149,1,'イリュージョン'),(149,3,'일루전'),(149,4,'幻覺'),(149,5,'Illusion'),(149,6,'Trugbild'),(149,7,'Ilusión'),(149,8,'Illusione'),(149,9,'Illusion'),(149,11,'イリュージョン'),(149,12,'幻觉'),(150,1,'かわりもの'),(150,3,'괴짜'),(150,4,'變身者'),(150,5,'Imposteur'),(150,6,'Doppelgänger'),(150,7,'Impostor'),(150,8,'Sosia'),(150,9,'Imposter'),(150,11,'かわりもの'),(150,12,'变身者'),(151,1,'すりぬけ'),(151,3,'틈새포착'),(151,4,'穿透'),(151,5,'Infiltration'),(151,6,'Schwebedurch'),(151,7,'Allanamiento'),(151,8,'Intrapasso'),(151,9,'Infiltrator'),(151,11,'すりぬけ'),(151,12,'穿透'),(152,1,'ミイラ'),(152,3,'미라'),(152,4,'木乃伊'),(152,5,'Momie'),(152,6,'Mumie'),(152,7,'Momia'),(152,8,'Mummia'),(152,9,'Mummy'),(152,11,'ミイラ'),(152,12,'木乃伊'),(153,1,'じしんかじょう'),(153,3,'자기과신'),(153,4,'自信過度'),(153,5,'Impudence'),(153,6,'Hochmut'),(153,7,'Autoestima'),(153,8,'Arroganza'),(153,9,'Moxie'),(153,11,'じしんかじょう'),(153,12,'自信过度'),(154,1,'せいぎのこころ'),(154,3,'정의의마음'),(154,4,'正義之心'),(154,5,'Cœur Noble'),(154,6,'Redlichkeit'),(154,7,'Justiciero'),(154,8,'Giustizia'),(154,9,'Justified'),(154,11,'せいぎのこころ'),(154,12,'正义之心'),(155,1,'びびり'),(155,3,'주눅'),(155,4,'膽怯'),(155,5,'Phobique'),(155,6,'Hasenfuß'),(155,7,'Cobardía'),(155,8,'Paura'),(155,9,'Rattled'),(155,11,'びびり'),(155,12,'胆怯'),(156,1,'マジックミラー'),(156,3,'매직미러'),(156,4,'魔法鏡'),(156,5,'Miroir Magik'),(156,6,'Magiespiegel'),(156,7,'Espejo Mágico'),(156,8,'Magispecchio'),(156,9,'Magic Bounce'),(156,11,'マジックミラー'),(156,12,'魔法镜'),(157,1,'そうしょく'),(157,3,'초식'),(157,4,'食草'),(157,5,'Herbivore'),(157,6,'Vegetarier'),(157,7,'Herbívoro'),(157,8,'Mangiaerba'),(157,9,'Sap Sipper'),(157,11,'そうしょく'),(157,12,'食草'),(158,1,'いたずらごころ'),(158,3,'짓궂은마음'),(158,4,'惡作劇之心'),(158,5,'Farceur'),(158,6,'Strolch'),(158,7,'Bromista'),(158,8,'Burla'),(158,9,'Prankster'),(158,11,'いたずらごころ'),(158,12,'恶作剧之心'),(159,1,'すなのちから'),(159,3,'모래의힘'),(159,4,'沙之力'),(159,5,'Force Sable'),(159,6,'Sandgewalt'),(159,7,'Poder Arena'),(159,8,'Silicoforza'),(159,9,'Sand Force'),(159,11,'すなのちから'),(159,12,'沙之力'),(160,1,'てつのトゲ'),(160,3,'철가시'),(160,4,'鐵刺'),(160,5,'Épine de Fer'),(160,6,'Eisenstachel'),(160,7,'Punta Acero'),(160,8,'Spineferrate'),(160,9,'Iron Barbs'),(160,11,'てつのトゲ'),(160,12,'铁刺'),(161,1,'ダルマモード'),(161,3,'달마모드'),(161,4,'達摩模式'),(161,5,'Mode Transe'),(161,6,'Trance-Modus'),(161,7,'Modo Daruma'),(161,8,'Stato Zen'),(161,9,'Zen Mode'),(161,11,'ダルマモード'),(161,12,'达摩模式'),(162,1,'しょうりのほし'),(162,3,'승리의별'),(162,4,'勝利之星'),(162,5,'Victorieux'),(162,6,'Triumphstern'),(162,7,'Tinovictoria'),(162,8,'Vittorstella'),(162,9,'Victory Star'),(162,11,'しょうりのほし'),(162,12,'胜利之星'),(163,1,'ターボブレイズ'),(163,3,'터보블레이즈'),(163,4,'渦輪火焰'),(163,5,'Turbo Brasier'),(163,6,'Turbobrand'),(163,7,'Turbollama'),(163,8,'Piroturbina'),(163,9,'Turboblaze'),(163,11,'ターボブレイズ'),(163,12,'涡轮火焰'),(164,1,'テラボルテージ'),(164,3,'테라볼티지'),(164,4,'兆級電壓'),(164,5,'Téra-Voltage'),(164,6,'Teravolt'),(164,7,'Terravoltaje'),(164,8,'Teravolt'),(164,9,'Teravolt'),(164,11,'テラボルテージ'),(164,12,'兆级电压'),(165,1,'アロマベール'),(165,3,'아로마베일'),(165,4,'芳香幕'),(165,5,'Aroma-Voile'),(165,6,'Dufthülle'),(165,7,'Velo Aroma'),(165,8,'Aromavelo'),(165,9,'Aroma Veil'),(165,11,'アロマベール'),(165,12,'芳香幕'),(166,1,'フラワーベール'),(166,3,'플라워베일'),(166,4,'花幕'),(166,5,'Flora-Voile'),(166,6,'Blütenhülle'),(166,7,'Velo Flor'),(166,8,'Fiorvelo'),(166,9,'Flower Veil'),(166,11,'フラワーベール'),(166,12,'花幕'),(167,1,'ほおぶくろ'),(167,3,'볼주머니'),(167,4,'頰囊'),(167,5,'Bajoues'),(167,6,'Backentaschen'),(167,7,'Carrillo'),(167,8,'Guancegonfie'),(167,9,'Cheek Pouch'),(167,11,'ほおぶくろ'),(167,12,'颊囊'),(168,1,'へんげんじざい'),(168,3,'변환자재'),(168,4,'變幻自如'),(168,5,'Protéen'),(168,6,'Wandlungskunst'),(168,7,'Mutatipo'),(168,8,'Mutatipo'),(168,9,'Protean'),(168,11,'へんげんじざい'),(168,12,'变幻自如'),(169,1,'ファーコート'),(169,3,'퍼코트'),(169,4,'毛皮大衣'),(169,5,'Toison Épaisse'),(169,6,'Fellkleid'),(169,7,'Pelaje Recio'),(169,8,'Foltopelo'),(169,9,'Fur Coat'),(169,11,'ファーコート'),(169,12,'毛皮大衣'),(170,1,'マジシャン'),(170,3,'매지션'),(170,4,'魔術師'),(170,5,'Magicien'),(170,6,'Zauberer'),(170,7,'Prestidigitador'),(170,8,'Prestigiatore'),(170,9,'Magician'),(170,11,'マジシャン'),(170,12,'魔术师'),(171,1,'ぼうだん'),(171,3,'방탄'),(171,4,'防彈'),(171,5,'Pare-Balles'),(171,6,'Kugelsicher'),(171,7,'Antibalas'),(171,8,'Antiproiettile'),(171,9,'Bulletproof'),(171,11,'ぼうだん'),(171,12,'防弹'),(172,1,'かちき'),(172,3,'승기'),(172,4,'好勝'),(172,5,'Battant'),(172,6,'Unbeugsamkeit'),(172,7,'Tenacidad'),(172,8,'Tenacia'),(172,9,'Competitive'),(172,11,'かちき'),(172,12,'好胜'),(173,1,'がんじょうあご'),(173,3,'옹골찬턱'),(173,4,'強壯之顎'),(173,5,'Prognathe'),(173,6,'Titankiefer'),(173,7,'Mandíbula Fuerte'),(173,8,'Ferromascella'),(173,9,'Strong Jaw'),(173,11,'がんじょうあご'),(173,12,'强壮之颚'),(174,1,'フリーズスキン'),(174,3,'프리즈스킨'),(174,4,'冰凍皮膚'),(174,5,'Peau Gelée'),(174,6,'Frostschicht'),(174,7,'Piel Helada'),(174,8,'Pellegelo'),(174,9,'Refrigerate'),(174,11,'フリーズスキン'),(174,12,'冰冻皮肤'),(175,1,'スイートベール'),(175,3,'스위트베일'),(175,4,'甜幕'),(175,5,'Gluco-Voile'),(175,6,'Zuckerhülle'),(175,7,'Velo Dulce'),(175,8,'Dolcevelo'),(175,9,'Sweet Veil'),(175,11,'スイートベール'),(175,12,'甜幕'),(176,1,'バトルスイッチ'),(176,3,'배틀스위치'),(176,4,'戰鬥切換'),(176,5,'Déclic Tactique'),(176,6,'Taktikwechsel'),(176,7,'Cambio Táctico'),(176,8,'Accendilotta'),(176,9,'Stance Change'),(176,11,'バトルスイッチ'),(176,12,'战斗切换'),(177,1,'はやてのつばさ'),(177,3,'질풍날개'),(177,4,'疾風之翼'),(177,5,'Ailes Bourrasque'),(177,6,'Orkanschwingen'),(177,7,'Alas Vendaval'),(177,8,'Aliraffica'),(177,9,'Gale Wings'),(177,11,'はやてのつばさ'),(177,12,'疾风之翼'),(178,1,'メガランチャー'),(178,3,'메가런처'),(178,4,'超級發射器'),(178,5,'Méga Blaster'),(178,6,'Megawumme'),(178,7,'Megadisparador'),(178,8,'Megalancio'),(178,9,'Mega Launcher'),(178,11,'メガランチャー'),(178,12,'超级发射器'),(179,1,'くさのけがわ'),(179,3,'풀모피'),(179,4,'草之毛皮'),(179,5,'Toison Herbue'),(179,6,'Pflanzenpelz'),(179,7,'Manto Frondoso'),(179,8,'Peloderba'),(179,9,'Grass Pelt'),(179,11,'くさのけがわ'),(179,12,'草之毛皮'),(180,1,'きょうせい'),(180,3,'공생'),(180,4,'共生'),(180,5,'Symbiose'),(180,6,'Nutznießer'),(180,7,'Simbiosis'),(180,8,'Simbiosi'),(180,9,'Symbiosis'),(180,11,'きょうせい'),(180,12,'共生'),(181,1,'かたいツメ'),(181,3,'단단한발톱'),(181,4,'硬爪'),(181,5,'Griffe Dure'),(181,6,'Krallenwucht'),(181,7,'Garra Dura'),(181,8,'Unghiedure'),(181,9,'Tough Claws'),(181,11,'かたいツメ'),(181,12,'硬爪'),(182,1,'フェアリースキン'),(182,3,'페어리스킨'),(182,4,'妖精皮膚'),(182,5,'Peau Féérique'),(182,6,'Feenschicht'),(182,7,'Piel Feérica'),(182,8,'Pellefolletto'),(182,9,'Pixilate'),(182,11,'フェアリースキン'),(182,12,'妖精皮肤'),(183,1,'ぬめぬめ'),(183,3,'미끈미끈'),(183,4,'黏滑'),(183,5,'Poisseux'),(183,6,'Viskosität'),(183,7,'Baba'),(183,8,'Viscosità'),(183,9,'Gooey'),(183,11,'ぬめぬめ'),(183,12,'黏滑'),(184,1,'スカイスキン'),(184,3,'스카이스킨'),(184,4,'飛行皮膚'),(184,5,'Peau Céleste'),(184,6,'Zenithaut'),(184,7,'Piel Celeste'),(184,8,'Pellecielo'),(184,9,'Aerilate'),(184,11,'スカイスキン'),(184,12,'飞行皮肤'),(185,1,'おやこあい'),(185,3,'부자유친'),(185,4,'親子愛'),(185,5,'Amour Filial'),(185,6,'Familienbande'),(185,7,'Amor Filial'),(185,8,'Amorefiliale'),(185,9,'Parental Bond'),(185,11,'おやこあい'),(185,12,'亲子爱'),(186,1,'ダークオーラ'),(186,3,'다크오라'),(186,4,'暗黑氣場'),(186,5,'Aura Ténébreuse'),(186,6,'Dunkelaura'),(186,7,'Aura Oscura'),(186,8,'Auratetra'),(186,9,'Dark Aura'),(186,11,'ダークオーラ'),(186,12,'暗黑气场'),(187,1,'フェアリーオーラ'),(187,3,'페어리오라'),(187,4,'妖精氣場'),(187,5,'Aura Féérique'),(187,6,'Feenaura'),(187,7,'Aura Feérica'),(187,8,'Aurafolletto'),(187,9,'Fairy Aura'),(187,11,'フェアリーオーラ'),(187,12,'妖精气场'),(188,1,'オーラブレイク'),(188,3,'오라브레이크'),(188,4,'氣場破壞'),(188,5,'Aura Inversée'),(188,6,'Aura-Umkehr'),(188,7,'Rompeaura'),(188,8,'Frangiaura'),(188,9,'Aura Break'),(188,11,'オーラブレイク'),(188,12,'气场破坏'),(189,1,'はじまりのうみ'),(189,3,'시작의바다'),(189,4,'始源之海'),(189,5,'Mer Primaire'),(189,6,'Urmeer'),(189,7,'Mar del Albor'),(189,8,'Mare Primordiale'),(189,9,'Primordial Sea'),(189,11,'はじまりのうみ'),(189,12,'始源之海'),(190,1,'おわりのだいち'),(190,3,'끝의대지'),(190,4,'終結之地'),(190,5,'Terre Finale'),(190,6,'Endland'),(190,7,'Tierra del Ocaso'),(190,8,'Terra Estrema'),(190,9,'Desolate Land'),(190,11,'おわりのだいち'),(190,12,'终结之地'),(191,1,'デルタストリーム'),(191,3,'델타스트림'),(191,4,'德爾塔氣流'),(191,5,'Souffle Delta'),(191,6,'Delta-Wind'),(191,7,'Ráfaga Delta'),(191,8,'Flusso Delta'),(191,9,'Delta Stream'),(191,11,'デルタストリーム'),(191,12,'德尔塔气流'),(192,1,'じきゅうりょく'),(192,3,'지구력'),(192,4,'持久力'),(192,5,'Endurance'),(192,6,'Zähigkeit'),(192,7,'Firmeza'),(192,8,'Sopportazione'),(192,9,'Stamina'),(192,11,'じきゅうりょく'),(192,12,'持久力'),(193,1,'にげごし'),(193,3,'도망태세'),(193,4,'躍躍欲逃'),(193,5,'Escampette'),(193,6,'Reißaus'),(193,7,'Huida'),(193,8,'Fuggifuggi'),(193,9,'Wimp Out'),(193,11,'にげごし'),(193,12,'跃跃欲逃'),(194,1,'ききかいひ'),(194,3,'위기회피'),(194,4,'危險迴避'),(194,5,'Repli Tactique'),(194,6,'Rückzug'),(194,7,'Retirada'),(194,8,'Passoindietro'),(194,9,'Emergency Exit'),(194,11,'ききかいひ'),(194,12,'危险回避'),(195,1,'みずがため'),(195,3,'꾸덕꾸덕굳기'),(195,4,'遇水凝固'),(195,5,'Sable Humide'),(195,6,'Verklumpen'),(195,7,'Hidrorrefuerzo'),(195,8,'Idrorinforzo'),(195,9,'Water Compaction'),(195,11,'みずがため'),(195,12,'遇水凝固'),(196,1,'ひとでなし'),(196,3,'무도한행동'),(196,4,'不仁不義'),(196,5,'Cruauté'),(196,6,'Quälerei'),(196,7,'Ensañamiento'),(196,8,'Spietatezza'),(196,9,'Merciless'),(196,11,'ひとでなし'),(196,12,'不仁不义'),(197,1,'リミットシールド'),(197,3,'리밋실드'),(197,4,'界限盾殼'),(197,5,'Bouclier-Carcan'),(197,6,'Limitschild'),(197,7,'Escudo Limitado'),(197,8,'Scudosoglia'),(197,9,'Shields Down'),(197,11,'リミットシールド'),(197,12,'界限盾壳'),(198,1,'はりこみ'),(198,3,'잠복'),(198,4,'監視'),(198,5,'Filature'),(198,6,'Beschattung'),(198,7,'Vigilante'),(198,8,'Sorveglianza'),(198,9,'Stakeout'),(198,11,'はりこみ'),(198,12,'蹲守'),(199,1,'すいほう'),(199,3,'수포'),(199,4,'水泡'),(199,5,'Aquabulle'),(199,6,'Wasserblase'),(199,7,'Pompa'),(199,8,'Bolladacqua'),(199,9,'Water Bubble'),(199,11,'すいほう'),(199,12,'水泡'),(200,1,'はがねつかい'),(200,3,'강철술사'),(200,4,'鋼能力者'),(200,5,'Expert Acier'),(200,6,'Stahlprofi'),(200,7,'Acero Templado'),(200,8,'Tempracciaio'),(200,9,'Steelworker'),(200,11,'はがねつかい'),(200,12,'钢能力者'),(201,1,'ぎゃくじょう'),(201,3,'발끈'),(201,4,'怒火沖天'),(201,5,'Dracolère'),(201,6,'Wutausbruch'),(201,7,'Cólera'),(201,8,'Furore'),(201,9,'Berserk'),(201,11,'ぎゃくじょう'),(201,12,'怒火冲天'),(202,1,'ゆきかき'),(202,3,'눈치우기'),(202,4,'撥雪'),(202,5,'Chasse-Neige'),(202,6,'Schneescharrer'),(202,7,'Quitanieves'),(202,8,'Spalaneve'),(202,9,'Slush Rush'),(202,11,'ゆきかき'),(202,12,'拨雪'),(203,1,'えんかく'),(203,3,'원격'),(203,4,'遠隔'),(203,5,'Longue Portée'),(203,6,'Langstrecke'),(203,7,'Remoto'),(203,8,'Distacco'),(203,9,'Long Reach'),(203,11,'えんかく'),(203,12,'远隔'),(204,1,'うるおいボイス'),(204,3,'촉촉보이스'),(204,4,'濕潤之聲'),(204,5,'Hydrata-Son'),(204,6,'Plätscherstimme'),(204,7,'Voz Fluida'),(204,8,'Idrovoce'),(204,9,'Liquid Voice'),(204,11,'うるおいボイス'),(204,12,'湿润之声'),(205,1,'ヒーリングシフト'),(205,3,'힐링시프트'),(205,4,'先行治療'),(205,5,'Prioguérison'),(205,6,'Heilwandel'),(205,7,'Primer Auxilio'),(205,8,'Primacura'),(205,9,'Triage'),(205,11,'ヒーリングシフト'),(205,12,'先行治疗'),(206,1,'エレキスキン'),(206,3,'일렉트릭스킨'),(206,4,'電氣皮膚'),(206,5,'Peau Électrique'),(206,6,'Elektrohaut'),(206,7,'Piel Eléctrica'),(206,8,'Pellelettro'),(206,9,'Galvanize'),(206,11,'エレキスキン'),(206,12,'电气皮肤'),(207,1,'サーフテール'),(207,3,'서핑테일'),(207,4,'衝浪之尾'),(207,5,'Surf Caudal'),(207,6,'Surf-Schweif'),(207,7,'Cola Surf'),(207,8,'Codasurf'),(207,9,'Surge Surfer'),(207,11,'サーフテール'),(207,12,'冲浪之尾'),(208,1,'ぎょぐん'),(208,3,'어군'),(208,4,'魚群'),(208,5,'Banc'),(208,6,'Fischschwarm'),(208,7,'Banco'),(208,8,'Banco'),(208,9,'Schooling'),(208,11,'ぎょぐん'),(208,12,'鱼群'),(209,1,'ばけのかわ'),(209,3,'탈'),(209,4,'畫皮'),(209,5,'Fantômasque'),(209,6,'Kostümspuk'),(209,7,'Disfraz'),(209,8,'Fantasmanto'),(209,9,'Disguise'),(209,11,'ばけのかわ'),(209,12,'画皮'),(210,1,'きずなへんげ'),(210,3,'유대변화'),(210,4,'牽絆變身'),(210,5,'Synergie'),(210,6,'Freundschaftsakt'),(210,7,'Fuerte Afecto'),(210,8,'Morfosintonia'),(210,9,'Battle Bond'),(210,11,'きずなへんげ'),(210,12,'牵绊变身'),(211,1,'スワームチェンジ'),(211,3,'스웜체인지'),(211,4,'群聚變形'),(211,5,'Rassemblement'),(211,6,'Scharwandel'),(211,7,'Agrupamiento'),(211,8,'Sciamefusione'),(211,9,'Power Construct'),(211,11,'スワームチェンジ'),(211,12,'群聚变形'),(212,1,'ふしょく'),(212,3,'부식'),(212,4,'腐蝕'),(212,5,'Corrosion'),(212,6,'Korrosion'),(212,7,'Corrosión'),(212,8,'Corrosione'),(212,9,'Corrosion'),(212,11,'ふしょく'),(212,12,'腐蚀'),(213,1,'ぜったいねむり'),(213,3,'절대안깸'),(213,4,'絕對睡眠'),(213,5,'Hypersommeil'),(213,6,'Dauerschlaf'),(213,7,'Letargo Perenne'),(213,8,'Sonno Assoluto'),(213,9,'Comatose'),(213,11,'ぜったいねむり'),(213,12,'绝对睡眠'),(214,1,'じょおうのいげん'),(214,3,'여왕의위엄'),(214,4,'女王的威嚴'),(214,5,'Prestance Royale'),(214,6,'Majestät'),(214,7,'Regia Presencia'),(214,8,'Regalità'),(214,9,'Queenly Majesty'),(214,11,'じょおうのいげん'),(214,12,'女王的威严'),(215,1,'とびだすなかみ'),(215,3,'내용물분출'),(215,4,'飛出的內在物'),(215,5,'Expuls’Organes'),(215,6,'Magenkrempler'),(215,7,'Revés'),(215,8,'Espellinterno'),(215,9,'Innards Out'),(215,11,'とびだすなかみ'),(215,12,'飞出的内在物'),(216,1,'おどりこ'),(216,3,'무희'),(216,4,'舞者'),(216,5,'Danseuse'),(216,6,'Tänzer'),(216,7,'Pareja de Baile'),(216,8,'Sincrodanza'),(216,9,'Dancer'),(216,11,'おどりこ'),(216,12,'舞者'),(217,1,'バッテリー'),(217,3,'배터리'),(217,4,'蓄電池'),(217,5,'Batterie'),(217,6,'Batterie'),(217,7,'Batería'),(217,8,'Batteria'),(217,9,'Battery'),(217,11,'バッテリー'),(217,12,'蓄电池'),(218,1,'もふもふ'),(218,3,'복슬복슬'),(218,4,'毛茸茸'),(218,5,'Boule de Poils'),(218,6,'Flauschigkeit'),(218,7,'Peluche'),(218,8,'Morbidone'),(218,9,'Fluffy'),(218,11,'もふもふ'),(218,12,'毛茸茸'),(219,1,'ビビッドボディ'),(219,3,'비비드바디'),(219,4,'鮮艷之軀'),(219,5,'Corps Coloré'),(219,6,'Buntkörper'),(219,7,'Cuerpo Vívido'),(219,8,'Corposgargiante'),(219,9,'Dazzling'),(219,11,'ビビッドボディ'),(219,12,'鲜艳之躯'),(220,1,'ソウルハート'),(220,3,'소울하트'),(220,4,'魂心'),(220,5,'Animacœur'),(220,6,'Seelenherz'),(220,7,'Coránima'),(220,8,'Cuoreanima'),(220,9,'Soul-Heart'),(220,11,'ソウルハート'),(220,12,'魂心'),(221,1,'カーリーヘアー'),(221,3,'컬리헤어'),(221,4,'捲髮'),(221,5,'Mèche Rebelle'),(221,6,'Lockenkopf'),(221,7,'Rizos Rebeldes'),(221,8,'Boccolidoro'),(221,9,'Tangling Hair'),(221,11,'カーリーヘアー'),(221,12,'卷发'),(222,1,'レシーバー'),(222,3,'리시버'),(222,4,'接球手'),(222,5,'Receveur'),(222,6,'Receiver'),(222,7,'Receptor'),(222,8,'Ricezione'),(222,9,'Receiver'),(222,11,'レシーバー'),(222,12,'接球手'),(223,1,'かがくのちから'),(223,3,'과학의힘'),(223,4,'化學之力'),(223,5,'Osmose'),(223,6,'Chemiekraft'),(223,7,'Reacción Química'),(223,8,'Forza Chimica'),(223,9,'Power of Alchemy'),(223,11,'かがくのちから'),(223,12,'化学之力'),(224,1,'ビーストブースト'),(224,3,'비스트부스트'),(224,4,'異獸提升'),(224,5,'Boost Chimère'),(224,6,'Bestien-Boost'),(224,7,'Ultraimpulso'),(224,8,'Ultraboost'),(224,9,'Beast Boost'),(224,11,'ビーストブースト'),(224,12,'异兽提升'),(225,1,'ＡＲシステム'),(225,3,'AR시스템'),(225,4,'ＡＲ系統'),(225,5,'Système Alpha'),(225,6,'Alpha-System'),(225,7,'Sistema Alfa'),(225,8,'Sistema Primevo'),(225,9,'RKS System'),(225,11,'ＡＲシステム'),(225,12,'ＡＲ系统'),(226,1,'エレキメイカー'),(226,3,'일렉트릭메이커'),(226,4,'電氣製造者'),(226,5,'Créa-Élec'),(226,6,'Elektro-Erzeuger'),(226,7,'Electrogénesis'),(226,8,'Elettrogenesi'),(226,9,'Electric Surge'),(226,11,'エレキメイカー'),(226,12,'电气制造者'),(227,1,'サイコメイカー'),(227,3,'사이코메이커'),(227,4,'精神製造者'),(227,5,'Créa-Psy'),(227,6,'Psycho-Erzeuger'),(227,7,'Psicogénesis'),(227,8,'Psicogenesi'),(227,9,'Psychic Surge'),(227,11,'サイコメイカー'),(227,12,'精神制造者'),(228,1,'ミストメイカー'),(228,3,'미스트메이커'),(228,4,'薄霧製造者'),(228,5,'Créa-Brume'),(228,6,'Nebel-Erzeuger'),(228,7,'Nebulogénesis'),(228,8,'Nebbiogenesi'),(228,9,'Misty Surge'),(228,11,'ミストメイカー'),(228,12,'薄雾制造者'),(229,1,'グラスメイカー'),(229,3,'그래스메이커'),(229,4,'青草製造者'),(229,5,'Créa-Herbe'),(229,6,'Gras-Erzeuger'),(229,7,'Herbogénesis'),(229,8,'Erbogenesi'),(229,9,'Grassy Surge'),(229,11,'グラスメイカー'),(229,12,'青草制造者'),(230,1,'メタルプロテクト'),(230,3,'메탈프로텍트'),(230,4,'金屬防護'),(230,5,'Métallo-Garde'),(230,6,'Metallprotektor'),(230,7,'Guardia Metálica'),(230,8,'Metalprotezione'),(230,9,'Full Metal Body'),(230,11,'メタルプロテクト'),(230,12,'金属防护'),(231,1,'ファントムガード'),(231,3,'스펙터가드'),(231,4,'幻影防守'),(231,5,'Spectro-Bouclier'),(231,6,'Phantomschutz'),(231,7,'Guardia Espectro'),(231,8,'Spettroguardia'),(231,9,'Shadow Shield'),(231,11,'ファントムガード'),(231,12,'幻影防守'),(232,1,'プリズムアーマー'),(232,3,'프리즘아머'),(232,4,'稜鏡裝甲'),(232,5,'Prisme-Armure'),(232,6,'Prismarüstung'),(232,7,'Armadura Prisma'),(232,8,'Scudoprisma'),(232,9,'Prism Armor'),(232,11,'プリズムアーマー'),(232,12,'棱镜装甲'),(233,1,'ブレインフォース'),(233,3,'브레인포스'),(233,4,'腦核之力'),(233,5,'Cérébro-Force'),(233,6,'Zerebralmacht'),(233,7,'Fuerza Cerebral'),(233,8,'Cerebroforza'),(233,9,'Neuroforce'),(233,11,'ブレインフォース'),(233,12,'脑核之力'),(234,1,'ふとうのけん'),(234,3,'불요의검'),(234,4,'不撓之劍'),(234,5,'Lame Indomptable'),(234,6,'Kühnes Schwert'),(234,7,'Espada Indómita'),(234,8,'Spada Indomita'),(234,9,'Intrepid Sword'),(234,11,'ふとうのけん'),(234,12,'不挠之剑'),(235,1,'ふくつのたて'),(235,3,'불굴의방패'),(235,4,'不屈之盾'),(235,5,'Égide Inflexible'),(235,6,'Wackerer Schild'),(235,7,'Escudo Recio'),(235,8,'Scudo Saldo'),(235,9,'Dauntless Shield'),(235,11,'ふくつのたて'),(235,12,'不屈之盾'),(236,1,'リベロ'),(236,3,'리베로'),(236,4,'自由者'),(236,5,'Libéro'),(236,6,'Libero'),(236,7,'Líbero'),(236,8,'Libero'),(236,9,'Libero'),(236,11,'リベロ'),(236,12,'自由者'),(237,1,'たまひろい'),(237,3,'볼줍기'),(237,4,'撿球'),(237,5,'Ramasse Ball'),(237,6,'Apport'),(237,7,'Recogebolas'),(237,8,'Raccattapalle'),(237,9,'Ball Fetch'),(237,11,'たまひろい'),(237,12,'捡球'),(238,1,'わたげ'),(238,3,'솜털'),(238,4,'棉絮'),(238,5,'Effilochage'),(238,6,'Wollflaum'),(238,7,'Pelusa'),(238,8,'Lanugine'),(238,9,'Cotton Down'),(238,11,'わたげ'),(238,12,'棉絮'),(239,1,'スクリューおびれ'),(239,3,'스크루지느러미'),(239,4,'螺旋尾鰭'),(239,5,'Propulseur'),(239,6,'Schraubflosse'),(239,7,'Hélice Caudal'),(239,8,'Elicopinna'),(239,9,'Propeller Tail'),(239,11,'スクリューおびれ'),(239,12,'螺旋尾鳍'),(240,1,'ミラーアーマー'),(240,3,'미러아머'),(240,4,'鏡甲'),(240,5,'Armure Miroir'),(240,6,'Spiegelrüstung'),(240,7,'Coraza Reflejo'),(240,8,'Blindospecchio'),(240,9,'Mirror Armor'),(240,11,'ミラーアーマー'),(240,12,'镜甲'),(241,1,'うのミサイル'),(241,3,'그대로꿀꺽미사일'),(241,4,'一口飛彈'),(241,5,'Dégobage'),(241,6,'Würggeschoss'),(241,7,'Tragamisil'),(241,8,'Inghiottimissile'),(241,9,'Gulp Missile'),(241,11,'うのミサイル'),(241,12,'一口导弹'),(242,1,'すじがねいり'),(242,3,'굳건한신념'),(242,4,'堅毅'),(242,5,'Nerfs d’Acier'),(242,6,'Stahlrückgrat'),(242,7,'Acérrimo'),(242,8,'Volontà di Ferro'),(242,9,'Stalwart'),(242,11,'すじがねいり'),(242,12,'坚毅'),(243,1,'じょうききかん'),(243,3,'증기기관'),(243,4,'蒸汽機'),(243,5,'Turbine'),(243,6,'Dampfantrieb'),(243,7,'Combustible'),(243,8,'Vapormacchina'),(243,9,'Steam Engine'),(243,11,'じょうききかん'),(243,12,'蒸汽机'),(244,1,'パンクロック'),(244,3,'펑크록'),(244,4,'龐克搖滾'),(244,5,'Punk Rock'),(244,6,'Punk Rock'),(244,7,'Punk Rock'),(244,8,'Punk Rock'),(244,9,'Punk Rock'),(244,11,'パンクロック'),(244,12,'庞克摇滚'),(245,1,'すなはき'),(245,3,'모래뿜기'),(245,4,'吐沙'),(245,5,'Expul’Sable'),(245,6,'Sandspeier'),(245,7,'Expulsarena'),(245,8,'Sputasabbia'),(245,9,'Sand Spit'),(245,11,'すなはき'),(245,12,'吐沙'),(246,1,'こおりのりんぷん'),(246,3,'얼음인분'),(246,4,'冰鱗粉'),(246,5,'Écailles Glacées'),(246,6,'Eisflügelstaub'),(246,7,'Escama de Hielo'),(246,8,'Geloscaglie'),(246,9,'Ice Scales'),(246,11,'こおりのりんぷん'),(246,12,'冰鳞粉'),(247,1,'じゅくせい'),(247,3,'숙성'),(247,4,'熟成'),(247,5,'Mûrissement'),(247,6,'Heranreifen'),(247,7,'Maduración'),(247,8,'Maturazione'),(247,9,'Ripen'),(247,11,'じゅくせい'),(247,12,'熟成'),(248,1,'アイスフェイス'),(248,3,'아이스페이스'),(248,4,'結凍頭'),(248,5,'Tête de Gel'),(248,6,'Tiefkühlkopf'),(248,7,'Cara de Hielo'),(248,8,'Gelofaccia'),(248,9,'Ice Face'),(248,11,'アイスフェイス'),(248,12,'结冻头'),(249,1,'パワースポット'),(249,3,'파워스폿'),(249,4,'能量點'),(249,5,'Cercle d’Énergie'),(249,6,'Kraftquelle'),(249,7,'Fuente Energía'),(249,8,'Fonte Energetica'),(249,9,'Power Spot'),(249,11,'パワースポット'),(249,12,'能量点'),(250,1,'ぎたい'),(250,3,'의태'),(250,4,'擬態'),(250,5,'Mimétisme'),(250,6,'Mimese'),(250,7,'Mimetismo'),(250,8,'Mimetismo'),(250,9,'Mimicry'),(250,11,'ぎたい'),(250,12,'拟态'),(251,1,'バリアフリー'),(251,3,'배리어프리'),(251,4,'除障'),(251,5,'Brise-Barrière'),(251,6,'Hemmungslos'),(251,7,'Antibarrera'),(251,8,'Annullabarriere'),(251,9,'Screen Cleaner'),(251,11,'バリアフリー'),(251,12,'除障'),(252,1,'はがねのせいしん'),(252,3,'강철정신'),(252,4,'鋼之意志'),(252,5,'Boost Acier'),(252,6,'Stählerner Wille'),(252,7,'Alma Acerada'),(252,8,'Spiritoferreo'),(252,9,'Steely Spirit'),(252,11,'はがねのせいしん'),(252,12,'钢之意志'),(253,1,'ほろびのボディ'),(253,3,'멸망의바디'),(253,4,'滅亡之軀'),(253,5,'Corps Condamné'),(253,6,'Unheilskörper'),(253,7,'Cuerpo Mortal'),(253,8,'Ultimotocco'),(253,9,'Perish Body'),(253,11,'ほろびのボディ'),(253,12,'灭亡之躯'),(254,1,'さまようたましい'),(254,3,'떠도는영혼'),(254,4,'遊魂'),(254,5,'Âme Vagabonde'),(254,6,'Rastlose Seele'),(254,7,'Alma Errante'),(254,8,'Anima Errante'),(254,9,'Wandering Spirit'),(254,11,'さまようたましい'),(254,12,'游魂'),(255,1,'ごりむちゅう'),(255,3,'무아지경'),(255,4,'一猩一意'),(255,5,'Entêtement'),(255,6,'Affenfokus'),(255,7,'Monotema'),(255,8,'Vigorilla'),(255,9,'Gorilla Tactics'),(255,11,'ごりむちゅう'),(255,12,'一猩一意'),(256,1,'かがくへんかガス'),(256,3,'화학변화가스'),(256,4,'化學變化氣體'),(256,5,'Gaz Inhibiteur'),(256,6,'Reaktionsgas'),(256,7,'Gas Reactivo'),(256,8,'Gas Reagente'),(256,9,'Neutralizing Gas'),(256,11,'かがくへんかガス'),(256,12,'化学变化气体'),(257,1,'パステルベール'),(257,3,'파스텔베일'),(257,4,'粉彩護幕'),(257,5,'Voile Pastel'),(257,6,'Pastellhülle'),(257,7,'Velo Pastel'),(257,8,'Pastelvelo'),(257,9,'Pastel Veil'),(257,11,'パステルベール'),(257,12,'粉彩护幕'),(258,1,'はらぺこスイッチ'),(258,3,'꼬르륵스위치'),(258,4,'飽了又餓'),(258,5,'Déclic Fringale'),(258,6,'Heißhunger'),(258,7,'Mutapetito'),(258,8,'Pancialterna'),(258,9,'Hunger Switch'),(258,11,'はらぺこスイッチ'),(258,12,'饱了又饿'),(259,1,'クイックドロウ'),(259,3,'퀵드로'),(259,4,'速擊'),(259,5,'Tir Vif'),(259,6,'Schnellschuss'),(259,7,'Mano Rápida'),(259,8,'Colpolesto'),(259,9,'Quick Draw'),(259,11,'クイックドロウ'),(259,12,'速击'),(260,1,'ふかしのこぶし'),(260,3,'보이지않는주먹'),(260,4,'無形拳'),(260,5,'Poing Invisible'),(260,6,'Verborgene Faust'),(260,7,'Puño Invisible'),(260,8,'Pugni Invisibili'),(260,9,'Unseen Fist'),(260,11,'ふかしのこぶし'),(260,12,'无形拳'),(261,1,'きみょうなくすり'),(261,3,'기묘한약'),(261,4,'怪藥'),(261,5,'Breuvage Suspect'),(261,6,'Kuriose Arznei'),(261,7,'Medicina Extraña'),(261,8,'Stranofarmaco'),(261,9,'Curious Medicine'),(261,11,'きみょうなくすり'),(261,12,'怪药'),(262,1,'トランジスタ'),(262,3,'트랜지스터'),(262,4,'電晶體'),(262,5,'Transistor'),(262,6,'Transistor'),(262,7,'Transistor'),(262,8,'Transistor'),(262,9,'Transistor'),(262,11,'トランジスタ'),(262,12,'电晶体'),(263,1,'りゅうのあぎと'),(263,3,'용의턱'),(263,4,'龍顎'),(263,5,'Dent de Dragon'),(263,6,'Drachenkiefer'),(263,7,'Mandíbula Dragón'),(263,8,'Dragomascelle'),(263,9,'Dragon’s Maw'),(263,11,'りゅうのあぎと'),(263,12,'龙颚'),(264,1,'しろのいななき'),(264,3,'백의울음'),(264,4,'蒼白嘶鳴'),(264,5,'Blanche Ruade'),(264,6,'Helles Wiehern'),(264,7,'Relincho Blanco'),(264,8,'Nitrito Bianco'),(264,9,'Chilling Neigh'),(264,11,'しろのいななき'),(264,12,'苍白嘶鸣'),(265,1,'くろのいななき'),(265,3,'흑의울음'),(265,4,'漆黑嘶鳴'),(265,5,'Sombre Ruade'),(265,6,'Dunkles Wiehern'),(265,7,'Relincho Negro'),(265,8,'Nitrito Nero'),(265,9,'Grim Neigh'),(265,11,'くろのいななき'),(265,12,'漆黑嘶鸣'),(266,1,'じんばいったい'),(266,3,'혼연일체'),(266,4,'人馬一體'),(266,5,'Osmose Équine'),(266,6,'Reitgespann'),(266,7,'Unidad Ecuestre'),(266,8,'Sintonia Equina'),(266,9,'As One'),(266,11,'じんばいったい'),(266,12,'人马一体'),(267,1,'じんばいったい'),(267,3,'혼연일체'),(267,4,'人馬一體'),(267,5,'Osmose Équine'),(267,6,'Reitgespann'),(267,7,'Unidad Ecuestre'),(267,8,'Sintonia Equina'),(267,9,'As One'),(267,11,'じんばいったい'),(267,12,'人马一体'),(10001,9,'Mountaineer'),(10002,9,'Wave Rider'),(10003,9,'Skater'),(10004,9,'Thrust'),(10005,9,'Perception'),(10006,9,'Parry'),(10007,9,'Instinct'),(10008,9,'Dodge'),(10009,9,'Jagged Edge'),(10010,9,'Frostbite'),(10011,9,'Tenacity'),(10012,9,'Pride'),(10013,9,'Deep Sleep'),(10014,9,'Power Nap'),(10015,9,'Spirit'),(10016,9,'Warm Blanket'),(10017,9,'Gulp'),(10018,9,'Herbivore'),(10019,9,'Sandpit'),(10020,9,'Hot Blooded'),(10021,9,'Medic'),(10022,9,'Life Force'),(10023,9,'Lunchbox'),(10024,9,'Nurse'),(10025,9,'Melee'),(10026,9,'Sponge'),(10027,9,'Bodyguard'),(10028,9,'Hero'),(10029,9,'Last Bastion'),(10030,9,'Stealth'),(10031,9,'Vanguard'),(10032,9,'Nomad'),(10033,9,'Sequence'),(10034,9,'Grass Cloak'),(10035,9,'Celebrate'),(10036,9,'Lullaby'),(10037,9,'Calming'),(10038,9,'Daze'),(10039,9,'Frighten'),(10040,9,'Interference'),(10041,9,'Mood Maker'),(10042,9,'Confidence'),(10043,9,'Fortune'),(10044,9,'Bonanza'),(10045,9,'Explode'),(10046,9,'Omnipotent'),(10047,9,'Share'),(10048,9,'Black Hole'),(10049,9,'Shadow Dash'),(10050,9,'Sprint'),(10051,9,'Disgust'),(10052,9,'High-rise'),(10053,9,'Climber'),(10054,9,'Flame Boost'),(10055,9,'Aqua Boost'),(10056,9,'Run Up'),(10057,9,'Conqueror'),(10058,9,'Shackle'),(10059,9,'Decoy'),(10060,9,'Shield');
/*!40000 ALTER TABLE `ability_names` ENABLE KEYS */;
UNLOCK TABLES;

--
-- Table structure for table `egg_group_prose`
--

DROP TABLE IF EXISTS `egg_group_prose`;
/*!40101 SET @saved_cs_client     = @@character_set_client */;
/*!40101 SET character_set_client = utf8 */;
CREATE TABLE `egg_group_prose` (
  `egg_group_id` int(2) NOT NULL,
  `local_language_id` int(1) NOT NULL,
  `name` varchar(19) DEFAULT NULL,
  PRIMARY KEY (`egg_group_id`,`local_language_id`),
  KEY `FK_egg_group_lang` (`local_language_id`),
  CONSTRAINT `FK_egg_group_egg_group` FOREIGN KEY (`egg_group_id`) REFERENCES `egg_groups` (`id`) ON DELETE NO ACTION ON UPDATE CASCADE,
  CONSTRAINT `FK_egg_group_lang` FOREIGN KEY (`local_language_id`) REFERENCES `languages` (`id`) ON DELETE NO ACTION ON UPDATE CASCADE
) ENGINE=InnoDB DEFAULT CHARSET=utf8mb3 COLLATE=utf8mb3_general_ci;
/*!40101 SET character_set_client = @saved_cs_client */;

--
-- Dumping data for table `egg_group_prose`
--

LOCK TABLES `egg_group_prose` WRITE;
/*!40000 ALTER TABLE `egg_group_prose` DISABLE KEYS */;
INSERT INTO `egg_group_prose` VALUES (1,1,'かいじゅう'),(1,3,'괴수'),(1,5,'Monstrueux'),(1,6,'Monster'),(1,7,'Monstruo'),(1,8,'Mostro'),(1,9,'Monster'),(2,1,'すいちゅう１'),(2,3,'수중 1'),(2,5,'Aquatique 1'),(2,6,'Wasser 1'),(2,7,'Agua 1'),(2,8,'Acqua 1'),(2,9,'Water 1'),(3,1,'むし'),(3,3,'벌레'),(3,5,'Insectoïde'),(3,6,'Käfer'),(3,7,'Bicho'),(3,8,'Coleottero'),(3,9,'Bug'),(4,1,'ひこう'),(4,3,'비행'),(4,5,'Aérien'),(4,6,'Flug'),(4,7,'Volador'),(4,8,'Volante'),(4,9,'Flying'),(5,1,'りくじょう'),(5,3,'육상'),(5,5,'Terrestre'),(5,6,'Feld'),(5,7,'Campo'),(5,8,'Campo'),(5,9,'Field'),(6,1,'ようせい'),(6,3,'요정'),(6,5,'Féerique'),(6,6,'Fee'),(6,7,'Hada'),(6,8,'Magico'),(6,9,'Fairy'),(7,1,'しょくぶつ'),(7,3,'식물'),(7,5,'Végétal'),(7,6,'Pflanze'),(7,7,'Planta'),(7,8,'Erba'),(7,9,'Grass'),(8,1,'ひとがた'),(8,3,'인간형'),(8,5,'Humanoïde'),(8,6,'Humanotyp'),(8,7,'Humanoide'),(8,8,'Umanoide'),(8,9,'Human-Like'),(9,1,'すいちゅう３'),(9,3,'수중 3'),(9,5,'Aquatique 3'),(9,6,'Wasser 3'),(9,7,'Agua 3'),(9,8,'Acqua 3'),(9,9,'Water 3'),(10,1,'こうぶつ'),(10,3,'광물'),(10,5,'Minéral'),(10,6,'Mineral'),(10,7,'Mineral'),(10,8,'Minerale'),(10,9,'Mineral'),(11,1,'ふていけい'),(11,3,'부정형'),(11,5,'Amorphe'),(11,6,'Amorph'),(11,7,'Amorfo'),(11,8,'Amorfo'),(11,9,'Amorphous'),(12,1,'すいちゅう２'),(12,3,'수중 2'),(12,5,'Aquatique 2'),(12,6,'Wasser 2'),(12,7,'Agua 2'),(12,8,'Acqua 2'),(12,9,'Water 2'),(13,1,'メタモン'),(13,3,'메타몽'),(13,5,'Métamorph'),(13,6,'Ditto'),(13,7,'Ditto'),(13,8,'Ditto'),(13,9,'Ditto'),(14,1,'ドラゴン'),(14,3,'드래곤'),(14,5,'Draconique'),(14,6,'Drache'),(14,7,'Dragón'),(14,8,'Drago'),(14,9,'Dragon'),(15,1,'タマゴみはっけん'),(15,3,'알미발견'),(15,5,'Inconnu'),(15,6,'Unbekannt'),(15,7,'Desconocido'),(15,8,'Non ancora scoperto'),(15,9,'Undiscovered');
/*!40000 ALTER TABLE `egg_group_prose` ENABLE KEYS */;
UNLOCK TABLES;

--
-- Table structure for table `egg_groups`
--

DROP TABLE IF EXISTS `egg_groups`;
/*!40101 SET @saved_cs_client     = @@character_set_client */;
/*!40101 SET character_set_client = utf8 */;
CREATE TABLE `egg_groups` (
  `id` int(2) NOT NULL,
  `identifier` varchar(13) DEFAULT NULL,
  PRIMARY KEY (`id`),
  UNIQUE KEY `identifier` (`identifier`)
) ENGINE=InnoDB DEFAULT CHARSET=utf8mb3 COLLATE=utf8mb3_general_ci;
/*!40101 SET character_set_client = @saved_cs_client */;

--
-- Dumping data for table `egg_groups`
--

LOCK TABLES `egg_groups` WRITE;
/*!40000 ALTER TABLE `egg_groups` DISABLE KEYS */;
INSERT INTO `egg_groups` VALUES (3,'bug'),(13,'ditto'),(14,'dragon'),(6,'fairy'),(4,'flying'),(5,'ground'),(8,'humanshape'),(11,'indeterminate'),(10,'mineral'),(1,'monster'),(15,'no-eggs'),(7,'plant'),(2,'water1'),(12,'water2'),(9,'water3');
/*!40000 ALTER TABLE `egg_groups` ENABLE KEYS */;
UNLOCK TABLES;

--
-- Table structure for table `growth_rates`
--

DROP TABLE IF EXISTS `growth_rates`;
/*!40101 SET @saved_cs_client     = @@character_set_client */;
/*!40101 SET character_set_client = utf8 */;
CREATE TABLE `growth_rates` (
  `id` int(1) NOT NULL,
  `identifier` varchar(19) DEFAULT NULL,
  `formula` varchar(388) DEFAULT NULL,
  PRIMARY KEY (`id`),
  UNIQUE KEY `identifier` (`identifier`)
) ENGINE=InnoDB DEFAULT CHARSET=utf8mb3 COLLATE=utf8mb3_general_ci;
/*!40101 SET character_set_client = @saved_cs_client */;

--
-- Dumping data for table `growth_rates`
--

LOCK TABLES `growth_rates` WRITE;
/*!40000 ALTER TABLE `growth_rates` DISABLE KEYS */;
INSERT INTO `growth_rates` VALUES (1,'slow','\\frac{5x^3}{4}'),(2,'medium','x^3'),(3,'fast','\\frac{4x^3}{5}'),(4,'medium-slow','\\frac{6x^3}{5} - 15x^2 + 100x - 140'),(5,'slow-then-very-fast','\\begin{cases}\n\\frac{ x^3 \\left( 100 - x \\right) }{50},    & \\text{if } x \\leq 50  \\\\\n\\frac{ x^3 \\left( 150 - x \\right) }{100},   & \\text{if } 50 < x \\leq 68  \\\\\n\\frac{ x^3 \\left( 1274 + (x \\bmod 3)^2 - 9 (x \\bmod 3) - 20 \\left\\lfloor \\frac{x}{3} \\right\\rfloor \\right) }{1000}, & \\text{if } 68 < x \\leq 98  \\\\\n\\frac{ x^3 \\left( 160 - x \\right) }{100},   & \\text{if } x > 98  \\\\\n\\end{cases}'),(6,'fast-then-very-slow','\\begin{cases}\n\\frac{ x^3 \\left( 24 + \\left\\lfloor \\frac{x+1}{3} \\right\\rfloor \\right) }{50},  & \\text{if } x \\leq 15  \\\\\n\\frac{ x^3 \\left( 14 + x \\right) }{50},     & \\text{if } 15 < x \\leq 35  \\\\\n\\frac{ x^3 \\left( 32 + \\left\\lfloor \\frac{x}{2} \\right\\rfloor \\right ) }{50},   & \\text{if } x > 35  \\\\\n\\end{cases}');
/*!40000 ALTER TABLE `growth_rates` ENABLE KEYS */;
UNLOCK TABLES;

--
-- Table structure for table `growth_rates_names`
--

DROP TABLE IF EXISTS `growth_rates_names`;
/*!40101 SET @saved_cs_client     = @@character_set_client */;
/*!40101 SET character_set_client = utf8 */;
CREATE TABLE `growth_rates_names` (
  `growth_rate_id` int(1) NOT NULL,
  `local_language_id` int(1) NOT NULL,
  `name` varchar(26) DEFAULT NULL,
  PRIMARY KEY (`growth_rate_id`,`local_language_id`),
  KEY `FK_growth_rate_lang` (`local_language_id`),
  CONSTRAINT `FK_growth_rate_growth_rate` FOREIGN KEY (`growth_rate_id`) REFERENCES `growth_rates` (`id`) ON DELETE NO ACTION ON UPDATE CASCADE,
  CONSTRAINT `FK_growth_rate_lang` FOREIGN KEY (`local_language_id`) REFERENCES `languages` (`id`) ON DELETE NO ACTION ON UPDATE CASCADE
) ENGINE=InnoDB DEFAULT CHARSET=utf8mb3 COLLATE=utf8mb3_general_ci;
/*!40101 SET character_set_client = @saved_cs_client */;

--
-- Dumping data for table `growth_rates_names`
--

LOCK TABLES `growth_rates_names` WRITE;
/*!40000 ALTER TABLE `growth_rates_names` DISABLE KEYS */;
INSERT INTO `growth_rates_names` VALUES (1,5,'lente'),(1,6,'langsam'),(1,7,'lento'),(1,9,'slow'),(2,5,'moyenne'),(2,6,'mittel'),(2,7,'medio'),(2,9,'medium'),(3,5,'rapide'),(3,6,'schnell'),(3,7,'rápido'),(3,9,'fast'),(4,5,'parabolique'),(4,6,'mittel langsam'),(4,7,'medio lento'),(4,9,'medium slow'),(5,5,'erratique'),(5,6,'langsam, dann sehr schnell'),(5,7,'lento y luego muy rápido'),(5,9,'slow then very fast'),(6,5,'fluctuante'),(6,6,'schnell, dann sehr langsam'),(6,7,'rápido y luego muy lento'),(6,9,'fast then very slow');
/*!40000 ALTER TABLE `growth_rates_names` ENABLE KEYS */;
UNLOCK TABLES;

--
-- Table structure for table `language_names`
--

DROP TABLE IF EXISTS `language_names`;
/*!40101 SET @saved_cs_client     = @@character_set_client */;
/*!40101 SET character_set_client = utf8 */;
CREATE TABLE `language_names` (
  `language_id` int(2) NOT NULL,
  `local_language_id` int(1) NOT NULL,
  `name` varchar(16) DEFAULT NULL,
  PRIMARY KEY (`language_id`,`local_language_id`),
  KEY `FK_language_lang` (`local_language_id`),
  CONSTRAINT `FK_language_lang` FOREIGN KEY (`local_language_id`) REFERENCES `languages` (`id`) ON DELETE NO ACTION ON UPDATE CASCADE,
  CONSTRAINT `FK_language_language` FOREIGN KEY (`language_id`) REFERENCES `languages` (`id`) ON DELETE NO ACTION ON UPDATE CASCADE
) ENGINE=InnoDB DEFAULT CHARSET=utf8mb3 COLLATE=utf8mb3_general_ci;
/*!40101 SET character_set_client = @saved_cs_client */;

--
-- Dumping data for table `language_names`
--

LOCK TABLES `language_names` WRITE;
/*!40000 ALTER TABLE `language_names` DISABLE KEYS */;
INSERT INTO `language_names` VALUES (1,1,'日本語'),(1,3,'일본어'),(1,5,'Japonais'),(1,6,'Japanisch'),(1,7,'Japonés'),(1,9,'Japanese'),(2,1,'正式ローマジ'),(2,3,'정식 로마자'),(2,5,'Romaji'),(2,6,'Rōmaji'),(2,9,'Official roomaji'),(3,1,'韓国語'),(3,3,'한국어'),(3,5,'Coréen'),(3,6,'Koreanisch'),(3,7,'Coreano'),(3,9,'Korean'),(4,1,'中国語'),(4,3,'중국어'),(4,5,'Chinois'),(4,6,'Chinesisch'),(4,7,'Chino'),(4,9,'Chinese'),(5,1,'フランス語'),(5,3,'프랑스어'),(5,5,'Français'),(5,6,'Französisch'),(5,7,'Francés'),(5,9,'French'),(6,1,'ドイツ語'),(6,3,'도이치어'),(6,5,'Allemand'),(6,6,'Deutsch'),(6,7,'Alemán'),(6,9,'German'),(7,1,'西語'),(7,3,'스페인어'),(7,5,'Espagnol'),(7,6,'Spanisch'),(7,7,'Español'),(7,9,'Spanish'),(8,1,'伊語'),(8,3,'이탈리아어'),(8,5,'Italien'),(8,6,'Italienisch'),(8,7,'Italiano'),(8,9,'Italian'),(9,1,'英語'),(9,3,'영어'),(9,5,'Anglais'),(9,6,'Englisch'),(9,7,'Inglés'),(9,9,'English'),(10,1,'チェコ語'),(10,3,'체코어'),(10,5,'Tchèque'),(10,6,'Tschechisch'),(10,7,'Checo'),(10,9,'Czech');
/*!40000 ALTER TABLE `language_names` ENABLE KEYS */;
UNLOCK TABLES;

--
-- Table structure for table `languages`
--

DROP TABLE IF EXISTS `languages`;
/*!40101 SET @saved_cs_client     = @@character_set_client */;
/*!40101 SET character_set_client = utf8 */;
CREATE TABLE `languages` (
  `id` int(2) NOT NULL AUTO_INCREMENT,
  `iso639` varchar(5) DEFAULT NULL,
  `iso3166` varchar(2) DEFAULT NULL,
  `identifier` varchar(7) DEFAULT NULL,
  `official` int(1) DEFAULT NULL,
  `order` int(2) DEFAULT NULL,
  PRIMARY KEY (`id`),
  UNIQUE KEY `identifier` (`identifier`)
) ENGINE=InnoDB AUTO_INCREMENT=14 DEFAULT CHARSET=utf8mb3 COLLATE=utf8mb3_general_ci;
/*!40101 SET character_set_client = @saved_cs_client */;

--
-- Dumping data for table `languages`
--

LOCK TABLES `languages` WRITE;
/*!40000 ALTER TABLE `languages` DISABLE KEYS */;
INSERT INTO `languages` VALUES (1,'ja','jp','ja-Hrkt',1,1),(2,'ja','jp','roomaji',1,3),(3,'ko','kr','ko',1,4),(4,'zh','cn','zh-Hant',1,5),(5,'fr','fr','fr',1,8),(6,'de','de','de',1,9),(7,'es','es','es',1,10),(8,'it','it','it',1,11),(9,'en','us','en',1,7),(10,'cs','cz','cs',0,12),(11,'ja','jp','ja',1,2),(12,'zh','cn','zh-Hans',1,6),(13,'pt-BR','br','pt-BR',0,13);
/*!40000 ALTER TABLE `languages` ENABLE KEYS */;
UNLOCK TABLES;

--
-- Table structure for table `move_damage_class_prose`
--

DROP TABLE IF EXISTS `move_damage_class_prose`;
/*!40101 SET @saved_cs_client     = @@character_set_client */;
/*!40101 SET character_set_client = utf8 */;
CREATE TABLE `move_damage_class_prose` (
  `move_damage_class_id` int(2) NOT NULL,
  `local_language_id` int(2) NOT NULL,
  `name` varchar(8) NOT NULL,
  `description` varchar(74) DEFAULT NULL,
  PRIMARY KEY (`move_damage_class_id`,`local_language_id`),
  KEY `FK_damage_class_lang` (`local_language_id`),
  CONSTRAINT `FK_damage_class_damage_class` FOREIGN KEY (`move_damage_class_id`) REFERENCES `move_damage_classes` (`id`) ON DELETE NO ACTION ON UPDATE CASCADE,
  CONSTRAINT `FK_damage_class_lang` FOREIGN KEY (`local_language_id`) REFERENCES `languages` (`id`) ON DELETE NO ACTION ON UPDATE CASCADE
) ENGINE=InnoDB DEFAULT CHARSET=utf8mb3 COLLATE=utf8mb3_general_ci;
/*!40101 SET character_set_client = @saved_cs_client */;

--
-- Dumping data for table `move_damage_class_prose`
--

LOCK TABLES `move_damage_class_prose` WRITE;
/*!40000 ALTER TABLE `move_damage_class_prose` DISABLE KEYS */;
INSERT INTO `move_damage_class_prose` VALUES (1,1,'へんか','ダメージない'),(1,5,'statut','Aucun dégât'),(1,6,'status','Kein Schaden'),(1,7,'estado','Sin Daño'),(1,9,'status','No damage'),(2,1,'ぶつり','ぶつりのダメージ。こうげきとぼうぎょを行使する'),(2,5,'physique','Dégâts physique, influencés par l\'Attaque et la Défense'),(2,6,'physisch','Physischer Schaden, beeinflusst von Angriff und Verteidigung'),(2,7,'físico','Daño Físico, controlado por el Ataque y Defensa'),(2,9,'physical','Physical damage, controlled by Attack and Defense'),(3,1,'とくしゅ','とくしゅのダメージ。とくこうととくぼうを行使する'),(3,5,'spéciale','Dégâts spéciaux, influencés par l\'Attaque Spéciale et la Défense Spéciale'),(3,6,'spezial','Spezieller Schaden, beeinflusst von Spezialangriff und Spezialverteidigung'),(3,7,'especial','Daño Especial, controlado por el Ataque Esecieal y Defensa Especial'),(3,9,'special','Special damage, controlled by Special Attack and Special Defense');
/*!40000 ALTER TABLE `move_damage_class_prose` ENABLE KEYS */;
UNLOCK TABLES;

--
-- Table structure for table `move_damage_classes`
--

DROP TABLE IF EXISTS `move_damage_classes`;
/*!40101 SET @saved_cs_client     = @@character_set_client */;
/*!40101 SET character_set_client = utf8 */;
CREATE TABLE `move_damage_classes` (
  `id` int(2) NOT NULL,
  `identifier` varchar(8) NOT NULL,
  PRIMARY KEY (`id`),
  UNIQUE KEY `identifier` (`identifier`)
) ENGINE=InnoDB DEFAULT CHARSET=utf8mb3 COLLATE=utf8mb3_general_ci;
/*!40101 SET character_set_client = @saved_cs_client */;

--
-- Dumping data for table `move_damage_classes`
--

LOCK TABLES `move_damage_classes` WRITE;
/*!40000 ALTER TABLE `move_damage_classes` DISABLE KEYS */;
INSERT INTO `move_damage_classes` VALUES (2,'physical'),(3,'special'),(1,'status');
/*!40000 ALTER TABLE `move_damage_classes` ENABLE KEYS */;
UNLOCK TABLES;

--
-- Table structure for table `pokemon`
--

DROP TABLE IF EXISTS `pokemon`;
/*!40101 SET @saved_cs_client     = @@character_set_client */;
/*!40101 SET character_set_client = utf8 */;
CREATE TABLE `pokemon` (
  `id` int(5) NOT NULL,
  `identifier` varchar(26) DEFAULT NULL,
  `species_id` int(3) DEFAULT NULL,
  `height` int(4) DEFAULT NULL,
  `weight` int(4) DEFAULT NULL,
  `base_experience` int(3) DEFAULT NULL,
  `order` int(4) DEFAULT NULL,
  `is_default` int(1) DEFAULT NULL,
  PRIMARY KEY (`id`),
  UNIQUE KEY `identifier` (`identifier`),
  KEY `FK_pokemon_pokemon_species` (`species_id`),
  CONSTRAINT `FK_pokemon_pokemon_species` FOREIGN KEY (`species_id`) REFERENCES `pokemon_species` (`id`) ON DELETE NO ACTION ON UPDATE NO ACTION
) ENGINE=InnoDB DEFAULT CHARSET=utf8mb3 COLLATE=utf8mb3_general_ci;
/*!40101 SET character_set_client = @saved_cs_client */;

--
-- Dumping data for table `pokemon`
--

LOCK TABLES `pokemon` WRITE;
/*!40000 ALTER TABLE `pokemon` DISABLE KEYS */;
INSERT INTO `pokemon` VALUES (1,'bulbasaur',1,7,69,64,1,1),(2,'ivysaur',2,10,130,142,2,1),(3,'venusaur',3,20,1000,263,3,1),(4,'charmander',4,6,85,62,5,1),(5,'charmeleon',5,11,190,142,6,1),(6,'charizard',6,17,905,267,7,1),(7,'squirtle',7,5,90,63,10,1),(8,'wartortle',8,10,225,142,11,1),(9,'blastoise',9,16,855,265,12,1),(10,'caterpie',10,3,29,39,14,1),(11,'metapod',11,7,99,72,15,1),(12,'butterfree',12,11,320,198,16,1),(13,'weedle',13,3,32,39,17,1),(14,'kakuna',14,6,100,72,18,1),(15,'beedrill',15,10,295,178,19,1),(16,'pidgey',16,3,18,50,21,1),(17,'pidgeotto',17,11,300,122,22,1),(18,'pidgeot',18,15,395,216,23,1),(19,'rattata',19,3,35,51,25,1),(20,'raticate',20,7,185,145,27,1),(21,'spearow',21,3,20,52,30,1),(22,'fearow',22,12,380,155,31,1),(23,'ekans',23,20,69,58,32,1),(24,'arbok',24,35,650,157,33,1),(25,'pikachu',25,4,60,112,35,1),(26,'raichu',26,8,300,243,51,1),(27,'sandshrew',27,6,120,60,53,1),(28,'sandslash',28,10,295,158,55,1),(29,'nidoran-f',29,4,70,55,57,1),(30,'nidorina',30,8,200,128,58,1),(31,'nidoqueen',31,13,600,253,59,1),(32,'nidoran-m',32,5,90,55,60,1),(33,'nidorino',33,9,195,128,61,1),(34,'nidoking',34,14,620,253,62,1),(35,'clefairy',35,6,75,113,64,1),(36,'clefable',36,13,400,242,65,1),(37,'vulpix',37,6,99,60,66,1),(38,'ninetales',38,11,199,177,68,1),(39,'jigglypuff',39,5,55,95,71,1),(40,'wigglytuff',40,10,120,218,72,1),(41,'zubat',41,8,75,49,73,1),(42,'golbat',42,16,550,159,74,1),(43,'oddish',43,5,54,64,76,1),(44,'gloom',44,8,86,138,77,1),(45,'vileplume',45,12,186,245,78,1),(46,'paras',46,3,54,57,80,1),(47,'parasect',47,10,295,142,81,1),(48,'venonat',48,10,300,61,82,1),(49,'venomoth',49,15,125,158,83,1),(50,'diglett',50,2,8,53,84,1),(51,'dugtrio',51,7,333,149,86,1),(52,'meowth',52,4,42,58,88,1),(53,'persian',53,10,320,154,91,1),(54,'psyduck',54,8,196,64,93,1),(55,'golduck',55,17,766,175,94,1),(56,'mankey',56,5,280,61,95,1),(57,'primeape',57,10,320,159,96,1),(58,'growlithe',58,7,190,70,97,1),(59,'arcanine',59,19,1550,194,98,1),(60,'poliwag',60,6,124,60,99,1),(61,'poliwhirl',61,10,200,135,100,1),(62,'poliwrath',62,13,540,255,101,1),(63,'abra',63,9,195,62,103,1),(64,'kadabra',64,13,565,140,104,1),(65,'alakazam',65,15,480,250,105,1),(66,'machop',66,8,195,61,107,1),(67,'machoke',67,15,705,142,108,1),(68,'machamp',68,16,1300,253,109,1),(69,'bellsprout',69,7,40,60,110,1),(70,'weepinbell',70,10,64,137,111,1),(71,'victreebel',71,17,155,221,112,1),(72,'tentacool',72,9,455,67,113,1),(73,'tentacruel',73,16,550,180,114,1),(74,'geodude',74,4,200,60,115,1),(75,'graveler',75,10,1050,137,117,1),(76,'golem',76,14,3000,223,119,1),(77,'ponyta',77,10,300,82,121,1),(78,'rapidash',78,17,950,175,123,1),(79,'slowpoke',79,12,360,63,125,1),(80,'slowbro',80,16,785,172,127,1),(81,'magnemite',81,3,60,65,132,1),(82,'magneton',82,10,600,163,133,1),(83,'farfetchd',83,8,150,132,135,1),(84,'doduo',84,14,392,62,137,1),(85,'dodrio',85,18,852,165,138,1),(86,'seel',86,11,900,65,139,1),(87,'dewgong',87,17,1200,166,140,1),(88,'grimer',88,9,300,65,141,1),(89,'muk',89,12,300,175,143,1),(90,'shellder',90,3,40,61,145,1),(91,'cloyster',91,15,1325,184,146,1),(92,'gastly',92,13,1,62,147,1),(93,'haunter',93,16,1,142,148,1),(94,'gengar',94,15,405,250,149,1),(95,'onix',95,88,2100,77,151,1),(96,'drowzee',96,10,324,66,154,1),(97,'hypno',97,16,756,169,155,1),(98,'krabby',98,4,65,65,156,1),(99,'kingler',99,13,600,166,157,1),(100,'voltorb',100,5,104,66,158,1),(101,'electrode',101,12,666,172,159,1),(102,'exeggcute',102,4,25,65,160,1),(103,'exeggutor',103,20,1200,186,161,1),(104,'cubone',104,4,65,64,163,1),(105,'marowak',105,10,450,149,164,1),(106,'hitmonlee',106,15,498,159,168,1),(107,'hitmonchan',107,14,502,159,169,1),(108,'lickitung',108,12,655,77,171,1),(109,'koffing',109,6,10,68,173,1),(110,'weezing',110,12,95,172,174,1),(111,'rhyhorn',111,10,1150,69,176,1),(112,'rhydon',112,19,1200,170,177,1),(113,'chansey',113,11,346,395,180,1),(114,'tangela',114,10,350,87,182,1),(115,'kangaskhan',115,22,800,172,184,1),(116,'horsea',116,4,80,59,186,1),(117,'seadra',117,12,250,154,187,1),(118,'goldeen',118,6,150,64,189,1),(119,'seaking',119,13,390,158,190,1),(120,'staryu',120,8,345,68,191,1),(121,'starmie',121,11,800,182,192,1),(122,'mr-mime',122,13,545,161,194,1),(123,'scyther',123,15,560,100,196,1),(124,'jynx',124,14,406,159,200,1),(125,'electabuzz',125,11,300,172,202,1),(126,'magmar',126,13,445,173,205,1),(127,'pinsir',127,15,550,175,207,1),(128,'tauros',128,14,884,172,209,1),(129,'magikarp',129,9,100,40,210,1),(130,'gyarados',130,65,2350,189,211,1),(131,'lapras',131,25,2200,187,213,1),(132,'ditto',132,3,40,101,214,1),(133,'eevee',133,3,65,65,215,1),(134,'vaporeon',134,10,290,184,217,1),(135,'jolteon',135,8,245,184,218,1),(136,'flareon',136,9,250,184,219,1),(137,'porygon',137,8,365,79,225,1),(138,'omanyte',138,4,75,71,228,1),(139,'omastar',139,10,350,173,229,1),(140,'kabuto',140,5,115,71,230,1),(141,'kabutops',141,13,405,173,231,1),(142,'aerodactyl',142,18,590,180,232,1),(143,'snorlax',143,21,4600,189,235,1),(144,'articuno',144,17,554,290,236,1),(145,'zapdos',145,16,526,290,238,1),(146,'moltres',146,20,600,290,240,1),(147,'dratini',147,18,33,60,242,1),(148,'dragonair',148,40,165,147,243,1),(149,'dragonite',149,22,2100,300,244,1),(150,'mewtwo',150,20,1220,340,245,1),(151,'mew',151,4,40,300,248,1),(152,'chikorita',152,9,64,64,249,1),(153,'bayleef',153,12,158,142,250,1),(154,'meganium',154,18,1005,236,251,1),(155,'cyndaquil',155,5,79,62,252,1),(156,'quilava',156,9,190,142,253,1),(157,'typhlosion',157,17,795,240,254,1),(158,'totodile',158,6,95,63,255,1),(159,'croconaw',159,11,250,142,256,1),(160,'feraligatr',160,23,888,239,257,1),(161,'sentret',161,8,60,43,258,1),(162,'furret',162,18,325,145,259,1),(163,'hoothoot',163,7,212,52,260,1),(164,'noctowl',164,16,408,158,261,1),(165,'ledyba',165,10,108,53,262,1),(166,'ledian',166,14,356,137,263,1),(167,'spinarak',167,5,85,50,264,1),(168,'ariados',168,11,335,140,265,1),(169,'crobat',169,18,750,268,75,1),(170,'chinchou',170,5,120,66,266,1),(171,'lanturn',171,12,225,161,267,1),(172,'pichu',172,3,20,41,34,1),(173,'cleffa',173,3,30,44,63,1),(174,'igglybuff',174,3,10,42,70,1),(175,'togepi',175,3,15,49,268,1),(176,'togetic',176,6,32,142,269,1),(177,'natu',177,2,20,64,271,1),(178,'xatu',178,15,150,165,272,1),(179,'mareep',179,6,78,56,273,1),(180,'flaaffy',180,8,133,128,274,1),(181,'ampharos',181,14,615,230,275,1),(182,'bellossom',182,4,58,245,79,1),(183,'marill',183,4,85,88,278,1),(184,'azumarill',184,8,285,210,279,1),(185,'sudowoodo',185,12,380,144,281,1),(186,'politoed',186,11,339,250,102,1),(187,'hoppip',187,4,5,50,282,1),(188,'skiploom',188,6,10,119,283,1),(189,'jumpluff',189,8,30,207,284,1),(190,'aipom',190,8,115,72,285,1),(191,'sunkern',191,3,18,36,287,1),(192,'sunflora',192,8,85,149,288,1),(193,'yanma',193,12,380,78,289,1),(194,'wooper',194,4,85,42,291,1),(195,'quagsire',195,14,750,151,292,1),(196,'espeon',196,9,265,184,220,1),(197,'umbreon',197,10,270,184,221,1),(198,'murkrow',198,5,21,81,293,1),(199,'slowking',199,20,795,172,130,1),(200,'misdreavus',200,7,10,87,295,1),(201,'unown',201,5,50,118,297,1),(202,'wobbuffet',202,13,285,142,299,1),(203,'girafarig',203,15,415,159,300,1),(204,'pineco',204,6,72,58,301,1),(205,'forretress',205,12,1258,163,302,1),(206,'dunsparce',206,15,140,145,303,1),(207,'gligar',207,11,648,86,304,1),(208,'steelix',208,92,4000,179,152,1),(209,'snubbull',209,6,78,60,306,1),(210,'granbull',210,14,487,158,307,1),(211,'qwilfish',211,5,39,88,308,1),(212,'scizor',212,18,1180,175,197,1),(213,'shuckle',213,6,205,177,309,1),(214,'heracross',214,15,540,175,310,1),(215,'sneasel',215,9,280,86,312,1),(216,'teddiursa',216,6,88,66,314,1),(217,'ursaring',217,18,1258,175,315,1),(218,'slugma',218,7,350,50,316,1),(219,'magcargo',219,8,550,151,317,1),(220,'swinub',220,4,65,50,318,1),(221,'piloswine',221,11,558,158,319,1),(222,'corsola',222,6,50,144,321,1),(223,'remoraid',223,6,120,60,323,1),(224,'octillery',224,9,285,168,324,1),(225,'delibird',225,9,160,116,325,1),(226,'mantine',226,21,2200,170,327,1),(227,'skarmory',227,17,505,163,328,1),(228,'houndour',228,6,108,66,329,1),(229,'houndoom',229,14,350,175,330,1),(230,'kingdra',230,18,1520,270,188,1),(231,'phanpy',231,5,335,66,332,1),(232,'donphan',232,11,1200,175,333,1),(233,'porygon2',233,6,325,180,226,1),(234,'stantler',234,14,712,163,334,1),(235,'smeargle',235,12,580,88,335,1),(236,'tyrogue',236,7,210,42,167,1),(237,'hitmontop',237,14,480,159,170,1),(238,'smoochum',238,4,60,61,199,1),(239,'elekid',239,6,235,72,201,1),(240,'magby',240,7,214,73,204,1),(241,'miltank',241,12,755,172,336,1),(242,'blissey',242,15,468,635,181,1),(243,'raikou',243,19,1780,290,337,1),(244,'entei',244,21,1980,290,338,1),(245,'suicune',245,20,1870,290,339,1),(246,'larvitar',246,6,720,60,340,1),(247,'pupitar',247,12,1520,144,341,1),(248,'tyranitar',248,20,2020,300,342,1),(249,'lugia',249,52,2160,340,344,1),(250,'ho-oh',250,38,1990,340,345,1),(251,'celebi',251,6,50,300,346,1),(252,'treecko',252,5,50,62,347,1),(253,'grovyle',253,9,216,142,348,1),(254,'sceptile',254,17,522,265,349,1),(255,'torchic',255,4,25,62,351,1),(256,'combusken',256,9,195,142,352,1),(257,'blaziken',257,19,520,265,353,1),(258,'mudkip',258,4,76,62,355,1),(259,'marshtomp',259,7,280,142,356,1),(260,'swampert',260,15,819,268,357,1),(261,'poochyena',261,5,136,56,359,1),(262,'mightyena',262,10,370,147,360,1),(263,'zigzagoon',263,4,175,56,361,1),(264,'linoone',264,5,325,147,363,1),(265,'wurmple',265,3,36,56,365,1),(266,'silcoon',266,6,100,72,366,1),(267,'beautifly',267,10,284,178,367,1),(268,'cascoon',268,7,115,72,368,1),(269,'dustox',269,12,316,173,369,1),(270,'lotad',270,5,26,44,370,1),(271,'lombre',271,12,325,119,371,1),(272,'ludicolo',272,15,550,240,372,1),(273,'seedot',273,5,40,44,373,1),(274,'nuzleaf',274,10,280,119,374,1),(275,'shiftry',275,13,596,240,375,1),(276,'taillow',276,3,23,54,376,1),(277,'swellow',277,7,198,159,377,1),(278,'wingull',278,6,95,54,378,1),(279,'pelipper',279,12,280,154,379,1),(280,'ralts',280,4,66,40,380,1),(281,'kirlia',281,8,202,97,381,1),(282,'gardevoir',282,16,484,259,382,1),(283,'surskit',283,5,17,54,386,1),(284,'masquerain',284,8,36,159,387,1),(285,'shroomish',285,4,45,59,388,1),(286,'breloom',286,12,392,161,389,1),(287,'slakoth',287,8,240,56,390,1),(288,'vigoroth',288,14,465,154,391,1),(289,'slaking',289,20,1305,252,392,1),(290,'nincada',290,5,55,53,393,1),(291,'ninjask',291,8,120,160,394,1),(292,'shedinja',292,8,12,83,395,1),(293,'whismur',293,6,163,48,396,1),(294,'loudred',294,10,405,126,397,1),(295,'exploud',295,15,840,245,398,1),(296,'makuhita',296,10,864,47,399,1),(297,'hariyama',297,23,2538,166,400,1),(298,'azurill',298,2,20,38,277,1),(299,'nosepass',299,10,970,75,401,1),(300,'skitty',300,6,110,52,403,1),(301,'delcatty',301,11,326,140,404,1),(302,'sableye',302,5,110,133,405,1),(303,'mawile',303,6,115,133,407,1),(304,'aron',304,4,600,66,409,1),(305,'lairon',305,9,1200,151,410,1),(306,'aggron',306,21,3600,265,411,1),(307,'meditite',307,6,112,56,413,1),(308,'medicham',308,13,315,144,414,1),(309,'electrike',309,6,152,59,416,1),(310,'manectric',310,15,402,166,417,1),(311,'plusle',311,4,42,142,419,1),(312,'minun',312,4,42,142,420,1),(313,'volbeat',313,7,177,151,421,1),(314,'illumise',314,6,177,151,422,1),(315,'roselia',315,3,20,140,424,1),(316,'gulpin',316,4,103,60,426,1),(317,'swalot',317,17,800,163,427,1),(318,'carvanha',318,8,208,61,428,1),(319,'sharpedo',319,18,888,161,429,1),(320,'wailmer',320,20,1300,80,431,1),(321,'wailord',321,145,3980,175,432,1),(322,'numel',322,7,240,61,433,1),(323,'camerupt',323,19,2200,161,434,1),(324,'torkoal',324,5,804,165,436,1),(325,'spoink',325,7,306,66,437,1),(326,'grumpig',326,9,715,165,438,1),(327,'spinda',327,11,50,126,439,1),(328,'trapinch',328,7,150,58,440,1),(329,'vibrava',329,11,153,119,441,1),(330,'flygon',330,20,820,260,442,1),(331,'cacnea',331,4,513,67,443,1),(332,'cacturne',332,13,774,166,444,1),(333,'swablu',333,4,12,62,445,1),(334,'altaria',334,11,206,172,446,1),(335,'zangoose',335,13,403,160,448,1),(336,'seviper',336,27,525,160,449,1),(337,'lunatone',337,10,1680,161,450,1),(338,'solrock',338,12,1540,161,451,1),(339,'barboach',339,4,19,58,452,1),(340,'whiscash',340,9,236,164,453,1),(341,'corphish',341,6,115,62,454,1),(342,'crawdaunt',342,11,328,164,455,1),(343,'baltoy',343,5,215,60,456,1),(344,'claydol',344,15,1080,175,457,1),(345,'lileep',345,10,238,71,458,1),(346,'cradily',346,15,604,173,459,1),(347,'anorith',347,7,125,71,460,1),(348,'armaldo',348,15,682,173,461,1),(349,'feebas',349,6,74,40,462,1),(350,'milotic',350,62,1620,189,463,1),(351,'castform',351,3,8,147,464,1),(352,'kecleon',352,10,220,154,468,1),(353,'shuppet',353,6,23,59,469,1),(354,'banette',354,11,125,159,470,1),(355,'duskull',355,8,150,59,472,1),(356,'dusclops',356,16,306,159,473,1),(357,'tropius',357,20,1000,161,475,1),(358,'chimecho',358,6,10,159,477,1),(359,'absol',359,12,470,163,478,1),(360,'wynaut',360,6,140,52,298,1),(361,'snorunt',361,7,168,60,480,1),(362,'glalie',362,15,2565,168,481,1),(363,'spheal',363,8,395,58,484,1),(364,'sealeo',364,11,876,144,485,1),(365,'walrein',365,14,1506,265,486,1),(366,'clamperl',366,4,525,69,487,1),(367,'huntail',367,17,270,170,488,1),(368,'gorebyss',368,18,226,170,489,1),(369,'relicanth',369,10,234,170,490,1),(370,'luvdisc',370,6,87,116,491,1),(371,'bagon',371,6,421,60,492,1),(372,'shelgon',372,11,1105,147,493,1),(373,'salamence',373,15,1026,300,494,1),(374,'beldum',374,6,952,60,496,1),(375,'metang',375,12,2025,147,497,1),(376,'metagross',376,16,5500,300,498,1),(377,'regirock',377,17,2300,290,500,1),(378,'regice',378,18,1750,290,501,1),(379,'registeel',379,19,2050,290,502,1),(380,'latias',380,14,400,300,503,1),(381,'latios',381,20,600,300,505,1),(382,'kyogre',382,45,3520,335,507,1),(383,'groudon',383,35,9500,335,509,1),(384,'rayquaza',384,70,2065,340,511,1),(385,'jirachi',385,3,11,300,513,1),(386,'deoxys-normal',386,17,608,270,514,1),(387,'turtwig',387,4,102,64,518,1),(388,'grotle',388,11,970,142,519,1),(389,'torterra',389,22,3100,236,520,1),(390,'chimchar',390,5,62,62,521,1),(391,'monferno',391,9,220,142,522,1),(392,'infernape',392,12,550,240,523,1),(393,'piplup',393,4,52,63,524,1),(394,'prinplup',394,8,230,142,525,1),(395,'empoleon',395,17,845,239,526,1),(396,'starly',396,3,20,49,527,1),(397,'staravia',397,6,155,119,528,1),(398,'staraptor',398,12,249,218,529,1),(399,'bidoof',399,5,200,50,530,1),(400,'bibarel',400,10,315,144,531,1),(401,'kricketot',401,3,22,39,532,1),(402,'kricketune',402,10,255,134,533,1),(403,'shinx',403,5,95,53,534,1),(404,'luxio',404,9,305,127,535,1),(405,'luxray',405,14,420,262,536,1),(406,'budew',406,2,12,56,423,1),(407,'roserade',407,9,145,258,425,1),(408,'cranidos',408,9,315,70,537,1),(409,'rampardos',409,16,1025,173,538,1),(410,'shieldon',410,5,570,70,539,1),(411,'bastiodon',411,13,1495,173,540,1),(412,'burmy',412,2,34,45,541,1),(413,'wormadam-plant',413,5,65,148,542,1),(414,'mothim',414,9,233,148,545,1),(415,'combee',415,3,55,49,546,1),(416,'vespiquen',416,12,385,166,547,1),(417,'pachirisu',417,4,39,142,548,1),(418,'buizel',418,7,295,66,549,1),(419,'floatzel',419,11,335,173,550,1),(420,'cherubi',420,4,33,55,551,1),(421,'cherrim',421,5,93,158,552,1),(422,'shellos',422,3,63,65,553,1),(423,'gastrodon',423,9,299,166,554,1),(424,'ambipom',424,12,203,169,286,1),(425,'drifloon',425,4,12,70,555,1),(426,'drifblim',426,12,150,174,556,1),(427,'buneary',427,4,55,70,557,1),(428,'lopunny',428,12,333,168,558,1),(429,'mismagius',429,9,44,173,296,1),(430,'honchkrow',430,9,273,177,294,1),(431,'glameow',431,5,39,62,560,1),(432,'purugly',432,10,438,158,561,1),(433,'chingling',433,2,6,57,476,1),(434,'stunky',434,4,192,66,562,1),(435,'skuntank',435,10,380,168,563,1),(436,'bronzor',436,5,605,60,564,1),(437,'bronzong',437,13,1870,175,565,1),(438,'bonsly',438,5,150,58,280,1),(439,'mime-jr',439,6,130,62,193,1),(440,'happiny',440,6,244,110,179,1),(441,'chatot',441,5,19,144,566,1),(442,'spiritomb',442,10,1080,170,567,1),(443,'gible',443,7,205,60,568,1),(444,'gabite',444,14,560,144,569,1),(445,'garchomp',445,19,950,300,570,1),(446,'munchlax',446,6,1050,78,234,1),(447,'riolu',447,7,202,57,572,1),(448,'lucario',448,12,540,184,573,1),(449,'hippopotas',449,8,495,66,575,1),(450,'hippowdon',450,20,3000,184,576,1),(451,'skorupi',451,8,120,66,577,1),(452,'drapion',452,13,615,175,578,1),(453,'croagunk',453,7,230,60,579,1),(454,'toxicroak',454,13,444,172,580,1),(455,'carnivine',455,14,270,159,581,1),(456,'finneon',456,4,70,66,582,1),(457,'lumineon',457,12,240,161,583,1),(458,'mantyke',458,10,650,69,326,1),(459,'snover',459,10,505,67,584,1),(460,'abomasnow',460,22,1355,173,585,1),(461,'weavile',461,11,340,179,313,1),(462,'magnezone',462,12,1800,268,134,1),(463,'lickilicky',463,17,1400,180,172,1),(464,'rhyperior',464,24,2828,268,178,1),(465,'tangrowth',465,20,1286,187,183,1),(466,'electivire',466,18,1386,270,203,1),(467,'magmortar',467,16,680,270,206,1),(468,'togekiss',468,15,380,273,270,1),(469,'yanmega',469,19,515,180,290,1),(470,'leafeon',470,10,255,184,222,1),(471,'glaceon',471,8,259,184,223,1),(472,'gliscor',472,20,425,179,305,1),(473,'mamoswine',473,25,2910,265,320,1),(474,'porygon-z',474,9,340,268,227,1),(475,'gallade',475,16,520,259,384,1),(476,'probopass',476,14,3400,184,402,1),(477,'dusknoir',477,22,1066,263,474,1),(478,'froslass',478,13,266,168,483,1),(479,'rotom',479,3,3,154,587,1),(480,'uxie',480,3,3,290,593,1),(481,'mesprit',481,3,3,290,594,1),(482,'azelf',482,3,3,290,595,1),(483,'dialga',483,54,6830,340,596,1),(484,'palkia',484,42,3360,340,597,1),(485,'heatran',485,17,4300,300,598,1),(486,'regigigas',486,37,4200,335,599,1),(487,'giratina-altered',487,45,7500,340,600,1),(488,'cresselia',488,15,856,300,602,1),(489,'phione',489,4,31,216,603,1),(490,'manaphy',490,3,14,270,604,1),(491,'darkrai',491,15,505,270,605,1),(492,'shaymin-land',492,2,21,270,606,1),(493,'arceus',493,32,3200,324,608,1),(494,'victini',494,4,40,300,609,1),(495,'snivy',495,6,81,62,610,1),(496,'servine',496,8,160,145,611,1),(497,'serperior',497,33,630,238,612,1),(498,'tepig',498,5,99,62,613,1),(499,'pignite',499,10,555,146,614,1),(500,'emboar',500,16,1500,238,615,1),(501,'oshawott',501,5,59,62,616,1),(502,'dewott',502,8,245,145,617,1),(503,'samurott',503,15,946,238,618,1),(504,'patrat',504,5,116,51,619,1),(505,'watchog',505,11,270,147,620,1),(506,'lillipup',506,4,41,55,621,1),(507,'herdier',507,9,147,130,622,1),(508,'stoutland',508,12,610,250,623,1),(509,'purrloin',509,4,101,56,624,1),(510,'liepard',510,11,375,156,625,1),(511,'pansage',511,6,105,63,626,1),(512,'simisage',512,11,305,174,627,1),(513,'pansear',513,6,110,63,628,1),(514,'simisear',514,10,280,174,629,1),(515,'panpour',515,6,135,63,630,1),(516,'simipour',516,10,290,174,631,1),(517,'munna',517,6,233,58,632,1),(518,'musharna',518,11,605,170,633,1),(519,'pidove',519,3,21,53,634,1),(520,'tranquill',520,6,150,125,635,1),(521,'unfezant',521,12,290,244,636,1),(522,'blitzle',522,8,298,59,637,1),(523,'zebstrika',523,16,795,174,638,1),(524,'roggenrola',524,4,180,56,639,1),(525,'boldore',525,9,1020,137,640,1),(526,'gigalith',526,17,2600,258,641,1),(527,'woobat',527,4,21,65,642,1),(528,'swoobat',528,9,105,149,643,1),(529,'drilbur',529,3,85,66,644,1),(530,'excadrill',530,7,404,178,645,1),(531,'audino',531,11,310,390,646,1),(532,'timburr',532,6,125,61,648,1),(533,'gurdurr',533,12,400,142,649,1),(534,'conkeldurr',534,14,870,253,650,1),(535,'tympole',535,5,45,59,651,1),(536,'palpitoad',536,8,170,134,652,1),(537,'seismitoad',537,15,620,255,653,1),(538,'throh',538,13,555,163,654,1),(539,'sawk',539,14,510,163,655,1),(540,'sewaddle',540,3,25,62,656,1),(541,'swadloon',541,5,73,133,657,1),(542,'leavanny',542,12,205,225,658,1),(543,'venipede',543,4,53,52,659,1),(544,'whirlipede',544,12,585,126,660,1),(545,'scolipede',545,25,2005,243,661,1),(546,'cottonee',546,3,6,56,662,1),(547,'whimsicott',547,7,66,168,663,1),(548,'petilil',548,5,66,56,664,1),(549,'lilligant',549,11,163,168,665,1),(550,'basculin-red-striped',550,10,180,161,666,1),(551,'sandile',551,7,152,58,668,1),(552,'krokorok',552,10,334,123,669,1),(553,'krookodile',553,15,963,260,670,1),(554,'darumaka',554,6,375,63,671,1),(555,'darmanitan-standard',555,13,929,168,673,1),(556,'maractus',556,10,280,161,677,1),(557,'dwebble',557,3,145,65,678,1),(558,'crustle',558,14,2000,170,679,1),(559,'scraggy',559,6,118,70,680,1),(560,'scrafty',560,11,300,171,681,1),(561,'sigilyph',561,14,140,172,682,1),(562,'yamask',562,5,15,61,683,1),(563,'cofagrigus',563,17,765,169,685,1),(564,'tirtouga',564,7,165,71,686,1),(565,'carracosta',565,12,810,173,687,1),(566,'archen',566,5,95,71,688,1),(567,'archeops',567,14,320,177,689,1),(568,'trubbish',568,6,310,66,690,1),(569,'garbodor',569,19,1073,166,691,1),(570,'zorua',570,7,125,66,692,1),(571,'zoroark',571,16,811,179,693,1),(572,'minccino',572,4,58,60,694,1),(573,'cinccino',573,5,75,165,695,1),(574,'gothita',574,4,58,58,696,1),(575,'gothorita',575,7,180,137,697,1),(576,'gothitelle',576,15,440,245,698,1),(577,'solosis',577,3,10,58,699,1),(578,'duosion',578,6,80,130,700,1),(579,'reuniclus',579,10,201,245,701,1),(580,'ducklett',580,5,55,61,702,1),(581,'swanna',581,13,242,166,703,1),(582,'vanillite',582,4,57,61,704,1),(583,'vanillish',583,11,410,138,705,1),(584,'vanilluxe',584,13,575,268,706,1),(585,'deerling',585,6,195,67,707,1),(586,'sawsbuck',586,19,925,166,708,1),(587,'emolga',587,4,50,150,709,1),(588,'karrablast',588,5,59,63,710,1),(589,'escavalier',589,10,330,173,711,1),(590,'foongus',590,2,10,59,712,1),(591,'amoonguss',591,6,105,162,713,1),(592,'frillish',592,12,330,67,714,1),(593,'jellicent',593,22,1350,168,715,1),(594,'alomomola',594,12,316,165,716,1),(595,'joltik',595,1,6,64,717,1),(596,'galvantula',596,8,143,165,718,1),(597,'ferroseed',597,6,188,61,719,1),(598,'ferrothorn',598,10,1100,171,720,1),(599,'klink',599,3,210,60,721,1),(600,'klang',600,6,510,154,722,1),(601,'klinklang',601,6,810,260,723,1),(602,'tynamo',602,2,3,55,724,1),(603,'eelektrik',603,12,220,142,725,1),(604,'eelektross',604,21,805,232,726,1),(605,'elgyem',605,5,90,67,727,1),(606,'beheeyem',606,10,345,170,728,1),(607,'litwick',607,3,31,55,729,1),(608,'lampent',608,6,130,130,730,1),(609,'chandelure',609,10,343,260,731,1),(610,'axew',610,6,180,64,732,1),(611,'fraxure',611,10,360,144,733,1),(612,'haxorus',612,18,1055,270,734,1),(613,'cubchoo',613,5,85,61,735,1),(614,'beartic',614,26,2600,177,736,1),(615,'cryogonal',615,11,1480,180,737,1),(616,'shelmet',616,4,77,61,738,1),(617,'accelgor',617,8,253,173,739,1),(618,'stunfisk',618,7,110,165,740,1),(619,'mienfoo',619,9,200,70,742,1),(620,'mienshao',620,14,355,179,743,1),(621,'druddigon',621,16,1390,170,744,1),(622,'golett',622,10,920,61,745,1),(623,'golurk',623,28,3300,169,746,1),(624,'pawniard',624,5,102,68,747,1),(625,'bisharp',625,16,700,172,748,1),(626,'bouffalant',626,16,946,172,749,1),(627,'rufflet',627,5,105,70,750,1),(628,'braviary',628,15,410,179,751,1),(629,'vullaby',629,5,90,74,752,1),(630,'mandibuzz',630,12,395,179,753,1),(631,'heatmor',631,14,580,169,754,1),(632,'durant',632,3,330,169,755,1),(633,'deino',633,8,173,60,756,1),(634,'zweilous',634,14,500,147,757,1),(635,'hydreigon',635,18,1600,300,758,1),(636,'larvesta',636,11,288,72,759,1),(637,'volcarona',637,16,460,275,760,1),(638,'cobalion',638,21,2500,290,761,1),(639,'terrakion',639,19,2600,290,762,1),(640,'virizion',640,20,2000,290,763,1),(641,'tornadus-incarnate',641,15,630,290,764,1),(642,'thundurus-incarnate',642,15,610,290,766,1),(643,'reshiram',643,32,3300,340,768,1),(644,'zekrom',644,29,3450,340,769,1),(645,'landorus-incarnate',645,15,680,300,770,1),(646,'kyurem',646,30,3250,330,772,1),(647,'keldeo-ordinary',647,14,485,290,775,1),(648,'meloetta-aria',648,6,65,270,777,1),(649,'genesect',649,15,825,300,779,1),(650,'chespin',650,4,90,63,780,1),(651,'quilladin',651,7,290,142,781,1),(652,'chesnaught',652,16,900,239,782,1),(653,'fennekin',653,4,94,61,783,1),(654,'braixen',654,10,145,143,784,1),(655,'delphox',655,15,390,240,785,1),(656,'froakie',656,3,70,63,786,1),(657,'frogadier',657,6,109,142,787,1),(658,'greninja',658,15,400,239,788,1),(659,'bunnelby',659,4,50,47,791,1),(660,'diggersby',660,10,424,148,792,1),(661,'fletchling',661,3,17,56,793,1),(662,'fletchinder',662,7,160,134,794,1),(663,'talonflame',663,12,245,175,795,1),(664,'scatterbug',664,3,25,40,796,1),(665,'spewpa',665,3,84,75,797,1),(666,'vivillon',666,12,170,185,798,1),(667,'litleo',667,6,135,74,799,1),(668,'pyroar',668,15,815,177,800,1),(669,'flabebe',669,1,1,61,801,1),(670,'floette',670,2,9,130,802,1),(671,'florges',671,11,100,248,804,1),(672,'skiddo',672,9,310,70,805,1),(673,'gogoat',673,17,910,186,806,1),(674,'pancham',674,6,80,70,807,1),(675,'pangoro',675,21,1360,173,808,1),(676,'furfrou',676,12,280,165,809,1),(677,'espurr',677,3,35,71,810,1),(678,'meowstic-male',678,6,85,163,811,1),(679,'honedge',679,8,20,65,813,1),(680,'doublade',680,8,45,157,814,1),(681,'aegislash-shield',681,17,530,250,815,1),(682,'spritzee',682,2,5,68,817,1),(683,'aromatisse',683,8,155,162,818,1),(684,'swirlix',684,4,35,68,819,1),(685,'slurpuff',685,8,50,168,820,1),(686,'inkay',686,4,35,58,821,1),(687,'malamar',687,15,470,169,822,1),(688,'binacle',688,5,310,61,823,1),(689,'barbaracle',689,13,960,175,824,1),(690,'skrelp',690,5,73,64,825,1),(691,'dragalge',691,18,815,173,826,1),(692,'clauncher',692,5,83,66,827,1),(693,'clawitzer',693,13,353,100,828,1),(694,'helioptile',694,5,60,58,829,1),(695,'heliolisk',695,10,210,168,830,1),(696,'tyrunt',696,8,260,72,831,1),(697,'tyrantrum',697,25,2700,182,832,1),(698,'amaura',698,13,252,72,833,1),(699,'aurorus',699,27,2250,104,834,1),(700,'sylveon',700,10,235,184,224,1),(701,'hawlucha',701,8,215,175,835,1),(702,'dedenne',702,2,22,151,836,1),(703,'carbink',703,3,57,100,837,1),(704,'goomy',704,3,28,60,838,1),(705,'sliggoo',705,8,175,158,839,1),(706,'goodra',706,20,1505,300,840,1),(707,'klefki',707,2,30,165,841,1),(708,'phantump',708,4,70,62,842,1),(709,'trevenant',709,15,710,166,843,1),(710,'pumpkaboo-average',710,4,50,67,844,1),(711,'gourgeist-average',711,9,125,173,848,1),(712,'bergmite',712,10,995,61,852,1),(713,'avalugg',713,20,5050,180,853,1),(714,'noibat',714,5,80,49,854,1),(715,'noivern',715,15,850,187,855,1),(716,'xerneas',716,30,2150,340,856,1),(717,'yveltal',717,58,2030,340,857,1),(718,'zygarde-50',718,50,3050,300,858,1),(719,'diancie',719,7,88,300,863,1),(720,'hoopa',720,5,90,270,865,1),(721,'volcanion',721,17,1950,300,867,1),(722,'rowlet',722,3,15,64,868,1),(723,'dartrix',723,7,160,147,869,1),(724,'decidueye',724,16,366,265,870,1),(725,'litten',725,4,43,64,871,1),(726,'torracat',726,7,250,147,872,1),(727,'incineroar',727,18,830,265,873,1),(728,'popplio',728,4,75,64,874,1),(729,'brionne',729,6,175,147,875,1),(730,'primarina',730,18,440,265,876,1),(731,'pikipek',731,3,12,53,877,1),(732,'trumbeak',732,6,148,124,878,1),(733,'toucannon',733,11,260,218,879,1),(734,'yungoos',734,4,60,51,880,1),(735,'gumshoos',735,7,142,146,881,1),(736,'grubbin',736,4,44,60,883,1),(737,'charjabug',737,5,105,140,884,1),(738,'vikavolt',738,15,450,250,885,1),(739,'crabrawler',739,6,70,68,887,1),(740,'crabominable',740,17,1800,167,888,1),(741,'oricorio-baile',741,6,34,167,889,1),(742,'cutiefly',742,1,2,61,893,1),(743,'ribombee',743,2,5,162,894,1),(744,'rockruff',744,5,92,56,896,1),(745,'lycanroc-midday',745,8,250,170,898,1),(746,'wishiwashi-solo',746,2,3,61,901,1),(747,'mareanie',747,4,80,61,903,1),(748,'toxapex',748,7,145,173,904,1),(749,'mudbray',749,10,1100,77,905,1),(750,'mudsdale',750,25,9200,175,906,1),(751,'dewpider',751,3,40,54,907,1),(752,'araquanid',752,18,820,159,908,1),(753,'fomantis',753,3,15,50,910,1),(754,'lurantis',754,9,185,168,911,1),(755,'morelull',755,2,15,57,913,1),(756,'shiinotic',756,10,115,142,914,1),(757,'salandit',757,6,48,64,915,1),(758,'salazzle',758,12,222,168,916,1),(759,'stufful',759,5,68,68,918,1),(760,'bewear',760,21,1350,175,919,1),(761,'bounsweet',761,3,32,42,920,1),(762,'steenee',762,7,82,102,921,1),(763,'tsareena',763,12,214,255,922,1),(764,'comfey',764,1,3,170,923,1),(765,'oranguru',765,15,760,172,924,1),(766,'passimian',766,20,828,172,925,1),(767,'wimpod',767,5,120,46,926,1),(768,'golisopod',768,20,1080,186,927,1),(769,'sandygast',769,5,700,64,928,1),(770,'palossand',770,13,2500,168,929,1),(771,'pyukumuku',771,3,12,144,930,1),(772,'type-null',772,19,1205,107,931,1),(773,'silvally',773,23,1005,285,932,1),(774,'minior-red-meteor',774,3,400,154,933,1),(775,'komala',775,4,199,168,947,1),(776,'turtonator',776,20,2120,170,948,1),(777,'togedemaru',777,3,33,152,949,1),(778,'mimikyu-disguised',778,2,7,167,951,1),(779,'bruxish',779,9,190,166,955,1),(780,'drampa',780,30,1850,170,956,1),(781,'dhelmise',781,39,2100,181,957,1),(782,'jangmo-o',782,6,297,60,958,1),(783,'hakamo-o',783,12,470,147,959,1),(784,'kommo-o',784,16,782,300,960,1),(785,'tapu-koko',785,18,205,285,962,1),(786,'tapu-lele',786,12,186,285,963,1),(787,'tapu-bulu',787,19,455,285,964,1),(788,'tapu-fini',788,13,212,285,965,1),(789,'cosmog',789,2,1,40,966,1),(790,'cosmoem',790,1,9999,140,967,1),(791,'solgaleo',791,34,2300,340,968,1),(792,'lunala',792,40,1200,340,969,1),(793,'nihilego',793,12,555,285,970,1),(794,'buzzwole',794,24,3336,285,971,1),(795,'pheromosa',795,18,250,285,972,1),(796,'xurkitree',796,38,1000,285,973,1),(797,'celesteela',797,92,9999,285,974,1),(798,'kartana',798,3,1,285,975,1),(799,'guzzlord',799,55,8880,285,976,1),(800,'necrozma',800,24,2300,300,977,1),(801,'magearna',801,10,805,300,981,1),(802,'marshadow',802,7,222,300,983,1),(803,'poipole',803,6,18,210,984,1),(804,'naganadel',804,36,1500,270,985,1),(805,'stakataka',805,55,8200,285,986,1),(806,'blacephalon',806,18,130,285,987,1),(807,'zeraora',807,15,445,300,988,1),(808,'meltan',808,2,80,150,989,1),(809,'melmetal',809,25,8000,300,990,1),(810,'grookey',810,3,50,62,991,1),(811,'thwackey',811,7,140,147,992,1),(812,'rillaboom',812,21,900,265,993,1),(813,'scorbunny',813,3,45,62,994,1),(814,'raboot',814,6,90,147,995,1),(815,'cinderace',815,14,330,265,996,1),(816,'sobble',816,3,40,62,997,1),(817,'drizzile',817,7,115,147,998,1),(818,'inteleon',818,19,452,265,999,1),(819,'skwovet',819,3,25,55,1000,1),(820,'greedent',820,6,60,161,1001,1),(821,'rookidee',821,2,18,49,1002,1),(822,'corvisquire',822,8,160,128,1003,1),(823,'corviknight',823,22,750,248,1004,1),(824,'blipbug',824,4,80,36,1005,1),(825,'dottler',825,4,195,117,1006,1),(826,'orbeetle',826,4,408,253,1007,1),(827,'nickit',827,6,89,49,1008,1),(828,'thievul',828,12,199,159,1009,1),(829,'gossifleur',829,4,22,50,1010,1),(830,'eldegoss',830,5,25,161,1011,1),(831,'wooloo',831,6,60,122,1012,1),(832,'dubwool',832,13,430,172,1013,1),(833,'chewtle',833,3,85,57,1014,1),(834,'drednaw',834,10,1155,170,1015,1),(835,'yamper',835,3,135,54,1016,1),(836,'boltund',836,10,340,172,1017,1),(837,'rolycoly',837,3,120,48,1018,1),(838,'carkol',838,11,780,144,1019,1),(839,'coalossal',839,28,3105,255,1020,1),(840,'applin',840,2,5,52,1021,1),(841,'flapple',841,3,10,170,1022,1),(842,'appletun',842,4,130,170,1023,1),(843,'silicobra',843,22,76,63,1024,1),(844,'sandaconda',844,38,655,179,1025,1),(845,'cramorant',845,8,180,166,1026,1),(846,'arrokuda',846,5,10,56,1029,1),(847,'barraskewda',847,13,300,172,1030,1),(848,'toxel',848,4,110,48,1031,1),(849,'toxtricity-amped',849,16,400,176,1032,1),(850,'sizzlipede',850,7,10,61,1034,1),(851,'centiskorch',851,30,1200,184,1035,1),(852,'clobbopus',852,6,40,62,1036,1),(853,'grapploct',853,16,390,168,1037,1),(854,'sinistea',854,1,2,62,1038,1),(855,'polteageist',855,2,4,178,1039,1),(856,'hatenna',856,4,34,53,1040,1),(857,'hattrem',857,6,48,130,1041,1),(858,'hatterene',858,21,51,255,1042,1),(859,'impidimp',859,4,55,53,1043,1),(860,'morgrem',860,8,125,130,1044,1),(861,'grimmsnarl',861,15,610,255,1045,1),(862,'obstagoon',862,16,460,260,1046,1),(863,'perrserker',863,8,280,154,1047,1),(864,'cursola',864,10,4,179,1048,1),(865,'sirfetchd',865,8,1170,177,1049,1),(866,'mr-rime',866,15,582,182,1050,1),(867,'runerigus',867,16,666,169,1051,1),(868,'milcery',868,2,3,54,1052,1),(869,'alcremie',869,3,5,173,1053,1),(870,'falinks',870,30,620,165,1054,1),(871,'pincurchin',871,3,10,152,1055,1),(872,'snom',872,3,38,37,1056,1),(873,'frosmoth',873,13,420,166,1057,1),(874,'stonjourner',874,25,5200,165,1058,1),(875,'eiscue-ice',875,14,890,165,1059,1),(876,'indeedee-male',876,9,280,166,1061,1),(877,'morpeko-full-belly',877,3,30,153,1063,1),(878,'cufant',878,12,1000,66,1065,1),(879,'copperajah',879,30,6500,175,1066,1),(880,'dracozolt',880,18,1900,177,1067,1),(881,'arctozolt',881,23,1500,177,1068,1),(882,'dracovish',882,23,2150,177,1069,1),(883,'arctovish',883,20,1750,177,1070,1),(884,'duraludon',884,18,400,187,1071,1),(885,'dreepy',885,5,20,54,1072,1),(886,'drakloak',886,14,110,144,1073,1),(887,'dragapult',887,30,500,300,1074,1),(888,'zacian',888,28,1100,335,1075,1),(889,'zamazenta',889,29,2100,335,1077,1),(890,'eternatus',890,200,9500,345,1079,1),(891,'kubfu',891,6,120,77,1081,1),(892,'urshifu-single-strike',892,19,1050,275,1082,1),(893,'zarude',893,18,700,300,1084,1),(894,'regieleki',894,12,1450,290,1086,1),(895,'regidrago',895,21,2000,290,1087,1),(896,'glastrier',896,22,8000,290,1088,1),(897,'spectrier',897,20,445,290,1089,1),(898,'calyrex',898,11,77,250,1090,1),(10001,'deoxys-attack',386,17,608,270,515,0),(10002,'deoxys-defense',386,17,608,270,516,0),(10003,'deoxys-speed',386,17,608,270,517,0),(10004,'wormadam-sandy',413,5,65,148,543,0),(10005,'wormadam-trash',413,5,65,148,544,0),(10006,'shaymin-sky',492,4,52,270,607,0),(10007,'giratina-origin',487,69,6500,340,601,0),(10008,'rotom-heat',479,3,3,182,588,0),(10009,'rotom-wash',479,3,3,182,589,0),(10010,'rotom-frost',479,3,3,182,590,0),(10011,'rotom-fan',479,3,3,182,591,0),(10012,'rotom-mow',479,3,3,182,592,0),(10013,'castform-sunny',351,3,8,147,465,0),(10014,'castform-rainy',351,3,8,147,466,0),(10015,'castform-snowy',351,3,8,147,467,0),(10016,'basculin-blue-striped',550,10,180,161,667,0),(10017,'darmanitan-zen',555,13,929,189,674,0),(10018,'meloetta-pirouette',648,6,65,270,778,0),(10019,'tornadus-therian',641,14,630,290,765,0),(10020,'thundurus-therian',642,30,610,290,767,0),(10021,'landorus-therian',645,13,680,300,771,0),(10022,'kyurem-black',646,33,3250,350,774,0),(10023,'kyurem-white',646,36,3250,350,773,0),(10024,'keldeo-resolute',647,14,485,290,776,0),(10025,'meowstic-female',678,6,85,163,812,0),(10026,'aegislash-blade',681,17,530,250,816,0),(10027,'pumpkaboo-small',710,3,35,67,845,0),(10028,'pumpkaboo-large',710,5,75,67,846,0),(10029,'pumpkaboo-super',710,8,150,67,847,0),(10030,'gourgeist-small',711,7,95,173,849,0),(10031,'gourgeist-large',711,11,140,173,850,0),(10032,'gourgeist-super',711,17,390,173,851,0),(10033,'venusaur-mega',3,24,1555,281,4,0),(10034,'charizard-mega-x',6,17,1105,285,8,0),(10035,'charizard-mega-y',6,17,1005,285,9,0),(10036,'blastoise-mega',9,16,1011,284,13,0),(10037,'alakazam-mega',65,12,480,270,106,0),(10038,'gengar-mega',94,14,405,270,150,0),(10039,'kangaskhan-mega',115,22,1000,207,185,0),(10040,'pinsir-mega',127,17,590,210,208,0),(10041,'gyarados-mega',130,65,3050,224,212,0),(10042,'aerodactyl-mega',142,21,790,215,233,0),(10043,'mewtwo-mega-x',150,23,1270,351,246,0),(10044,'mewtwo-mega-y',150,15,330,351,247,0),(10045,'ampharos-mega',181,14,615,275,276,0),(10046,'scizor-mega',212,20,1250,210,198,0),(10047,'heracross-mega',214,17,625,210,311,0),(10048,'houndoom-mega',229,19,495,210,331,0),(10049,'tyranitar-mega',248,25,2550,315,343,0),(10050,'blaziken-mega',257,19,520,284,354,0),(10051,'gardevoir-mega',282,16,484,278,383,0),(10052,'mawile-mega',303,10,235,168,408,0),(10053,'aggron-mega',306,22,3950,284,412,0),(10054,'medicham-mega',308,13,315,179,415,0),(10055,'manectric-mega',310,18,440,201,418,0),(10056,'banette-mega',354,12,130,194,471,0),(10057,'absol-mega',359,12,490,198,479,0),(10058,'garchomp-mega',445,19,950,315,571,0),(10059,'lucario-mega',448,13,575,219,574,0),(10060,'abomasnow-mega',460,27,1850,208,586,0),(10061,'floette-eternal',670,2,9,243,803,0),(10062,'latias-mega',380,18,520,315,504,0),(10063,'latios-mega',381,23,700,315,506,0),(10064,'swampert-mega',260,19,1020,286,358,0),(10065,'sceptile-mega',254,19,552,284,350,0),(10066,'sableye-mega',302,5,1610,168,406,0),(10067,'altaria-mega',334,15,206,207,447,0),(10068,'gallade-mega',475,16,564,278,385,0),(10069,'audino-mega',531,15,320,425,647,0),(10070,'sharpedo-mega',319,25,1303,196,430,0),(10071,'slowbro-mega',80,20,1200,207,128,0),(10072,'steelix-mega',208,105,7400,214,153,0),(10073,'pidgeot-mega',18,22,505,261,24,0),(10074,'glalie-mega',362,21,3502,203,482,0),(10075,'diancie-mega',719,11,278,315,864,0),(10076,'metagross-mega',376,25,9429,315,499,0),(10077,'kyogre-primal',382,98,4300,347,508,0),(10078,'groudon-primal',383,50,9997,347,510,0),(10079,'rayquaza-mega',384,108,3920,351,512,0),(10080,'pikachu-rock-star',25,4,60,112,37,0),(10081,'pikachu-belle',25,4,60,112,38,0),(10082,'pikachu-pop-star',25,4,60,112,39,0),(10083,'pikachu-phd',25,4,60,112,40,0),(10084,'pikachu-libre',25,4,60,112,41,0),(10085,'pikachu-cosplay',25,4,60,112,36,0),(10086,'hoopa-unbound',720,65,4900,306,866,0),(10087,'camerupt-mega',323,25,3205,196,435,0),(10088,'lopunny-mega',428,13,283,203,559,0),(10089,'salamence-mega',373,18,1126,315,495,0),(10090,'beedrill-mega',15,14,405,223,20,0),(10091,'rattata-alola',19,3,38,51,26,0),(10092,'raticate-alola',20,7,255,145,28,0),(10093,'raticate-totem-alola',20,14,1050,145,29,0),(10094,'pikachu-original-cap',25,4,60,112,42,0),(10095,'pikachu-hoenn-cap',25,4,60,112,43,0),(10096,'pikachu-sinnoh-cap',25,4,60,112,44,0),(10097,'pikachu-unova-cap',25,4,60,112,45,0),(10098,'pikachu-kalos-cap',25,4,60,112,46,0),(10099,'pikachu-alola-cap',25,4,60,112,47,0),(10100,'raichu-alola',26,7,210,243,52,0),(10101,'sandshrew-alola',27,7,400,60,54,0),(10102,'sandslash-alola',28,12,550,158,56,0),(10103,'vulpix-alola',37,6,99,60,67,0),(10104,'ninetales-alola',38,11,199,177,69,0),(10105,'diglett-alola',50,2,10,53,85,0),(10106,'dugtrio-alola',51,7,666,149,87,0),(10107,'meowth-alola',52,4,42,58,89,0),(10108,'persian-alola',53,11,330,154,92,0),(10109,'geodude-alola',74,4,203,60,116,0),(10110,'graveler-alola',75,10,1100,137,118,0),(10111,'golem-alola',76,17,3160,223,120,0),(10112,'grimer-alola',88,7,420,65,142,0),(10113,'muk-alola',89,10,520,175,144,0),(10114,'exeggutor-alola',103,109,4156,186,162,0),(10115,'marowak-alola',105,10,340,149,165,0),(10116,'greninja-battle-bond',658,15,400,239,789,0),(10117,'greninja-ash',658,15,400,288,790,0),(10118,'zygarde-10-power-construct',718,12,335,243,860,0),(10119,'zygarde-50-power-construct',718,50,3050,300,861,0),(10120,'zygarde-complete',718,45,6100,354,862,0),(10121,'gumshoos-totem',735,14,600,146,882,0),(10122,'vikavolt-totem',738,26,1475,225,886,0),(10123,'oricorio-pom-pom',741,6,34,167,890,0),(10124,'oricorio-pau',741,6,34,167,891,0),(10125,'oricorio-sensu',741,6,34,167,892,0),(10126,'lycanroc-midnight',745,11,250,170,899,0),(10127,'wishiwashi-school',746,82,786,217,902,0),(10128,'lurantis-totem',754,15,580,168,912,0),(10129,'salazzle-totem',758,21,810,168,917,0),(10130,'minior-orange-meteor',774,3,400,154,934,0),(10131,'minior-yellow-meteor',774,3,400,154,935,0),(10132,'minior-green-meteor',774,3,400,154,936,0),(10133,'minior-blue-meteor',774,3,400,154,937,0),(10134,'minior-indigo-meteor',774,3,400,154,938,0),(10135,'minior-violet-meteor',774,3,400,154,939,0),(10136,'minior-red',774,3,3,175,940,0),(10137,'minior-orange',774,3,3,175,941,0),(10138,'minior-yellow',774,3,3,175,942,0),(10139,'minior-green',774,3,3,175,943,0),(10140,'minior-blue',774,3,3,175,944,0),(10141,'minior-indigo',774,3,3,175,945,0),(10142,'minior-violet',774,3,3,175,946,0),(10143,'mimikyu-busted',778,2,7,167,952,0),(10144,'mimikyu-totem-disguised',778,4,28,167,953,0),(10145,'mimikyu-totem-busted',778,4,28,167,954,0),(10146,'kommo-o-totem',784,24,2075,270,961,0),(10147,'magearna-original',801,10,805,300,982,0),(10148,'pikachu-partner-cap',25,4,60,112,48,0),(10149,'marowak-totem',105,17,980,149,166,0),(10150,'ribombee-totem',743,4,20,162,895,0),(10151,'rockruff-own-tempo',744,5,92,56,897,0),(10152,'lycanroc-dusk',745,8,250,170,900,0),(10153,'araquanid-totem',752,31,2175,159,909,0),(10154,'togedemaru-totem',777,6,130,152,950,0),(10155,'necrozma-dusk',800,38,4600,340,978,0),(10156,'necrozma-dawn',800,42,3500,340,979,0),(10157,'necrozma-ultra',800,75,2300,339,980,0),(10158,'pikachu-starter',25,4,60,86,49,0),(10159,'eevee-starter',133,3,65,87,216,0),(10160,'pikachu-world-cap',25,4,60,112,50,0),(10161,'meowth-galar',52,4,75,58,90,0),(10162,'ponyta-galar',77,8,240,82,122,0),(10163,'rapidash-galar',78,17,800,175,124,0),(10164,'slowpoke-galar',79,12,360,63,126,0),(10165,'slowbro-galar',80,16,705,172,129,0),(10166,'farfetchd-galar',83,8,420,132,136,0),(10167,'weezing-galar',110,30,160,172,175,0),(10168,'mr-mime-galar',122,14,568,161,195,0),(10169,'articuno-galar',144,17,509,290,237,0),(10170,'zapdos-galar',145,16,582,290,239,0),(10171,'moltres-galar',146,20,660,290,241,0),(10172,'slowking-galar',199,18,795,172,131,0),(10173,'corsola-galar',222,6,5,144,322,0),(10174,'zigzagoon-galar',263,4,175,56,362,0),(10175,'linoone-galar',264,5,325,147,364,0),(10176,'darumaka-galar',554,7,400,63,672,0),(10177,'darmanitan-galar-standard',555,17,1200,168,675,0),(10178,'darmanitan-galar-zen',555,17,1200,189,676,0),(10179,'yamask-galar',562,5,15,61,684,0),(10180,'stunfisk-galar',618,7,205,165,741,0),(10181,'zygarde-10',718,12,335,243,859,0),(10182,'cramorant-gulping',845,8,180,166,1027,0),(10183,'cramorant-gorging',845,8,180,166,1028,0),(10184,'toxtricity-low-key',849,16,400,176,1033,0),(10185,'eiscue-noice',875,14,890,165,1060,0),(10186,'indeedee-female',876,9,280,166,1062,0),(10187,'morpeko-hangry',877,3,30,153,1064,0),(10188,'zacian-crowned',888,28,3550,360,1076,0),(10189,'zamazenta-crowned',889,29,7850,360,1078,0),(10190,'eternatus-eternamax',890,1000,0,563,1080,0),(10191,'urshifu-rapid-strike',892,19,1050,275,1083,0),(10192,'zarude-dada',893,18,700,300,1085,0),(10193,'calyrex-ice',898,24,8091,340,1091,0),(10194,'calyrex-shadow',898,24,536,340,1092,0);
/*!40000 ALTER TABLE `pokemon` ENABLE KEYS */;
UNLOCK TABLES;

--
-- Table structure for table `pokemon_abilities`
--

DROP TABLE IF EXISTS `pokemon_abilities`;
/*!40101 SET @saved_cs_client     = @@character_set_client */;
/*!40101 SET character_set_client = utf8 */;
CREATE TABLE `pokemon_abilities` (
  `pokemon_id` int(5) NOT NULL,
  `ability_id` int(3) NOT NULL,
  `is_hidden` int(1) DEFAULT NULL,
  `slot` int(1) NOT NULL,
  PRIMARY KEY (`pokemon_id`,`ability_id`,`slot`),
  KEY `FK_pokemon_ability_pokemon_ability` (`ability_id`),
  CONSTRAINT `FK_pokemon_ability_pokemon_ability` FOREIGN KEY (`ability_id`) REFERENCES `abilities` (`id`),
  CONSTRAINT `FK_pokemon_ability_pokemon_id` FOREIGN KEY (`pokemon_id`) REFERENCES `pokemon` (`id`)
) ENGINE=InnoDB DEFAULT CHARSET=utf8mb3 COLLATE=utf8mb3_general_ci;
/*!40101 SET character_set_client = @saved_cs_client */;

--
-- Dumping data for table `pokemon_abilities`
--

LOCK TABLES `pokemon_abilities` WRITE;
/*!40000 ALTER TABLE `pokemon_abilities` DISABLE KEYS */;
INSERT INTO `pokemon_abilities` VALUES (1,34,1,3),(1,65,0,1),(2,34,1,3),(2,65,0,1),(3,34,1,3),(3,65,0,1),(4,66,0,1),(4,94,1,3),(5,66,0,1),(5,94,1,3),(6,66,0,1),(6,94,1,3),(7,44,1,3),(7,67,0,1),(8,44,1,3),(8,67,0,1),(9,44,1,3),(9,67,0,1),(10,19,0,1),(10,50,1,3),(11,61,0,1),(12,14,0,1),(12,110,1,3),(13,19,0,1),(13,50,1,3),(14,61,0,1),(15,68,0,1),(15,97,1,3),(16,51,0,1),(16,77,0,2),(16,145,1,3),(17,51,0,1),(17,77,0,2),(17,145,1,3),(18,51,0,1),(18,77,0,2),(18,145,1,3),(19,50,0,1),(19,55,1,3),(19,62,0,2),(20,50,0,1),(20,55,1,3),(20,62,0,2),(21,51,0,1),(21,97,1,3),(22,51,0,1),(22,97,1,3),(23,22,0,1),(23,61,0,2),(23,127,1,3),(24,22,0,1),(24,61,0,2),(24,127,1,3),(25,9,0,1),(25,31,1,3),(26,9,0,1),(26,31,1,3),(27,8,0,1),(27,146,1,3),(28,8,0,1),(28,146,1,3),(29,38,0,1),(29,55,1,3),(29,79,0,2),(30,38,0,1),(30,55,1,3),(30,79,0,2),(31,38,0,1),(31,79,0,2),(31,125,1,3),(32,38,0,1),(32,55,1,3),(32,79,0,2),(33,38,0,1),(33,55,1,3),(33,79,0,2),(34,38,0,1),(34,79,0,2),(34,125,1,3),(35,56,0,1),(35,98,0,2),(35,132,1,3),(36,56,0,1),(36,98,0,2),(36,109,1,3),(37,18,0,1),(37,70,1,3),(38,18,0,1),(38,70,1,3),(39,56,0,1),(39,132,1,3),(39,172,0,2),(40,56,0,1),(40,119,1,3),(40,172,0,2),(41,39,0,1),(41,151,1,3),(42,39,0,1),(42,151,1,3),(43,34,0,1),(43,50,1,3),(44,1,1,3),(44,34,0,1),(45,27,1,3),(45,34,0,1),(46,6,1,3),(46,27,0,1),(46,87,0,2),(47,6,1,3),(47,27,0,1),(47,87,0,2),(48,14,0,1),(48,50,1,3),(48,110,0,2),(49,19,0,1),(49,110,0,2),(49,147,1,3),(50,8,0,1),(50,71,0,2),(50,159,1,3),(51,8,0,1),(51,71,0,2),(51,159,1,3),(52,53,0,1),(52,101,0,2),(52,127,1,3),(53,7,0,1),(53,101,0,2),(53,127,1,3),(54,6,0,1),(54,13,0,2),(54,33,1,3),(55,6,0,1),(55,13,0,2),(55,33,1,3),(56,72,0,1),(56,83,0,2),(56,128,1,3),(57,72,0,1),(57,83,0,2),(57,128,1,3),(58,18,0,2),(58,22,0,1),(58,154,1,3),(59,18,0,2),(59,22,0,1),(59,154,1,3),(60,6,0,2),(60,11,0,1),(60,33,1,3),(61,6,0,2),(61,11,0,1),(61,33,1,3),(62,6,0,2),(62,11,0,1),(62,33,1,3),(63,28,0,1),(63,39,0,2),(63,98,1,3),(64,28,0,1),(64,39,0,2),(64,98,1,3),(65,28,0,1),(65,39,0,2),(65,98,1,3),(66,62,0,1),(66,80,1,3),(66,99,0,2),(67,62,0,1),(67,80,1,3),(67,99,0,2),(68,62,0,1),(68,80,1,3),(68,99,0,2),(69,34,0,1),(69,82,1,3),(70,34,0,1),(70,82,1,3),(71,34,0,1),(71,82,1,3),(72,29,0,1),(72,44,1,3),(72,64,0,2),(73,29,0,1),(73,44,1,3),(73,64,0,2),(74,5,0,2),(74,8,1,3),(74,69,0,1),(75,5,0,2),(75,8,1,3),(75,69,0,1),(76,5,0,2),(76,8,1,3),(76,69,0,1),(77,18,0,2),(77,49,1,3),(77,50,0,1),(78,18,0,2),(78,49,1,3),(78,50,0,1),(79,12,0,1),(79,20,0,2),(79,144,1,3),(80,12,0,1),(80,20,0,2),(80,144,1,3),(81,5,0,2),(81,42,0,1),(81,148,1,3),(82,5,0,2),(82,42,0,1),(82,148,1,3),(83,39,0,2),(83,51,0,1),(83,128,1,3),(84,48,0,2),(84,50,0,1),(84,77,1,3),(85,48,0,2),(85,50,0,1),(85,77,1,3),(86,47,0,1),(86,93,0,2),(86,115,1,3),(87,47,0,1),(87,93,0,2),(87,115,1,3),(88,1,0,1),(88,60,0,2),(88,143,1,3),(89,1,0,1),(89,60,0,2),(89,143,1,3),(90,75,0,1),(90,92,0,2),(90,142,1,3),(91,75,0,1),(91,92,0,2),(91,142,1,3),(92,26,0,1),(93,26,0,1),(94,130,0,1),(95,5,0,2),(95,69,0,1),(95,133,1,3),(96,15,0,1),(96,39,1,3),(96,108,0,2),(97,15,0,1),(97,39,1,3),(97,108,0,2),(98,52,0,1),(98,75,0,2),(98,125,1,3),(99,52,0,1),(99,75,0,2),(99,125,1,3),(100,9,0,2),(100,43,0,1),(100,106,1,3),(101,9,0,2),(101,43,0,1),(101,106,1,3),(102,34,0,1),(102,139,1,3),(103,34,0,1),(103,139,1,3),(104,4,1,3),(104,31,0,2),(104,69,0,1),(105,4,1,3),(105,31,0,2),(105,69,0,1),(106,7,0,1),(106,84,1,3),(106,120,0,2),(107,39,1,3),(107,51,0,1),(107,89,0,2),(108,12,0,2),(108,13,1,3),(108,20,0,1),(109,1,1,3),(109,26,0,1),(109,256,0,2),(110,1,1,3),(110,26,0,1),(110,256,0,2),(111,31,0,1),(111,69,0,2),(111,120,1,3),(112,31,0,1),(112,69,0,2),(112,120,1,3),(113,30,0,1),(113,32,0,2),(113,131,1,3),(114,34,0,1),(114,102,0,2),(114,144,1,3),(115,39,1,3),(115,48,0,1),(115,113,0,2),(116,6,1,3),(116,33,0,1),(116,97,0,2),(117,6,1,3),(117,38,0,1),(117,97,0,2),(118,31,1,3),(118,33,0,1),(118,41,0,2),(119,31,1,3),(119,33,0,1),(119,41,0,2),(120,30,0,2),(120,35,0,1),(120,148,1,3),(121,30,0,2),(121,35,0,1),(121,148,1,3),(122,43,0,1),(122,101,1,3),(122,111,0,2),(123,68,0,1),(123,80,1,3),(123,101,0,2),(124,12,0,1),(124,87,1,3),(124,108,0,2),(125,9,0,1),(125,72,1,3),(126,49,0,1),(126,72,1,3),(127,52,0,1),(127,104,0,2),(127,153,1,3),(128,22,0,1),(128,83,0,2),(128,125,1,3),(129,33,0,1),(129,155,1,3),(130,22,0,1),(130,153,1,3),(131,11,0,1),(131,75,0,2),(131,93,1,3),(132,7,0,1),(132,150,1,3),(133,50,0,1),(133,91,0,2),(133,107,1,3),(134,11,0,1),(134,93,1,3),(135,10,0,1),(135,95,1,3),(136,18,0,1),(136,62,1,3),(137,36,0,1),(137,88,0,2),(137,148,1,3),(138,33,0,1),(138,75,0,2),(138,133,1,3),(139,33,0,1),(139,75,0,2),(139,133,1,3),(140,4,0,2),(140,33,0,1),(140,133,1,3),(141,4,0,2),(141,33,0,1),(141,133,1,3),(142,46,0,2),(142,69,0,1),(142,127,1,3),(143,17,0,1),(143,47,0,2),(143,82,1,3),(144,46,0,1),(144,81,1,3),(145,9,1,3),(145,46,0,1),(146,46,0,1),(146,49,1,3),(147,61,0,1),(147,63,1,3),(148,61,0,1),(148,63,1,3),(149,39,0,1),(149,136,1,3),(150,46,0,1),(150,127,1,3),(151,28,0,1),(152,65,0,1),(152,102,1,3),(153,65,0,1),(153,102,1,3),(154,65,0,1),(154,102,1,3),(155,18,1,3),(155,66,0,1),(156,18,1,3),(156,66,0,1),(157,18,1,3),(157,66,0,1),(158,67,0,1),(158,125,1,3),(159,67,0,1),(159,125,1,3),(160,67,0,1),(160,125,1,3),(161,50,0,1),(161,51,0,2),(161,119,1,3),(162,50,0,1),(162,51,0,2),(162,119,1,3),(163,15,0,1),(163,51,0,2),(163,110,1,3),(164,15,0,1),(164,51,0,2),(164,110,1,3),(165,48,0,2),(165,68,0,1),(165,155,1,3),(166,48,0,2),(166,68,0,1),(166,89,1,3),(167,15,0,2),(167,68,0,1),(167,97,1,3),(168,15,0,2),(168,68,0,1),(168,97,1,3),(169,39,0,1),(169,151,1,3),(170,10,0,1),(170,11,1,3),(170,35,0,2),(171,10,0,1),(171,11,1,3),(171,35,0,2),(172,9,0,1),(172,31,1,3),(173,56,0,1),(173,98,0,2),(173,132,1,3),(174,56,0,1),(174,132,1,3),(174,172,0,2),(175,32,0,2),(175,55,0,1),(175,105,1,3),(176,32,0,2),(176,55,0,1),(176,105,1,3),(177,28,0,1),(177,48,0,2),(177,156,1,3),(178,28,0,1),(178,48,0,2),(178,156,1,3),(179,9,0,1),(179,57,1,3),(180,9,0,1),(180,57,1,3),(181,9,0,1),(181,57,1,3),(182,34,0,1),(182,131,1,3),(183,37,0,2),(183,47,0,1),(183,157,1,3),(184,37,0,2),(184,47,0,1),(184,157,1,3),(185,5,0,1),(185,69,0,2),(185,155,1,3),(186,2,1,3),(186,6,0,2),(186,11,0,1),(187,34,0,1),(187,102,0,2),(187,151,1,3),(188,34,0,1),(188,102,0,2),(188,151,1,3),(189,34,0,1),(189,102,0,2),(189,151,1,3),(190,50,0,1),(190,53,0,2),(190,92,1,3),(191,34,0,1),(191,48,1,3),(191,94,0,2),(192,34,0,1),(192,48,1,3),(192,94,0,2),(193,3,0,1),(193,14,0,2),(193,119,1,3),(194,6,0,1),(194,11,0,2),(194,109,1,3),(195,6,0,1),(195,11,0,2),(195,109,1,3),(196,28,0,1),(196,156,1,3),(197,28,0,1),(197,39,1,3),(198,15,0,1),(198,105,0,2),(198,158,1,3),(199,12,0,1),(199,20,0,2),(199,144,1,3),(200,26,0,1),(201,26,0,1),(202,23,0,1),(202,140,1,3),(203,39,0,1),(203,48,0,2),(203,157,1,3),(204,5,0,1),(204,142,1,3),(205,5,0,1),(205,142,1,3),(206,32,0,1),(206,50,0,2),(206,155,1,3),(207,8,0,2),(207,17,1,3),(207,52,0,1),(208,5,0,2),(208,69,0,1),(208,125,1,3),(209,22,0,1),(209,50,0,2),(209,155,1,3),(210,22,0,1),(210,95,0,2),(210,155,1,3),(211,22,1,3),(211,33,0,2),(211,38,0,1),(212,68,0,1),(212,101,0,2),(212,135,1,3),(213,5,0,1),(213,82,0,2),(213,126,1,3),(214,62,0,2),(214,68,0,1),(214,153,1,3),(215,39,0,1),(215,51,0,2),(215,124,1,3),(216,53,0,1),(216,95,0,2),(216,118,1,3),(217,62,0,1),(217,95,0,2),(217,127,1,3),(218,40,0,1),(218,49,0,2),(218,133,1,3),(219,40,0,1),(219,49,0,2),(219,133,1,3),(220,12,0,1),(220,47,1,3),(220,81,0,2),(221,12,0,1),(221,47,1,3),(221,81,0,2),(222,30,0,2),(222,55,0,1),(222,144,1,3),(223,55,0,1),(223,97,0,2),(223,141,1,3),(224,21,0,1),(224,97,0,2),(224,141,1,3),(225,15,1,3),(225,55,0,2),(225,72,0,1),(226,11,0,2),(226,33,0,1),(226,41,1,3),(227,5,0,2),(227,51,0,1),(227,133,1,3),(228,18,0,2),(228,48,0,1),(228,127,1,3),(229,18,0,2),(229,48,0,1),(229,127,1,3),(230,6,1,3),(230,33,0,1),(230,97,0,2),(231,8,1,3),(231,53,0,1),(232,5,0,1),(232,8,1,3),(233,36,0,1),(233,88,0,2),(233,148,1,3),(234,22,0,1),(234,119,0,2),(234,157,1,3),(235,20,0,1),(235,101,0,2),(235,141,1,3),(236,62,0,1),(236,72,1,3),(236,80,0,2),(237,22,0,1),(237,80,1,3),(237,101,0,2),(238,12,0,1),(238,93,1,3),(238,108,0,2),(239,9,0,1),(239,72,1,3),(240,49,0,1),(240,72,1,3),(241,47,0,1),(241,113,0,2),(241,157,1,3),(242,30,0,1),(242,32,0,2),(242,131,1,3),(243,39,1,3),(243,46,0,1),(244,39,1,3),(244,46,0,1),(245,39,1,3),(245,46,0,1),(246,8,1,3),(246,62,0,1),(247,61,0,1),(248,45,0,1),(248,127,1,3),(249,46,0,1),(249,136,1,3),(250,46,0,1),(250,144,1,3),(251,30,0,1),(252,65,0,1),(252,84,1,3),(253,65,0,1),(253,84,1,3),(254,65,0,1),(254,84,1,3),(255,3,1,3),(255,66,0,1),(256,3,1,3),(256,66,0,1),(257,3,1,3),(257,66,0,1),(258,6,1,3),(258,67,0,1),(259,6,1,3),(259,67,0,1),(260,6,1,3),(260,67,0,1),(261,50,0,1),(261,95,0,2),(261,155,1,3),(262,22,0,1),(262,95,0,2),(262,153,1,3),(263,53,0,1),(263,82,0,2),(263,95,1,3),(264,53,0,1),(264,82,0,2),(264,95,1,3),(265,19,0,1),(265,50,1,3),(266,61,0,1),(267,68,0,1),(267,79,1,3),(268,61,0,1),(269,14,1,3),(269,19,0,1),(270,20,1,3),(270,33,0,1),(270,44,0,2),(271,20,1,3),(271,33,0,1),(271,44,0,2),(272,20,1,3),(272,33,0,1),(272,44,0,2),(273,34,0,1),(273,48,0,2),(273,124,1,3),(274,34,0,1),(274,48,0,2),(274,124,1,3),(275,34,0,1),(275,48,0,2),(275,124,1,3),(276,62,0,1),(276,113,1,3),(277,62,0,1),(277,113,1,3),(278,44,1,3),(278,51,0,1),(278,93,0,2),(279,2,0,2),(279,44,1,3),(279,51,0,1),(280,28,0,1),(280,36,0,2),(280,140,1,3),(281,28,0,1),(281,36,0,2),(281,140,1,3),(282,28,0,1),(282,36,0,2),(282,140,1,3),(283,33,0,1),(283,44,1,3),(284,22,0,1),(284,127,1,3),(285,27,0,1),(285,90,0,2),(285,95,1,3),(286,27,0,1),(286,90,0,2),(286,101,1,3),(287,54,0,1),(288,72,0,1),(289,54,0,1),(290,14,0,1),(290,50,1,3),(291,3,0,1),(291,151,1,3),(292,25,0,1),(293,43,0,1),(293,155,1,3),(294,43,0,1),(294,113,1,3),(295,43,0,1),(295,113,1,3),(296,47,0,1),(296,62,0,2),(296,125,1,3),(297,47,0,1),(297,62,0,2),(297,125,1,3),(298,37,0,2),(298,47,0,1),(298,157,1,3),(299,5,0,1),(299,42,0,2),(299,159,1,3),(300,56,0,1),(300,96,0,2),(300,147,1,3),(301,56,0,1),(301,96,0,2),(301,147,1,3),(302,51,0,1),(302,100,0,2),(302,158,1,3),(303,22,0,2),(303,52,0,1),(303,125,1,3),(304,5,0,1),(304,69,0,2),(304,134,1,3),(305,5,0,1),(305,69,0,2),(305,134,1,3),(306,5,0,1),(306,69,0,2),(306,134,1,3),(307,74,0,1),(307,140,1,3),(308,74,0,1),(308,140,1,3),(309,9,0,1),(309,31,0,2),(309,58,1,3),(310,9,0,1),(310,31,0,2),(310,58,1,3),(311,31,1,3),(311,57,0,1),(312,10,1,3),(312,58,0,1),(313,35,0,1),(313,68,0,2),(313,158,1,3),(314,12,0,1),(314,110,0,2),(314,158,1,3),(315,30,0,1),(315,38,0,2),(315,102,1,3),(316,60,0,2),(316,64,0,1),(316,82,1,3),(317,60,0,2),(317,64,0,1),(317,82,1,3),(318,3,1,3),(318,24,0,1),(319,3,1,3),(319,24,0,1),(320,12,0,2),(320,41,0,1),(320,46,1,3),(321,12,0,2),(321,41,0,1),(321,46,1,3),(322,12,0,1),(322,20,1,3),(322,86,0,2),(323,40,0,1),(323,83,1,3),(323,116,0,2),(324,70,0,2),(324,73,0,1),(324,75,1,3),(325,20,0,2),(325,47,0,1),(325,82,1,3),(326,20,0,2),(326,47,0,1),(326,82,1,3),(327,20,0,1),(327,77,0,2),(327,126,1,3),(328,52,0,1),(328,71,0,2),(328,125,1,3),(329,26,0,1),(330,26,0,1),(331,8,0,1),(331,11,1,3),(332,8,0,1),(332,11,1,3),(333,13,1,3),(333,30,0,1),(334,13,1,3),(334,30,0,1),(335,17,0,1),(335,137,1,3),(336,61,0,1),(336,151,1,3),(337,26,0,1),(338,26,0,1),(339,12,0,1),(339,93,1,3),(339,107,0,2),(340,12,0,1),(340,93,1,3),(340,107,0,2),(341,52,0,1),(341,75,0,2),(341,91,1,3),(342,52,0,1),(342,75,0,2),(342,91,1,3),(343,26,0,1),(344,26,0,1),(345,21,0,1),(345,114,1,3),(346,21,0,1),(346,114,1,3),(347,4,0,1),(347,33,1,3),(348,4,0,1),(348,33,1,3),(349,12,0,2),(349,33,0,1),(349,91,1,3),(350,56,1,3),(350,63,0,1),(350,172,0,2),(351,59,0,1),(352,16,0,1),(352,168,1,3),(353,15,0,1),(353,119,0,2),(353,130,1,3),(354,15,0,1),(354,119,0,2),(354,130,1,3),(355,26,0,1),(355,119,1,3),(356,46,0,1),(356,119,1,3),(357,34,0,1),(357,94,0,2),(357,139,1,3),(358,26,0,1),(359,46,0,1),(359,105,0,2),(359,154,1,3),(360,23,0,1),(360,140,1,3),(361,39,0,1),(361,115,0,2),(361,141,1,3),(362,39,0,1),(362,115,0,2),(362,141,1,3),(363,12,1,3),(363,47,0,1),(363,115,0,2),(364,12,1,3),(364,47,0,1),(364,115,0,2),(365,12,1,3),(365,47,0,1),(365,115,0,2),(366,75,0,1),(366,155,1,3),(367,33,0,1),(367,41,1,3),(368,33,0,1),(368,93,1,3),(369,5,1,3),(369,33,0,1),(369,69,0,2),(370,33,0,1),(370,93,1,3),(371,69,0,1),(371,125,1,3),(372,69,0,1),(372,142,1,3),(373,22,0,1),(373,153,1,3),(374,29,0,1),(374,135,1,3),(375,29,0,1),(375,135,1,3),(376,29,0,1),(376,135,1,3),(377,5,1,3),(377,29,0,1),(378,29,0,1),(378,115,1,3),(379,29,0,1),(379,135,1,3),(380,26,0,1),(381,26,0,1),(382,2,0,1),(383,70,0,1),(384,76,0,1),(385,32,0,1),(386,46,0,1),(387,65,0,1),(387,75,1,3),(388,65,0,1),(388,75,1,3),(389,65,0,1),(389,75,1,3),(390,66,0,1),(390,89,1,3),(391,66,0,1),(391,89,1,3),(392,66,0,1),(392,89,1,3),(393,67,0,1),(393,128,1,3),(394,67,0,1),(394,128,1,3),(395,67,0,1),(395,128,1,3),(396,51,0,1),(396,120,1,3),(397,22,0,1),(397,120,1,3),(398,22,0,1),(398,120,1,3),(399,86,0,1),(399,109,0,2),(399,141,1,3),(400,86,0,1),(400,109,0,2),(400,141,1,3),(401,50,1,3),(401,61,0,1),(402,68,0,1),(402,101,1,3),(403,22,0,2),(403,62,1,3),(403,79,0,1),(404,22,0,2),(404,62,1,3),(404,79,0,1),(405,22,0,2),(405,62,1,3),(405,79,0,1),(406,30,0,1),(406,38,0,2),(406,102,1,3),(407,30,0,1),(407,38,0,2),(407,101,1,3),(408,104,0,1),(408,125,1,3),(409,104,0,1),(409,125,1,3),(410,5,0,1),(410,43,1,3),(411,5,0,1),(411,43,1,3),(412,61,0,1),(412,142,1,3),(413,107,0,1),(413,142,1,3),(414,68,0,1),(414,110,1,3),(415,55,1,3),(415,118,0,1),(416,46,0,1),(416,127,1,3),(417,10,1,3),(417,50,0,1),(417,53,0,2),(418,33,0,1),(418,41,1,3),(419,33,0,1),(419,41,1,3),(420,34,0,1),(421,122,0,1),(422,60,0,1),(422,114,0,2),(422,159,1,3),(423,60,0,1),(423,114,0,2),(423,159,1,3),(424,53,0,2),(424,92,1,3),(424,101,0,1),(425,84,0,2),(425,106,0,1),(425,138,1,3),(426,84,0,2),(426,106,0,1),(426,138,1,3),(427,7,1,3),(427,50,0,1),(427,103,0,2),(428,7,1,3),(428,56,0,1),(428,103,0,2),(429,26,0,1),(430,15,0,1),(430,105,0,2),(430,153,1,3),(431,7,0,1),(431,20,0,2),(431,51,1,3),(432,20,0,2),(432,47,0,1),(432,128,1,3),(433,26,0,1),(434,1,0,1),(434,51,1,3),(434,106,0,2),(435,1,0,1),(435,51,1,3),(435,106,0,2),(436,26,0,1),(436,85,0,2),(436,134,1,3),(437,26,0,1),(437,85,0,2),(437,134,1,3),(438,5,0,1),(438,69,0,2),(438,155,1,3),(439,43,0,1),(439,101,1,3),(439,111,0,2),(440,30,0,1),(440,32,0,2),(440,132,1,3),(441,51,0,1),(441,77,0,2),(441,145,1,3),(442,46,0,1),(442,151,1,3),(443,8,0,1),(443,24,1,3),(444,8,0,1),(444,24,1,3),(445,8,0,1),(445,24,1,3),(446,47,0,2),(446,53,0,1),(446,82,1,3),(447,39,0,2),(447,80,0,1),(447,158,1,3),(448,39,0,2),(448,80,0,1),(448,154,1,3),(449,45,0,1),(449,159,1,3),(450,45,0,1),(450,159,1,3),(451,4,0,1),(451,51,1,3),(451,97,0,2),(452,4,0,1),(452,51,1,3),(452,97,0,2),(453,87,0,2),(453,107,0,1),(453,143,1,3),(454,87,0,2),(454,107,0,1),(454,143,1,3),(455,26,0,1),(456,33,0,1),(456,41,1,3),(456,114,0,2),(457,33,0,1),(457,41,1,3),(457,114,0,2),(458,11,0,2),(458,33,0,1),(458,41,1,3),(459,43,1,3),(459,117,0,1),(460,43,1,3),(460,117,0,1),(461,46,0,1),(461,124,1,3),(462,5,0,2),(462,42,0,1),(462,148,1,3),(463,12,0,2),(463,13,1,3),(463,20,0,1),(464,31,0,1),(464,116,0,2),(464,120,1,3),(465,34,0,1),(465,102,0,2),(465,144,1,3),(466,72,1,3),(466,78,0,1),(467,49,0,1),(467,72,1,3),(468,32,0,2),(468,55,0,1),(468,105,1,3),(469,3,0,1),(469,110,0,2),(469,119,1,3),(470,34,1,3),(470,102,0,1),(471,81,0,1),(471,115,1,3),(472,8,0,2),(472,52,0,1),(472,90,1,3),(473,12,0,1),(473,47,1,3),(473,81,0,2),(474,88,0,2),(474,91,0,1),(474,148,1,3),(475,80,0,1),(475,154,1,3),(476,5,0,1),(476,42,0,2),(476,159,1,3),(477,46,0,1),(477,119,1,3),(478,81,0,1),(478,130,1,3),(479,26,0,1),(480,26,0,1),(481,26,0,1),(482,26,0,1),(483,46,0,1),(483,140,1,3),(484,46,0,1),(484,140,1,3),(485,18,0,1),(485,49,1,3),(486,112,0,1),(487,46,0,1),(487,140,1,3),(488,26,0,1),(489,93,0,1),(490,93,0,1),(491,123,0,1),(492,30,0,1),(493,121,0,1),(494,162,0,1),(495,65,0,1),(495,126,1,3),(496,65,0,1),(496,126,1,3),(497,65,0,1),(497,126,1,3),(498,47,1,3),(498,66,0,1),(499,47,1,3),(499,66,0,1),(500,66,0,1),(500,120,1,3),(501,67,0,1),(501,75,1,3),(502,67,0,1),(502,75,1,3),(503,67,0,1),(503,75,1,3),(504,50,0,1),(504,51,0,2),(504,148,1,3),(505,35,0,1),(505,51,0,2),(505,148,1,3),(506,50,1,3),(506,53,0,2),(506,72,0,1),(507,22,0,1),(507,113,1,3),(507,146,0,2),(508,22,0,1),(508,113,1,3),(508,146,0,2),(509,7,0,1),(509,84,0,2),(509,158,1,3),(510,7,0,1),(510,84,0,2),(510,158,1,3),(511,65,1,3),(511,82,0,1),(512,65,1,3),(512,82,0,1),(513,66,1,3),(513,82,0,1),(514,66,1,3),(514,82,0,1),(515,67,1,3),(515,82,0,1),(516,67,1,3),(516,82,0,1),(517,28,0,2),(517,108,0,1),(517,140,1,3),(518,28,0,2),(518,108,0,1),(518,140,1,3),(519,79,1,3),(519,105,0,2),(519,145,0,1),(520,79,1,3),(520,105,0,2),(520,145,0,1),(521,79,1,3),(521,105,0,2),(521,145,0,1),(522,31,0,1),(522,78,0,2),(522,157,1,3),(523,31,0,1),(523,78,0,2),(523,157,1,3),(524,5,0,1),(524,133,0,2),(524,159,1,3),(525,5,0,1),(525,133,0,2),(525,159,1,3),(526,5,0,1),(526,45,0,2),(526,159,1,3),(527,86,1,3),(527,103,0,2),(527,109,0,1),(528,86,1,3),(528,103,0,2),(528,109,0,1),(529,104,1,3),(529,146,0,1),(529,159,0,2),(530,104,1,3),(530,146,0,1),(530,159,0,2),(531,103,1,3),(531,131,0,1),(531,144,0,2),(532,62,0,1),(532,89,1,3),(532,125,0,2),(533,62,0,1),(533,89,1,3),(533,125,0,2),(534,62,0,1),(534,89,1,3),(534,125,0,2),(535,11,1,3),(535,33,0,1),(535,93,0,2),(536,11,1,3),(536,33,0,1),(536,93,0,2),(537,11,1,3),(537,33,0,1),(537,143,0,2),(538,39,0,2),(538,62,0,1),(538,104,1,3),(539,5,0,1),(539,39,0,2),(539,104,1,3),(540,34,0,2),(540,68,0,1),(540,142,1,3),(541,34,0,2),(541,102,0,1),(541,142,1,3),(542,34,0,2),(542,68,0,1),(542,142,1,3),(543,3,1,3),(543,38,0,1),(543,68,0,2),(544,3,1,3),(544,38,0,1),(544,68,0,2),(545,3,1,3),(545,38,0,1),(545,68,0,2),(546,34,1,3),(546,151,0,2),(546,158,0,1),(547,34,1,3),(547,151,0,2),(547,158,0,1),(548,20,0,2),(548,34,0,1),(548,102,1,3),(549,20,0,2),(549,34,0,1),(549,102,1,3),(550,91,0,2),(550,104,1,3),(550,120,0,1),(551,22,0,1),(551,83,1,3),(551,153,0,2),(552,22,0,1),(552,83,1,3),(552,153,0,2),(553,22,0,1),(553,83,1,3),(553,153,0,2),(554,39,1,3),(554,55,0,1),(555,125,0,1),(555,161,1,3),(556,11,0,1),(556,34,0,2),(556,114,1,3),(557,5,0,1),(557,75,0,2),(557,133,1,3),(558,5,0,1),(558,75,0,2),(558,133,1,3),(559,22,1,3),(559,61,0,1),(559,153,0,2),(560,22,1,3),(560,61,0,1),(560,153,0,2),(561,98,0,2),(561,110,1,3),(561,147,0,1),(562,152,0,1),(563,152,0,1),(564,5,0,2),(564,33,1,3),(564,116,0,1),(565,5,0,2),(565,33,1,3),(565,116,0,1),(566,129,0,1),(567,129,0,1),(568,1,0,1),(568,60,0,2),(568,106,1,3),(569,1,0,1),(569,106,1,3),(569,133,0,2),(570,149,0,1),(571,149,0,1),(572,56,0,1),(572,92,1,3),(572,101,0,2),(573,56,0,1),(573,92,1,3),(573,101,0,2),(574,23,1,3),(574,119,0,1),(574,172,0,2),(575,23,1,3),(575,119,0,1),(575,172,0,2),(576,23,1,3),(576,119,0,1),(576,172,0,2),(577,98,0,2),(577,142,0,1),(577,144,1,3),(578,98,0,2),(578,142,0,1),(578,144,1,3),(579,98,0,2),(579,142,0,1),(579,144,1,3),(580,51,0,1),(580,93,1,3),(580,145,0,2),(581,51,0,1),(581,93,1,3),(581,145,0,2),(582,81,0,2),(582,115,0,1),(582,133,1,3),(583,81,0,2),(583,115,0,1),(583,133,1,3),(584,115,0,1),(584,117,0,2),(584,133,1,3),(585,32,1,3),(585,34,0,1),(585,157,0,2),(586,32,1,3),(586,34,0,1),(586,157,0,2),(587,9,0,1),(587,78,1,3),(588,61,0,2),(588,68,0,1),(588,99,1,3),(589,68,0,1),(589,75,0,2),(589,142,1,3),(590,27,0,1),(590,144,1,3),(591,27,0,1),(591,144,1,3),(592,6,1,3),(592,11,0,1),(592,130,0,2),(593,6,1,3),(593,11,0,1),(593,130,0,2),(594,93,0,2),(594,131,0,1),(594,144,1,3),(595,14,0,1),(595,68,1,3),(595,127,0,2),(596,14,0,1),(596,68,1,3),(596,127,0,2),(597,160,0,1),(598,107,1,3),(598,160,0,1),(599,29,1,3),(599,57,0,1),(599,58,0,2),(600,29,1,3),(600,57,0,1),(600,58,0,2),(601,29,1,3),(601,57,0,1),(601,58,0,2),(602,26,0,1),(603,26,0,1),(604,26,0,1),(605,28,0,2),(605,140,0,1),(605,148,1,3),(606,28,0,2),(606,140,0,1),(606,148,1,3),(607,18,0,1),(607,49,0,2),(607,151,1,3),(608,18,0,1),(608,49,0,2),(608,151,1,3),(609,18,0,1),(609,49,0,2),(609,151,1,3),(610,79,0,1),(610,104,0,2),(610,127,1,3),(611,79,0,1),(611,104,0,2),(611,127,1,3),(612,79,0,1),(612,104,0,2),(612,127,1,3),(613,81,0,1),(613,155,1,3),(613,202,0,2),(614,33,1,3),(614,81,0,1),(614,202,0,2),(615,26,0,1),(616,75,0,2),(616,93,0,1),(616,142,1,3),(617,60,0,2),(617,84,1,3),(617,93,0,1),(618,7,0,2),(618,8,1,3),(618,9,0,1),(619,39,0,1),(619,120,1,3),(619,144,0,2),(620,39,0,1),(620,120,1,3),(620,144,0,2),(621,24,0,1),(621,104,1,3),(621,125,0,2),(622,89,0,1),(622,99,1,3),(622,103,0,2),(623,89,0,1),(623,99,1,3),(623,103,0,2),(624,39,0,2),(624,46,1,3),(624,128,0,1),(625,39,0,2),(625,46,1,3),(625,128,0,1),(626,43,1,3),(626,120,0,1),(626,157,0,2),(627,51,0,1),(627,55,1,3),(627,125,0,2),(628,51,0,1),(628,125,0,2),(628,128,1,3),(629,133,1,3),(629,142,0,2),(629,145,0,1),(630,133,1,3),(630,142,0,2),(630,145,0,1),(631,18,0,2),(631,73,1,3),(631,82,0,1),(632,54,1,3),(632,55,0,2),(632,68,0,1),(633,55,0,1),(634,55,0,1),(635,26,0,1),(636,49,0,1),(636,68,1,3),(637,49,0,1),(637,68,1,3),(638,154,0,1),(639,154,0,1),(640,154,0,1),(641,128,1,3),(641,158,0,1),(642,128,1,3),(642,158,0,1),(643,163,0,1),(644,164,0,1),(645,125,1,3),(645,159,0,1),(646,46,0,1),(647,154,0,1),(648,32,0,1),(649,88,0,1),(650,65,0,1),(650,171,1,3),(651,65,0,1),(651,171,1,3),(652,65,0,1),(652,171,1,3),(653,66,0,1),(653,170,1,3),(654,66,0,1),(654,170,1,3),(655,66,0,1),(655,170,1,3),(656,67,0,1),(656,168,1,3),(657,67,0,1),(657,168,1,3),(658,67,0,1),(658,168,1,3),(659,37,1,3),(659,53,0,1),(659,167,0,2),(660,37,1,3),(660,53,0,1),(660,167,0,2),(661,145,0,1),(661,177,1,3),(662,49,0,1),(662,177,1,3),(663,49,0,1),(663,177,1,3),(664,14,0,2),(664,19,0,1),(664,132,1,3),(665,61,0,1),(665,132,1,3),(666,14,0,2),(666,19,0,1),(666,132,1,3),(667,79,0,1),(667,127,0,2),(667,153,1,3),(668,79,0,1),(668,127,0,2),(668,153,1,3),(669,166,0,1),(669,180,1,3),(670,166,0,1),(670,180,1,3),(671,166,0,1),(671,180,1,3),(672,157,0,1),(672,179,1,3),(673,157,0,1),(673,179,1,3),(674,89,0,1),(674,104,0,2),(674,113,1,3),(675,89,0,1),(675,104,0,2),(675,113,1,3),(676,169,0,1),(677,20,1,3),(677,51,0,1),(677,151,0,2),(678,51,0,1),(678,151,0,2),(678,158,1,3),(679,99,0,1),(680,99,0,1),(681,176,0,1),(682,131,0,1),(682,165,1,3),(683,131,0,1),(683,165,1,3),(684,84,1,3),(684,175,0,1),(685,84,1,3),(685,175,0,1),(686,21,0,2),(686,126,0,1),(686,151,1,3),(687,21,0,2),(687,126,0,1),(687,151,1,3),(688,97,0,2),(688,124,1,3),(688,181,0,1),(689,97,0,2),(689,124,1,3),(689,181,0,1),(690,38,0,1),(690,91,1,3),(690,143,0,2),(691,38,0,1),(691,91,1,3),(691,143,0,2),(692,178,0,1),(693,178,0,1),(694,8,0,2),(694,87,0,1),(694,94,1,3),(695,8,0,2),(695,87,0,1),(695,94,1,3),(696,5,1,3),(696,173,0,1),(697,69,1,3),(697,173,0,1),(698,117,1,3),(698,174,0,1),(699,117,1,3),(699,174,0,1),(700,56,0,1),(700,182,1,3),(701,7,0,1),(701,84,0,2),(701,104,1,3),(702,53,0,2),(702,57,1,3),(702,167,0,1),(703,5,1,3),(703,29,0,1),(704,93,0,2),(704,157,0,1),(704,183,1,3),(705,93,0,2),(705,157,0,1),(705,183,1,3),(706,93,0,2),(706,157,0,1),(706,183,1,3),(707,158,0,1),(707,170,1,3),(708,30,0,1),(708,119,0,2),(708,139,1,3),(709,30,0,1),(709,119,0,2),(709,139,1,3),(710,15,1,3),(710,53,0,1),(710,119,0,2),(711,15,1,3),(711,53,0,1),(711,119,0,2),(712,5,1,3),(712,20,0,1),(712,115,0,2),(713,5,1,3),(713,20,0,1),(713,115,0,2),(714,119,0,1),(714,140,1,3),(714,151,0,2),(715,119,0,1),(715,140,1,3),(715,151,0,2),(716,187,0,1),(717,186,0,1),(718,188,0,1),(719,29,0,1),(720,170,0,1),(721,11,0,1),(722,65,0,1),(722,203,1,3),(723,65,0,1),(723,203,1,3),(724,65,0,1),(724,203,1,3),(725,22,1,3),(725,66,0,1),(726,22,1,3),(726,66,0,1),(727,22,1,3),(727,66,0,1),(728,67,0,1),(728,204,1,3),(729,67,0,1),(729,204,1,3),(730,67,0,1),(730,204,1,3),(731,51,0,1),(731,53,1,3),(731,92,0,2),(732,51,0,1),(732,53,1,3),(732,92,0,2),(733,51,0,1),(733,92,0,2),(733,125,1,3),(734,91,1,3),(734,173,0,2),(734,198,0,1),(735,91,1,3),(735,173,0,2),(735,198,0,1),(736,68,0,1),(737,217,0,1),(738,26,0,1),(739,52,0,1),(739,83,1,3),(739,89,0,2),(740,52,0,1),(740,83,1,3),(740,89,0,2),(741,216,0,1),(742,19,0,2),(742,118,0,1),(742,175,1,3),(743,19,0,2),(743,118,0,1),(743,175,1,3),(744,51,0,1),(744,72,0,2),(744,80,1,3),(745,51,0,1),(745,80,1,3),(745,146,0,2),(746,208,0,1),(747,7,0,2),(747,144,1,3),(747,196,0,1),(748,7,0,2),(748,144,1,3),(748,196,0,1),(749,20,0,1),(749,39,1,3),(749,192,0,2),(750,20,0,1),(750,39,1,3),(750,192,0,2),(751,11,1,3),(751,199,0,1),(752,11,1,3),(752,199,0,1),(753,102,0,1),(753,126,1,3),(754,102,0,1),(754,126,1,3),(755,27,0,2),(755,35,0,1),(755,44,1,3),(756,27,0,2),(756,35,0,1),(756,44,1,3),(757,12,1,3),(757,212,0,1),(758,12,1,3),(758,212,0,1),(759,56,1,3),(759,103,0,2),(759,218,0,1),(760,103,0,2),(760,127,1,3),(760,218,0,1),(761,12,0,2),(761,102,0,1),(761,175,1,3),(762,12,0,2),(762,102,0,1),(762,175,1,3),(763,102,0,1),(763,175,1,3),(763,214,0,2),(764,30,1,3),(764,166,0,1),(764,205,0,2),(765,39,0,1),(765,140,0,2),(765,180,1,3),(766,128,1,3),(766,222,0,1),(767,193,0,1),(768,194,0,1),(769,8,1,3),(769,195,0,1),(770,8,1,3),(770,195,0,1),(771,109,1,3),(771,215,0,1),(772,4,0,1),(773,225,0,1),(774,197,0,1),(775,213,0,1),(776,75,0,1),(777,5,1,3),(777,31,0,2),(777,160,0,1),(778,209,0,1),(779,147,1,3),(779,173,0,2),(779,219,0,1),(780,13,1,3),(780,157,0,2),(780,201,0,1),(781,200,0,1),(782,43,0,2),(782,142,1,3),(782,171,0,1),(783,43,0,2),(783,142,1,3),(783,171,0,1),(784,43,0,2),(784,142,1,3),(784,171,0,1),(785,140,1,3),(785,226,0,1),(786,140,1,3),(786,227,0,1),(787,140,1,3),(787,229,0,1),(788,140,1,3),(788,228,0,1),(789,109,0,1),(790,5,0,1),(791,230,0,1),(792,231,0,1),(793,224,0,1),(794,224,0,1),(795,224,0,1),(796,224,0,1),(797,224,0,1),(798,224,0,1),(799,224,0,1),(800,232,0,1),(801,220,0,1),(802,101,0,1),(803,224,0,1),(804,224,0,1),(805,224,0,1),(806,224,0,1),(807,10,0,1),(808,42,0,1),(809,89,0,1),(810,65,0,1),(810,229,1,3),(811,65,0,1),(811,229,1,3),(812,65,0,1),(812,229,1,3),(813,66,0,1),(813,236,1,3),(814,66,0,1),(814,236,1,3),(815,66,0,1),(815,236,1,3),(816,67,0,1),(816,97,1,3),(817,67,0,1),(817,97,1,3),(818,67,0,1),(818,97,1,3),(819,82,1,3),(819,167,0,1),(820,82,1,3),(820,167,0,1),(821,51,0,1),(821,127,0,2),(821,145,1,3),(822,51,0,1),(822,127,0,2),(822,145,1,3),(823,46,0,1),(823,127,0,2),(823,240,1,3),(824,14,0,2),(824,68,0,1),(824,140,1,3),(825,14,0,2),(825,68,0,1),(825,140,1,3),(826,68,0,1),(826,119,0,2),(826,140,1,3),(827,50,0,1),(827,84,0,2),(827,198,1,3),(828,50,0,1),(828,84,0,2),(828,198,1,3),(829,27,1,3),(829,144,0,2),(829,238,0,1),(830,27,1,3),(830,144,0,2),(830,238,0,1),(831,50,0,2),(831,171,1,3),(831,218,0,1),(832,80,0,2),(832,171,1,3),(832,218,0,1),(833,33,1,3),(833,75,0,2),(833,173,0,1),(834,33,1,3),(834,75,0,2),(834,173,0,1),(835,155,1,3),(835,237,0,1),(836,172,1,3),(836,173,0,1),(837,18,1,3),(837,85,0,2),(837,243,0,1),(838,18,1,3),(838,49,0,2),(838,243,0,1),(839,18,1,3),(839,49,0,2),(839,243,0,1),(840,82,0,2),(840,171,1,3),(840,247,0,1),(841,55,1,3),(841,82,0,2),(841,247,0,1),(842,47,1,3),(842,82,0,2),(842,247,0,1),(843,8,1,3),(843,61,0,2),(843,245,0,1),(844,8,1,3),(844,61,0,2),(844,245,0,1),(845,241,0,1),(846,33,0,1),(846,239,1,3),(847,33,0,1),(847,239,1,3),(848,9,0,2),(848,103,1,3),(848,155,0,1),(849,57,0,2),(849,101,1,3),(849,244,0,1),(850,18,0,1),(850,49,1,3),(850,73,0,2),(851,18,0,1),(851,49,1,3),(851,73,0,2),(852,7,0,1),(852,101,1,3),(853,7,0,1),(853,101,1,3),(854,130,1,3),(854,133,0,1),(855,130,1,3),(855,133,0,1),(856,107,0,2),(856,131,0,1),(856,156,1,3),(857,107,0,2),(857,131,0,1),(857,156,1,3),(858,107,0,2),(858,131,0,1),(858,156,1,3),(859,119,0,2),(859,124,1,3),(859,158,0,1),(860,119,0,2),(860,124,1,3),(860,158,0,1),(861,119,0,2),(861,124,1,3),(861,158,0,1),(862,62,0,2),(862,120,0,1),(862,128,1,3),(863,4,0,1),(863,181,0,2),(863,252,1,3),(864,133,0,1),(864,253,1,3),(865,80,0,1),(865,113,1,3),(866,77,0,1),(866,115,1,3),(866,251,0,2),(867,254,0,1),(868,165,1,3),(868,175,0,1),(869,165,1,3),(869,175,0,1),(870,4,0,1),(870,128,1,3),(871,31,0,1),(871,226,1,3),(872,19,0,1),(872,246,1,3),(873,19,0,1),(873,246,1,3),(874,249,0,1),(875,248,0,1),(876,28,0,2),(876,39,0,1),(876,227,1,3),(877,258,0,1),(878,125,0,1),(878,134,1,3),(879,125,0,1),(879,134,1,3),(880,10,0,1),(880,55,0,2),(880,146,1,3),(881,9,0,2),(881,10,0,1),(881,202,1,3),(882,11,0,1),(882,146,1,3),(882,173,0,2),(883,11,0,1),(883,115,0,2),(883,202,1,3),(884,134,0,2),(884,135,0,1),(884,242,1,3),(885,29,0,1),(885,130,1,3),(885,151,0,2),(886,29,0,1),(886,130,1,3),(886,151,0,2),(887,29,0,1),(887,130,1,3),(887,151,0,2),(888,234,0,1),(889,235,0,1),(890,46,0,1),(891,39,0,1),(892,260,0,1),(893,102,0,1),(894,262,0,1),(895,263,0,1),(896,264,0,1),(897,265,0,1),(898,127,0,1),(10001,46,0,1),(10002,46,0,1),(10003,46,0,1),(10004,107,0,1),(10004,142,1,3),(10005,107,0,1),(10005,142,1,3),(10006,32,0,1),(10007,26,0,1),(10008,26,0,1),(10009,26,0,1),(10010,26,0,1),(10011,26,0,1),(10012,26,0,1),(10013,59,0,1),(10014,59,0,1),(10015,59,0,1),(10016,69,0,1),(10016,91,0,2),(10016,104,1,3),(10017,125,0,1),(10017,161,1,3),(10018,32,0,1),(10019,144,0,1),(10020,10,0,1),(10021,22,0,1),(10022,164,0,1),(10023,163,0,1),(10024,154,0,1),(10025,51,0,1),(10025,151,0,2),(10025,172,1,3),(10026,176,0,1),(10027,15,1,3),(10027,53,0,1),(10027,119,0,2),(10028,15,1,3),(10028,53,0,1),(10028,119,0,2),(10029,15,1,3),(10029,53,0,1),(10029,119,0,2),(10030,15,1,3),(10030,53,0,1),(10030,119,0,2),(10031,15,1,3),(10031,53,0,1),(10031,119,0,2),(10032,15,1,3),(10032,53,0,1),(10032,119,0,2),(10033,47,0,1),(10034,181,0,1),(10035,70,0,1),(10036,178,0,1),(10037,36,0,1),(10038,23,0,1),(10039,185,0,1),(10040,184,0,1),(10041,104,0,1),(10042,181,0,1),(10043,80,0,1),(10044,15,0,1),(10045,104,0,1),(10046,101,0,1),(10047,92,0,1),(10048,94,0,1),(10049,45,0,1),(10050,3,0,1),(10051,182,0,1),(10052,37,0,1),(10053,111,0,1),(10054,74,0,1),(10055,22,0,1),(10056,158,0,1),(10057,156,0,1),(10058,159,0,1),(10059,91,0,1),(10060,117,0,1),(10061,166,0,1),(10061,180,1,3),(10062,26,0,1),(10063,26,0,1),(10064,33,0,1),(10065,31,0,1),(10066,156,0,1),(10067,182,0,1),(10068,39,0,1),(10069,131,0,1),(10070,173,0,1),(10071,75,0,1),(10072,159,0,1),(10073,99,0,1),(10074,174,0,1),(10075,156,0,1),(10076,181,0,1),(10077,189,0,1),(10078,190,0,1),(10079,191,0,1),(10080,9,0,1),(10080,31,1,3),(10081,9,0,1),(10081,31,1,3),(10082,9,0,1),(10082,31,1,3),(10083,9,0,1),(10083,31,1,3),(10084,9,0,1),(10084,31,1,3),(10085,9,0,1),(10085,31,1,3),(10086,170,0,1),(10087,125,0,1),(10088,113,0,1),(10089,184,0,1),(10090,91,0,1),(10091,47,1,3),(10091,55,0,2),(10091,82,0,1),(10092,47,1,3),(10092,55,0,2),(10092,82,0,1),(10093,47,1,3),(10093,55,0,2),(10093,82,0,1),(10094,9,0,1),(10094,31,1,3),(10095,9,0,1),(10095,31,1,3),(10096,9,0,1),(10096,31,1,3),(10097,9,0,1),(10097,31,1,3),(10098,9,0,1),(10098,31,1,3),(10099,9,0,1),(10099,31,1,3),(10100,207,0,1),(10101,81,0,1),(10101,202,1,3),(10102,81,0,1),(10102,202,1,3),(10103,81,0,1),(10103,117,1,3),(10104,81,0,1),(10104,117,1,3),(10105,8,0,1),(10105,159,1,3),(10105,221,0,2),(10106,8,0,1),(10106,159,1,3),(10106,221,0,2),(10107,53,0,1),(10107,101,0,2),(10107,155,1,3),(10108,101,0,2),(10108,155,1,3),(10108,169,0,1),(10109,5,0,2),(10109,42,0,1),(10109,206,1,3),(10110,5,0,2),(10110,42,0,1),(10110,206,1,3),(10111,5,0,2),(10111,42,0,1),(10111,206,1,3),(10112,82,0,2),(10112,143,0,1),(10112,223,1,3),(10113,82,0,2),(10113,143,0,1),(10113,223,1,3),(10114,119,0,1),(10114,139,1,3),(10115,31,0,2),(10115,69,1,3),(10115,130,0,1),(10116,210,0,1),(10117,210,0,1),(10118,211,0,1),(10119,211,0,1),(10120,211,0,1),(10121,91,1,3),(10121,173,0,2),(10121,198,0,1),(10122,26,0,1),(10123,216,0,1),(10124,216,0,1),(10125,216,0,1),(10126,51,0,1),(10126,72,0,2),(10126,99,1,3),(10127,208,0,1),(10128,102,0,1),(10128,126,1,3),(10129,12,1,3),(10129,212,0,1),(10130,197,0,1),(10131,197,0,1),(10132,197,0,1),(10133,197,0,1),(10134,197,0,1),(10135,197,0,1),(10136,197,0,1),(10137,197,0,1),(10138,197,0,1),(10139,197,0,1),(10140,197,0,1),(10141,197,0,1),(10142,197,0,1),(10143,209,0,1),(10144,209,0,1),(10145,209,0,1),(10146,43,0,2),(10146,142,1,3),(10146,171,0,1),(10147,220,0,1),(10148,9,0,1),(10148,31,1,3),(10149,31,0,2),(10149,69,1,3),(10149,130,0,1),(10150,19,0,2),(10150,118,0,1),(10150,175,1,3),(10151,20,0,1),(10152,181,0,1),(10153,11,1,3),(10153,199,0,1),(10154,5,1,3),(10154,31,0,2),(10154,160,0,1),(10155,232,0,1),(10156,232,0,1),(10157,233,0,1),(10158,9,0,1),(10158,31,1,3),(10159,50,0,1),(10159,91,0,2),(10159,107,1,3),(10160,9,0,1),(10160,31,1,3),(10161,53,0,1),(10161,127,1,3),(10161,181,0,2),(10162,50,0,1),(10162,107,1,3),(10162,257,0,2),(10163,50,0,1),(10163,107,1,3),(10163,257,0,2),(10164,20,0,2),(10164,82,0,1),(10164,144,1,3),(10165,20,0,2),(10165,144,1,3),(10165,259,0,1),(10166,80,0,1),(10166,113,1,3),(10167,26,0,1),(10167,228,1,3),(10167,256,0,2),(10168,72,0,1),(10168,115,1,3),(10168,251,0,2),(10169,172,0,1),(10170,128,0,1),(10171,201,0,1),(10172,20,0,2),(10172,144,1,3),(10172,261,0,1),(10173,130,1,3),(10173,133,0,1),(10174,53,0,1),(10174,82,0,2),(10174,95,1,3),(10175,53,0,1),(10175,82,0,2),(10175,95,1,3),(10176,39,1,3),(10176,55,0,1),(10177,161,1,3),(10177,255,0,1),(10178,161,1,3),(10178,255,0,1),(10179,254,0,1),(10180,250,0,1),(10181,188,0,1),(10182,241,0,1),(10183,241,0,1),(10184,58,0,2),(10184,101,1,3),(10184,244,0,1),(10185,248,0,1),(10186,20,0,1),(10186,28,0,2),(10186,227,1,3),(10187,258,0,1),(10188,234,0,1),(10189,235,0,1),(10190,46,0,1),(10191,260,0,1),(10192,102,0,1),(10193,266,0,1),(10194,267,0,1);
/*!40000 ALTER TABLE `pokemon_abilities` ENABLE KEYS */;
UNLOCK TABLES;

--
-- Table structure for table `pokemon_color_names`
--

DROP TABLE IF EXISTS `pokemon_color_names`;
/*!40101 SET @saved_cs_client     = @@character_set_client */;
/*!40101 SET character_set_client = utf8 */;
CREATE TABLE `pokemon_color_names` (
  `pokemon_color_id` int(2) NOT NULL,
  `local_language_id` int(2) NOT NULL,
  `name` varchar(8) DEFAULT NULL,
  PRIMARY KEY (`pokemon_color_id`,`local_language_id`),
  KEY `FK_pokemon_color_lang` (`local_language_id`),
  CONSTRAINT `FK_pokemon_color_lang` FOREIGN KEY (`local_language_id`) REFERENCES `languages` (`id`) ON DELETE NO ACTION ON UPDATE CASCADE,
  CONSTRAINT `FK_pokemon_color_pokemon_color` FOREIGN KEY (`pokemon_color_id`) REFERENCES `pokemon_colors` (`id`) ON DELETE NO ACTION ON UPDATE CASCADE
) ENGINE=InnoDB DEFAULT CHARSET=utf8mb3 COLLATE=utf8mb3_general_ci;
/*!40101 SET character_set_client = @saved_cs_client */;

--
-- Dumping data for table `pokemon_color_names`
--

LOCK TABLES `pokemon_color_names` WRITE;
/*!40000 ALTER TABLE `pokemon_color_names` DISABLE KEYS */;
INSERT INTO `pokemon_color_names` VALUES (1,1,'くろいろ'),(1,3,'검정'),(1,4,'黑色'),(1,5,'Noir'),(1,6,'Schwarz'),(1,7,'Negro'),(1,8,'Nero'),(1,9,'Black'),(1,11,'黒色'),(1,12,'黑色'),(2,1,'あおいろ'),(2,3,'파랑'),(2,4,'藍色'),(2,5,'Bleu'),(2,6,'Blau'),(2,7,'Azul'),(2,8,'Blu'),(2,9,'Blue'),(2,11,'青色'),(2,12,'蓝色'),(3,1,'ちゃいろ'),(3,3,'갈색'),(3,4,'褐色'),(3,5,'Brun'),(3,6,'Braun'),(3,7,'Marrón'),(3,8,'Marrone'),(3,9,'Brown'),(3,11,'茶色'),(3,12,'褐色'),(4,1,'はいいろ'),(4,3,'회색'),(4,4,'灰色'),(4,5,'Gris'),(4,6,'Grau'),(4,7,'Gris'),(4,8,'Grigio'),(4,9,'Gray'),(4,11,'灰色'),(4,12,'灰色'),(5,1,'みどりいろ'),(5,3,'초록'),(5,4,'綠色'),(5,5,'Vert'),(5,6,'Grün'),(5,7,'Verde'),(5,8,'Verde'),(5,9,'Green'),(5,11,'緑色'),(5,12,'绿色'),(6,1,'ももいろ'),(6,3,'담홍'),(6,4,'粉紅色'),(6,5,'Rose'),(6,6,'Rosa'),(6,7,'Rosa'),(6,8,'Rosa'),(6,9,'Pink'),(6,11,'桃色'),(6,12,'粉红色'),(7,1,'むらさきいろ'),(7,3,'보라'),(7,4,'紫色'),(7,5,'Violet'),(7,6,'Violett'),(7,7,'Morado'),(7,8,'Viola'),(7,9,'Purple'),(7,11,'紫色'),(7,12,'紫色'),(8,1,'あかいろ'),(8,3,'빨강'),(8,4,'紅色'),(8,5,'Rouge'),(8,6,'Rot'),(8,7,'Rojo'),(8,8,'Rosso'),(8,9,'Red'),(8,11,'赤色'),(8,12,'红色'),(9,1,'しろいろ'),(9,3,'하양'),(9,4,'白色'),(9,5,'Blanc'),(9,6,'Weiß'),(9,7,'Blanco'),(9,8,'Bianco'),(9,9,'White'),(9,11,'白色'),(9,12,'白色'),(10,1,'きいろ'),(10,3,'노랑'),(10,4,'黃色'),(10,5,'Jaune'),(10,6,'Gelb'),(10,7,'Amarillo'),(10,8,'Giallo'),(10,9,'Yellow'),(10,11,'黄色'),(10,12,'黄色');
/*!40000 ALTER TABLE `pokemon_color_names` ENABLE KEYS */;
UNLOCK TABLES;

--
-- Table structure for table `pokemon_colors`
--

DROP TABLE IF EXISTS `pokemon_colors`;
/*!40101 SET @saved_cs_client     = @@character_set_client */;
/*!40101 SET character_set_client = utf8 */;
CREATE TABLE `pokemon_colors` (
  `id` int(2) NOT NULL,
  `identifier` varchar(6) DEFAULT NULL,
  PRIMARY KEY (`id`),
  UNIQUE KEY `identifier` (`identifier`)
) ENGINE=InnoDB DEFAULT CHARSET=utf8mb3 COLLATE=utf8mb3_general_ci;
/*!40101 SET character_set_client = @saved_cs_client */;

--
-- Dumping data for table `pokemon_colors`
--

LOCK TABLES `pokemon_colors` WRITE;
/*!40000 ALTER TABLE `pokemon_colors` DISABLE KEYS */;
INSERT INTO `pokemon_colors` VALUES (1,'black'),(2,'blue'),(3,'brown'),(4,'gray'),(5,'green'),(6,'pink'),(7,'purple'),(8,'red'),(9,'white'),(10,'yellow');
/*!40000 ALTER TABLE `pokemon_colors` ENABLE KEYS */;
UNLOCK TABLES;

--
-- Table structure for table `pokemon_egg_groups`
--

DROP TABLE IF EXISTS `pokemon_egg_groups`;
/*!40101 SET @saved_cs_client     = @@character_set_client */;
/*!40101 SET character_set_client = utf8 */;
CREATE TABLE `pokemon_egg_groups` (
  `species_id` int(3) NOT NULL,
  `egg_group_id` int(2) NOT NULL,
  PRIMARY KEY (`species_id`,`egg_group_id`),
  KEY `FK_pokemon_egg_groups_egg_group` (`egg_group_id`),
  CONSTRAINT `FK_pokemon_egg_groups_egg_group` FOREIGN KEY (`egg_group_id`) REFERENCES `egg_groups` (`id`) ON DELETE NO ACTION ON UPDATE NO ACTION,
  CONSTRAINT `FK_pokemon_egg_groups_species` FOREIGN KEY (`species_id`) REFERENCES `pokemon_species` (`id`) ON DELETE NO ACTION ON UPDATE NO ACTION
) ENGINE=InnoDB DEFAULT CHARSET=utf8mb3 COLLATE=utf8mb3_general_ci;
/*!40101 SET character_set_client = @saved_cs_client */;

--
-- Dumping data for table `pokemon_egg_groups`
--

LOCK TABLES `pokemon_egg_groups` WRITE;
/*!40000 ALTER TABLE `pokemon_egg_groups` DISABLE KEYS */;
INSERT INTO `pokemon_egg_groups` VALUES (1,1),(1,7),(2,1),(2,7),(3,1),(3,7),(4,1),(4,14),(5,1),(5,14),(6,1),(6,14),(7,1),(7,2),(8,1),(8,2),(9,1),(9,2),(10,3),(11,3),(12,3),(13,3),(14,3),(15,3),(16,4),(17,4),(18,4),(19,5),(20,5),(21,4),(22,4),(23,5),(23,14),(24,5),(24,14),(25,5),(25,6),(26,5),(26,6),(27,5),(28,5),(29,1),(29,5),(30,15),(31,15),(32,1),(32,5),(33,1),(33,5),(34,1),(34,5),(35,6),(36,6),(37,5),(38,5),(39,6),(40,6),(41,4),(42,4),(43,7),(44,7),(45,7),(46,3),(46,7),(47,3),(47,7),(48,3),(49,3),(50,5),(51,5),(52,5),(53,5),(54,2),(54,5),(55,2),(55,5),(56,5),(57,5),(58,5),(59,5),(60,2),(61,2),(62,2),(63,8),(64,8),(65,8),(66,8),(67,8),(68,8),(69,7),(70,7),(71,7),(72,9),(73,9),(74,10),(75,10),(76,10),(77,5),(78,5),(79,1),(79,2),(80,1),(80,2),(81,10),(82,10),(83,4),(83,5),(84,4),(85,4),(86,2),(86,5),(87,2),(87,5),(88,11),(89,11),(90,9),(91,9),(92,11),(93,11),(94,11),(95,10),(96,8),(97,8),(98,9),(99,9),(100,10),(101,10),(102,7),(103,7),(104,1),(105,1),(106,8),(107,8),(108,1),(109,11),(110,11),(111,1),(111,5),(112,1),(112,5),(113,6),(114,7),(115,1),(116,2),(116,14),(117,2),(117,14),(118,12),(119,12),(120,9),(121,9),(122,8),(123,3),(124,8),(125,8),(126,8),(127,3),(128,5),(129,12),(129,14),(130,12),(130,14),(131,1),(131,2),(132,13),(133,5),(134,5),(135,5),(136,5),(137,10),(138,2),(138,9),(139,2),(139,9),(140,2),(140,9),(141,2),(141,9),(142,4),(143,1),(144,15),(145,15),(146,15),(147,2),(147,14),(148,2),(148,14),(149,2),(149,14),(150,15),(151,15),(152,1),(152,7),(153,1),(153,7),(154,1),(154,7),(155,5),(156,5),(157,5),(158,1),(158,2),(159,1),(159,2),(160,1),(160,2),(161,5),(162,5),(163,4),(164,4),(165,3),(166,3),(167,3),(168,3),(169,4),(170,12),(171,12),(172,15),(173,15),(174,15),(175,15),(176,4),(176,6),(177,4),(178,4),(179,1),(179,5),(180,1),(180,5),(181,1),(181,5),(182,7),(183,2),(183,6),(184,2),(184,6),(185,10),(186,2),(187,6),(187,7),(188,6),(188,7),(189,6),(189,7),(190,5),(191,7),(192,7),(193,3),(194,2),(194,5),(195,2),(195,5),(196,5),(197,5),(198,4),(199,1),(199,2),(200,11),(201,15),(202,11),(203,5),(204,3),(205,3),(206,5),(207,3),(208,10),(209,5),(209,6),(210,5),(210,6),(211,12),(212,3),(213,3),(214,3),(215,5),(216,5),(217,5),(218,11),(219,11),(220,5),(221,5),(222,2),(222,9),(223,2),(223,12),(224,2),(224,12),(225,2),(225,5),(226,2),(227,4),(228,5),(229,5),(230,2),(230,14),(231,5),(232,5),(233,10),(234,5),(235,5),(236,15),(237,8),(238,15),(239,15),(240,15),(241,5),(242,6),(243,15),(244,15),(245,15),(246,1),(247,1),(248,1),(249,15),(250,15),(251,15),(252,1),(252,14),(253,1),(253,14),(254,1),(254,14),(255,5),(256,5),(257,5),(258,1),(258,2),(259,1),(259,2),(260,1),(260,2),(261,5),(262,5),(263,5),(264,5),(265,3),(266,3),(267,3),(268,3),(269,3),(270,2),(270,7),(271,2),(271,7),(272,2),(272,7),(273,5),(273,7),(274,5),(274,7),(275,5),(275,7),(276,4),(277,4),(278,2),(278,4),(279,2),(279,4),(280,8),(280,11),(281,8),(281,11),(282,8),(282,11),(283,2),(283,3),(284,2),(284,3),(285,6),(285,7),(286,6),(286,7),(287,5),(288,5),(289,5),(290,3),(291,3),(292,10),(293,1),(293,5),(294,1),(294,5),(295,1),(295,5),(296,8),(297,8),(298,15),(299,10),(300,5),(300,6),(301,5),(301,6),(302,8),(303,5),(303,6),(304,1),(305,1),(306,1),(307,8),(308,8),(309,5),(310,5),(311,6),(312,6),(313,3),(313,8),(314,3),(314,8),(315,6),(315,7),(316,11),(317,11),(318,12),(319,12),(320,5),(320,12),(321,5),(321,12),(322,5),(323,5),(324,5),(325,5),(326,5),(327,5),(327,8),(328,3),(328,14),(329,3),(329,14),(330,3),(330,14),(331,7),(331,8),(332,7),(332,8),(333,4),(333,14),(334,4),(334,14),(335,5),(336,5),(336,14),(337,10),(338,10),(339,12),(340,12),(341,2),(341,9),(342,2),(342,9),(343,10),(344,10),(345,9),(346,9),(347,9),(348,9),(349,2),(349,14),(350,2),(350,14),(351,6),(351,11),(352,5),(353,11),(354,11),(355,11),(356,11),(357,1),(357,7),(358,11),(359,5),(360,15),(361,6),(361,10),(362,6),(362,10),(363,2),(363,5),(364,2),(364,5),(365,2),(365,5),(366,2),(367,2),(368,2),(369,2),(369,12),(370,12),(371,14),(372,14),(373,14),(374,10),(375,10),(376,10),(377,15),(378,15),(379,15),(380,15),(381,15),(382,15),(383,15),(384,15),(385,15),(386,15),(387,1),(387,7),(388,1),(388,7),(389,1),(389,7),(390,5),(390,8),(391,5),(391,8),(392,5),(392,8),(393,2),(393,5),(394,2),(394,5),(395,2),(395,5),(396,4),(397,4),(398,4),(399,2),(399,5),(400,2),(400,5),(401,3),(402,3),(403,5),(404,5),(405,5),(406,15),(407,6),(407,7),(408,1),(409,1),(410,1),(411,1),(412,3),(413,3),(414,3),(415,3),(416,3),(417,5),(417,6),(418,2),(418,5),(419,2),(419,5),(420,6),(420,7),(421,6),(421,7),(422,2),(422,11),(423,2),(423,11),(424,5),(425,11),(426,11),(427,5),(427,8),(428,5),(428,8),(429,11),(430,4),(431,5),(432,5),(433,15),(434,5),(435,5),(436,10),(437,10),(438,15),(439,15),(440,15),(441,4),(442,11),(443,1),(443,14),(444,1),(444,14),(445,1),(445,14),(446,15),(447,15),(448,5),(448,8),(449,5),(450,5),(451,3),(451,9),(452,3),(452,9),(453,8),(454,8),(455,7),(456,12),(457,12),(458,15),(459,1),(459,7),(460,1),(460,7),(461,5),(462,10),(463,1),(464,1),(464,5),(465,7),(466,8),(467,8),(468,4),(468,6),(469,3),(470,5),(471,5),(472,3),(473,5),(474,10),(475,8),(475,11),(476,10),(477,11),(478,6),(478,10),(479,11),(480,15),(481,15),(482,15),(483,15),(484,15),(485,15),(486,15),(487,15),(488,15),(489,2),(489,6),(490,2),(490,6),(491,15),(492,15),(493,15),(494,15),(495,5),(495,7),(496,5),(496,7),(497,5),(497,7),(498,5),(499,5),(500,5),(501,5),(502,5),(503,5),(504,5),(505,5),(506,5),(507,5),(508,5),(509,5),(510,5),(511,5),(512,5),(513,5),(514,5),(515,5),(516,5),(517,5),(518,5),(519,4),(520,4),(521,4),(522,5),(523,5),(524,10),(525,10),(526,10),(527,4),(527,5),(528,4),(528,5),(529,5),(530,5),(531,6),(532,8),(533,8),(534,8),(535,2),(536,2),(537,2),(538,8),(539,8),(540,3),(541,3),(542,3),(543,3),(544,3),(545,3),(546,6),(546,7),(547,6),(547,7),(548,7),(549,7),(550,12),(551,5),(552,5),(553,5),(554,5),(555,5),(556,7),(557,3),(557,10),(558,3),(558,10),(559,5),(559,14),(560,5),(560,14),(561,4),(562,10),(562,11),(563,10),(563,11),(564,2),(564,9),(565,2),(565,9),(566,4),(566,9),(567,4),(567,9),(568,10),(569,10),(570,5),(571,5),(572,5),(573,5),(574,8),(575,8),(576,8),(577,11),(578,11),(579,11),(580,2),(580,4),(581,2),(581,4),(582,10),(583,10),(584,10),(585,5),(586,5),(587,5),(588,3),(589,3),(590,7),(591,7),(592,11),(593,11),(594,2),(594,12),(595,3),(596,3),(597,7),(597,10),(598,7),(598,10),(599,10),(600,10),(601,10),(602,11),(603,11),(604,11),(605,8),(606,8),(607,11),(608,11),(609,11),(610,1),(610,14),(611,1),(611,14),(612,1),(612,14),(613,5),(614,5),(615,10),(616,3),(617,3),(618,2),(618,11),(619,5),(619,8),(620,5),(620,8),(621,1),(621,14),(622,10),(623,10),(624,8),(625,8),(626,5),(627,4),(628,4),(629,4),(630,4),(631,5),(632,3),(633,14),(634,14),(635,14),(636,3),(637,3),(638,15),(639,15),(640,15),(641,15),(642,15),(643,15),(644,15),(645,15),(646,15),(647,15),(648,15),(649,15),(650,5),(651,5),(652,5),(653,5),(654,5),(655,5),(656,2),(657,2),(658,2),(659,5),(660,5),(661,4),(662,4),(663,4),(664,3),(665,3),(666,3),(667,5),(668,5),(669,6),(670,6),(671,6),(672,5),(673,5),(674,5),(674,8),(675,5),(675,8),(676,5),(677,5),(678,5),(679,10),(680,10),(681,10),(682,6),(683,6),(684,6),(685,6),(686,2),(686,12),(687,2),(687,12),(688,9),(689,9),(690,2),(690,14),(691,2),(691,14),(692,2),(692,9),(693,2),(693,9),(694,1),(694,14),(695,1),(695,14),(696,1),(696,14),(697,1),(697,14),(698,1),(699,1),(700,5),(701,4),(701,8),(702,5),(702,6),(703,6),(703,10),(704,14),(705,14),(706,14),(707,10),(708,7),(708,11),(709,7),(709,11),(710,11),(711,11),(712,1),(712,10),(713,1),(713,10),(714,4),(714,14),(715,4),(715,14),(716,15),(717,15),(718,15),(719,15),(720,15),(721,15),(722,4),(723,4),(724,4),(725,5),(726,5),(727,5),(728,2),(728,5),(729,2),(729,5),(730,2),(730,5),(731,4),(732,4),(733,4),(734,5),(735,5),(736,3),(737,3),(738,3),(739,9),(740,9),(741,4),(742,3),(742,6),(743,3),(743,6),(744,5),(745,5),(746,12),(747,2),(748,2),(749,5),(750,5),(751,2),(751,3),(752,2),(752,3),(753,7),(754,7),(755,7),(756,7),(757,1),(757,14),(758,1),(758,14),(759,5),(760,5),(761,7),(762,7),(763,7),(764,7),(765,5),(766,5),(767,3),(767,9),(768,3),(768,9),(769,11),(770,11),(771,2),(772,15),(773,15),(774,10),(775,5),(776,1),(776,14),(777,5),(777,6),(778,11),(779,12),(780,1),(780,14),(781,10),(782,14),(783,14),(784,14),(785,15),(786,15),(787,15),(788,15),(789,15),(790,15),(791,15),(792,15),(793,15),(794,15),(795,15),(796,15),(797,15),(798,15),(799,15),(800,15),(801,15),(802,15),(803,15),(804,15),(805,15),(806,15),(807,15),(808,15),(809,15),(810,5),(810,7),(811,5),(811,7),(812,5),(812,7),(813,5),(813,8),(814,5),(814,8),(815,5),(815,8),(816,2),(816,5),(817,2),(817,5),(818,2),(818,5),(819,5),(820,5),(821,4),(822,4),(823,4),(824,3),(825,3),(826,3),(827,5),(828,5),(829,7),(830,7),(831,5),(832,5),(833,1),(833,2),(834,1),(834,2),(835,5),(836,5),(837,10),(838,10),(839,10),(840,7),(840,14),(841,7),(841,14),(842,7),(842,14),(843,5),(843,14),(844,5),(844,14),(845,2),(845,4),(846,12),(847,12),(848,15),(849,8),(850,3),(851,3),(852,2),(852,8),(853,2),(853,8),(854,10),(854,11),(855,10),(855,11),(856,6),(857,6),(858,6),(859,6),(859,8),(860,6),(860,8),(861,6),(861,8),(862,5),(863,5),(864,2),(864,9),(865,4),(865,5),(866,8),(867,10),(867,11),(868,6),(868,11),(869,6),(869,11),(870,6),(870,10),(871,2),(871,11),(872,3),(873,3),(874,10),(875,2),(875,5),(876,6),(877,5),(877,6),(878,5),(878,10),(879,5),(879,10),(880,15),(881,15),(882,15),(883,15),(884,10),(884,14),(885,11),(885,14),(886,11),(886,14),(887,11),(887,14),(888,15),(889,15),(890,15),(891,15),(892,15),(893,15),(894,15),(895,15),(896,15),(897,15),(898,15);
/*!40000 ALTER TABLE `pokemon_egg_groups` ENABLE KEYS */;
UNLOCK TABLES;

--
-- Table structure for table `pokemon_form_names`
--

DROP TABLE IF EXISTS `pokemon_form_names`;
/*!40101 SET @saved_cs_client     = @@character_set_client */;
/*!40101 SET character_set_client = utf8 */;
CREATE TABLE `pokemon_form_names` (
  `pokemon_form_id` int(5) NOT NULL,
  `local_language_id` int(2) NOT NULL,
  `form_name` varchar(20) DEFAULT NULL,
  `pokemon_name` varchar(28) DEFAULT NULL,
  PRIMARY KEY (`pokemon_form_id`,`local_language_id`),
  KEY `FK_pokemon_form_lang` (`local_language_id`),
  CONSTRAINT `FK_pokemon_form_lang` FOREIGN KEY (`local_language_id`) REFERENCES `languages` (`id`) ON DELETE NO ACTION ON UPDATE CASCADE,
  CONSTRAINT `FK_pokemon_form_pokemon_form` FOREIGN KEY (`pokemon_form_id`) REFERENCES `pokemon_forms` (`id`) ON DELETE NO ACTION ON UPDATE CASCADE
) ENGINE=InnoDB DEFAULT CHARSET=utf8mb3 COLLATE=utf8mb3_general_ci;
/*!40101 SET character_set_client = @saved_cs_client */;

--
-- Dumping data for table `pokemon_form_names`
--

LOCK TABLES `pokemon_form_names` WRITE;
/*!40000 ALTER TABLE `pokemon_form_names` DISABLE KEYS */;
INSERT INTO `pokemon_form_names` VALUES (201,1,'Ａ',''),(201,3,'A',''),(201,5,'A','Zarbi A'),(201,6,'A',''),(201,7,'A',''),(201,8,'A',''),(201,9,'A','Unown A'),(351,1,'ポワルンのすがた',''),(351,3,'캐스퐁의 모습',''),(351,4,'飄浮泡泡的樣子',''),(351,5,'Forme de Morphéo',''),(351,6,'Formeo',''),(351,7,'Forma de Castform',''),(351,8,'Forma Castform',''),(351,9,'Normal',''),(351,11,'ポワルンのすがた',''),(351,12,'飘浮泡泡的样子',''),(382,1,'カイオーガのすがた',''),(382,3,'가이오가의 모습',''),(382,4,'蓋歐卡的樣子',''),(382,5,'Kyogre',''),(382,6,'Kyogre',''),(382,7,'Kyogre',''),(382,9,'Kyogre',''),(382,11,'カイオーガのすがた',''),(382,12,'盖欧卡的样子',''),(383,1,'グラードンのすがた',''),(383,3,'그란돈의 모습',''),(383,4,'固拉多的樣子',''),(383,5,'Groudon',''),(383,6,'Groudon',''),(383,7,'Groudon',''),(383,9,'Groudon',''),(383,11,'グラードンのすがた',''),(383,12,'固拉多的样子',''),(386,1,'ノーマルフォルム',''),(386,3,'노말폼',''),(386,4,'普通形態',''),(386,5,'Forme Normale','Deoxys Normal'),(386,6,'Normalform',''),(386,7,'Forma Normal',''),(386,8,'Forma Normale',''),(386,9,'Normal Forme','Normal Deoxys'),(386,11,'ノーマルフォルム',''),(386,12,'普通形态',''),(412,1,'くさきのミノ',''),(412,3,'초목도롱',''),(412,5,'Cape Plante','Cheniti Plante'),(412,6,'Pflanzenumhang',''),(412,7,'Tronco Planta',''),(412,8,'Manto Pianta',''),(412,9,'Plant Cloak','Plant Burmy'),(413,1,'くさきのミノ',''),(413,3,'초목도롱',''),(413,4,'草木蓑衣',''),(413,5,'Cape Plante','Cheniselle Plante'),(413,6,'Pflanzenumhang',''),(413,7,'Tronco Planta',''),(413,8,'Manto Pianta',''),(413,9,'Plant Cloak','Plant Wormadam'),(413,11,'くさきのミノ',''),(413,12,'草木蓑衣',''),(421,1,'ネガフォルム',''),(421,3,'네거폼',''),(421,4,'陰天形態',''),(421,5,'Temps Couvert','Ceriflor Couvert'),(421,6,'Wolkenform',''),(421,7,'Forma Encapotado',''),(421,8,'Forma Nuvola',''),(421,9,'Overcast Form','Overcast Cherrim'),(421,11,'ネガフォルム',''),(421,12,'阴天形态',''),(422,1,'にしのうみ',''),(422,3,'서쪽바다',''),(422,4,'西海',''),(422,5,'Mer Occident','Sancoki Occident'),(422,6,'Westliches Meer',''),(422,7,'Mar Oeste',''),(422,8,'Mare Ovest',''),(422,9,'West Sea','West Shellos'),(422,11,'にしのうみ',''),(422,12,'西海',''),(423,1,'にしのうみ',''),(423,3,'서쪽바다',''),(423,4,'西海',''),(423,5,'Mer Occident','Tritosor Occident'),(423,6,'Westliches Meer',''),(423,7,'Mar Oeste',''),(423,8,'Mare Ovest',''),(423,9,'West Sea','West Gastrodon'),(423,11,'にしのうみ',''),(423,12,'西海',''),(479,1,'ロトムのすがた',''),(479,3,'로토무의 모습',''),(479,4,'洛托姆的樣子',''),(479,5,'Forme de Motisma',''),(479,6,'Rotom',''),(479,7,'Forma de Rotom',''),(479,8,'Forma Rotom',''),(479,9,'Rotom',''),(479,11,'ロトムのすがた',''),(479,12,'洛托姆的样子',''),(487,1,'アナザーフォルム',''),(487,3,'어나더폼',''),(487,4,'別種形態',''),(487,5,'Forme Alternative','Giratina Alternative'),(487,6,'Wandelform',''),(487,7,'Forma Modificada',''),(487,8,'Forma Alterata',''),(487,9,'Altered Forme','Altered Giratina'),(487,11,'アナザーフォルム',''),(487,12,'别种形态',''),(492,1,'ランドフォルム',''),(492,3,'랜드폼',''),(492,4,'陸上形態',''),(492,5,'Forme Terrestre','Shaymin Terrestre'),(492,6,'Landform',''),(492,7,'Forma Tierra',''),(492,8,'Forma Terra',''),(492,9,'Land Forme','Land Shaymin'),(492,11,'ランドフォルム',''),(492,12,'陆上形态',''),(493,1,'ノーマルタイプ',''),(493,5,'Normal','Arceus Normal'),(493,6,'Normal',''),(493,7,'Tipo Normal',''),(493,8,'Tipo Normale',''),(493,9,'Normal Type','Normal Arceus'),(550,1,'あかすじのすがた',''),(550,3,'적색근의 모습',''),(550,4,'紅條紋的樣子',''),(550,5,'Motif Rouge','Bargantua Rouge'),(550,6,'Rotlinige Form',''),(550,7,'Forma Raya Roja',''),(550,8,'Forma Linearossa',''),(550,9,'Red-Striped Form','Red-Striped Basculin'),(550,11,'あかすじのすがた',''),(550,12,'红条纹的样子',''),(555,1,'ノーマルモード',''),(555,3,'노말모드',''),(555,4,'普通模式',''),(555,5,'Mode Normal','Darumacho Normal'),(555,6,'Normalmodus',''),(555,7,'Modo Normal',''),(555,8,'Stato Normale',''),(555,9,'Standard Mode','Standard Darmanitan'),(555,11,'ノーマルモード',''),(555,12,'普通模式',''),(585,1,'はるのすがた',''),(585,3,'봄의 모습',''),(585,5,'Forme Printemps','Vivaldaim Printemps'),(585,6,'Frühlingsform',''),(585,7,'Forma Primavera',''),(585,8,'Forma Primavera',''),(585,9,'Spring Form','Spring Deerling'),(586,1,'はるのすがた',''),(586,3,'봄의 모습',''),(586,5,'Forme Printemps','Haydaim Printemps'),(586,6,'Frühlingsform',''),(586,7,'Forma Primavera',''),(586,8,'Forma Primavera',''),(586,9,'Spring Form','Spring Sawsbuck'),(641,1,'けしんフォルム',''),(641,3,'화신폼',''),(641,4,'化身形態',''),(641,5,'Forme Avatar','Boréas Avatar'),(641,6,'Inkarnationsform',''),(641,7,'Forma Avatar',''),(641,8,'Forma Incarnazione',''),(641,9,'Incarnate Forme','Incarnate Tornadus'),(641,11,'けしんフォルム',''),(641,12,'化身形态',''),(642,1,'けしんフォルム',''),(642,3,'화신폼',''),(642,4,'化身形態',''),(642,5,'Forme Avatar','Fulguris Avatar'),(642,6,'Inkarnationsform',''),(642,7,'Forma Avatar',''),(642,8,'Forma Incarnazione',''),(642,9,'Incarnate Forme','Incarnate Thundurus'),(642,11,'けしんフォルム',''),(642,12,'化身形态',''),(645,1,'けしんフォルム',''),(645,3,'화신폼',''),(645,4,'化身形態',''),(645,5,'Forme Avatar','Démétéros Avatar'),(645,6,'Inkarnationsform',''),(645,7,'Forma Avatar',''),(645,8,'Forma Incarnazione',''),(645,9,'Incarnate Forme','Incarnate Landorus'),(645,11,'けしんフォルム',''),(645,12,'化身形态',''),(646,1,'キュレムのすがた',''),(646,3,'큐레무의 모습',''),(646,4,'酋雷姆的樣子',''),(646,5,'Forme de Kyurem',''),(646,6,'Kyurem',''),(646,7,'Forma de Kyurem',''),(646,8,'Forma di Kyurem',''),(646,9,'Kyurem',''),(646,11,'キュレムのすがた',''),(646,12,'酋雷姆的样子',''),(647,1,'いつものすがた',''),(647,3,'평상시 모습',''),(647,4,'平常的樣子',''),(647,5,'Aspect Normal','Keldeo Normal'),(647,6,'Standardform',''),(647,7,'Forma Habitual',''),(647,8,'Forma Normale',''),(647,9,'Ordinary Form','Ordinary Keldeo'),(647,11,'いつものすがた',''),(647,12,'平常的样子',''),(648,1,'ボイスフォルム',''),(648,3,'보이스폼',''),(648,4,'歌聲形態',''),(648,5,'Forme Chant','Meloetta Chant'),(648,6,'Gesangsform',''),(648,7,'Forma Lírica',''),(648,8,'Forma Canto',''),(648,9,'Aria Forme','Aria Meloetta'),(648,11,'ボイスフォルム',''),(648,12,'歌声形态',''),(666,1,'はなぞののもよう',''),(666,3,'화원의 모양',''),(666,5,'Motif Floraison','Prismillon Floraison'),(666,6,'Blumenmeermuster',''),(666,7,'Motivo Floral',''),(666,8,'Motivo Giardinfiore',''),(666,9,'Meadow Pattern','Meadow Vivillon'),(669,1,'あかいはな',''),(669,3,'빨간 꽃',''),(669,5,'Fleur Rouge','Flabébé Rouge'),(669,6,'Rotblütler',''),(669,7,'Flor Roja',''),(669,8,'Fiore Rosso',''),(669,9,'Red Flower','Red Flabébé'),(670,1,'あかいはな',''),(670,3,'빨간 꽃',''),(670,5,'Fleur Rouge','Floette Rouge'),(670,6,'Rotblütler',''),(670,7,'Flor Roja',''),(670,8,'Fiore Rosso',''),(670,9,'Red Flower','Red Floette'),(671,1,'あかいはな',''),(671,3,'빨간 꽃',''),(671,5,'Fleur Rouge','Florges Rouge'),(671,6,'Rotblütler',''),(671,7,'Flor Roja',''),(671,8,'Fiore Rosso',''),(671,9,'Red Flower','Red Florges'),(676,1,'やせいのすがた',''),(676,3,'야생의 모습',''),(676,5,'Forme Sauvage','Couafarel Sauvage'),(676,6,'Zottelform',''),(676,7,'Forma Salvaje',''),(676,8,'Forma Selvatica',''),(676,9,'Natural Form','Natural Furfrou'),(678,1,'オスのすがた',''),(678,3,'수컷의 모습',''),(678,4,'雄性的樣子',''),(678,5,'Mâle','Mistigrix Mâle'),(678,6,'Männlich',''),(678,7,'Macho',''),(678,8,'Maschio',''),(678,9,'Male','Male Meowstic'),(678,11,'オスのすがた',''),(678,12,'雄性的样子',''),(681,1,'シールドフォルム',''),(681,3,'실드폼',''),(681,4,'盾牌形態',''),(681,5,'Forme Parade','Exagide Parade'),(681,6,'Schildform',''),(681,7,'Forma Escudo',''),(681,8,'Forma Scudo',''),(681,9,'Shield Forme','Shield Aegislash'),(681,11,'シールドフォルム',''),(681,12,'盾牌形态',''),(710,1,'ふつうのサイズ',''),(710,3,'보통 사이즈',''),(710,4,'普通尺寸',''),(710,5,'Taille Normale','Pitrouille Normal'),(710,6,'Größe M',''),(710,7,'Tamaño Normal',''),(710,8,'Normale',''),(710,9,'Average Size','Average Pumpkaboo'),(710,11,'ふつうのサイズ',''),(710,12,'普通尺寸',''),(711,1,'ふつうのサイズ',''),(711,3,'보통 사이즈',''),(711,4,'普通尺寸',''),(711,5,'Taille Normale','Banshitrouye Normal'),(711,6,'Größe M',''),(711,7,'Tamaño Normal',''),(711,8,'Normale',''),(711,9,'Average Size','Average Gourgeist'),(711,11,'ふつうのサイズ',''),(711,12,'普通尺寸',''),(716,1,'アクティブモード',''),(716,3,'액티브모드',''),(716,4,'活躍模式',''),(716,5,'Mode Déchaîné','Xerneas Déchaîné'),(716,6,'Aktiv-Modus',''),(716,7,'Modo Activo',''),(716,8,'Modo Attivo',''),(716,9,'Active Mode','Active Xerneas'),(716,11,'アクティブモード',''),(716,12,'活跃模式',''),(718,1,'５０％フォルム',''),(718,3,'50%폼',''),(718,4,'５０％形態',''),(718,5,'Forme 50 %',''),(718,6,'50%-Form',''),(718,7,'Forma 50%',''),(718,8,'Forma 50%',''),(718,9,'50% Forme',''),(718,11,'５０％フォルム',''),(718,12,'５０％形态',''),(720,1,'いましめられしフーパ',''),(720,3,'굴레에 빠진 후파',''),(720,4,'懲戒胡帕',''),(720,5,'Hoopa Enchaîné',''),(720,6,'Gebanntes Hoopa',''),(720,7,'Hoopa Contenido',''),(720,8,'Hoopa Vincolato',''),(720,9,'Hoopa Confined','Confined Hoopa'),(720,11,'いましめられしフーパ',''),(720,12,'惩戒胡帕',''),(741,1,'めらめらスタイル',''),(741,3,'이글이글스타일',''),(741,4,'熱辣熱辣風格',''),(741,5,'Style Flamenco',''),(741,6,'Flamenco-Stil',''),(741,7,'Estilo Apasionado',''),(741,8,'Stile Flamenco',''),(741,9,'Baile Style','Baile Oricorio'),(741,11,'めらめらスタイル',''),(741,12,'热辣热辣风格',''),(745,1,'まひるのすがた',''),(745,3,'한낮의 모습',''),(745,4,'白晝的樣子',''),(745,5,'Forme Diurne',''),(745,6,'Tagform',''),(745,7,'Forma Diurna',''),(745,8,'Forma Giorno',''),(745,9,'Midday Form','Midday Lycanroc'),(745,11,'まひるのすがた',''),(745,12,'白昼的样子',''),(746,1,'たんどくのすがた',''),(746,3,'단독의 모습',''),(746,4,'單獨的樣子',''),(746,5,'Forme Solitaire',''),(746,6,'Einzelform',''),(746,7,'Forma Individual',''),(746,8,'Forma Individuale',''),(746,9,'Solo Form','Solo Wishiwashi'),(746,11,'たんどくのすがた',''),(746,12,'单独的样子',''),(773,1,'タイプ：ノーマル',''),(773,3,'타입:노말',''),(773,4,'屬性：一般',''),(773,5,'Type : Normal',''),(773,6,'Typ:Normal',''),(773,7,'Tipo: Normal',''),(773,8,'Tipo Normale',''),(773,9,'Type: Normal',''),(773,11,'タイプ：ノーマル',''),(773,12,'属性：一般',''),(774,1,'りゅうせいのすがた',''),(774,3,'유성의 모습',''),(774,4,'流星的樣子',''),(774,5,'Forme Météore',''),(774,6,'Meteorform',''),(774,7,'Forma Meteorito',''),(774,8,'Forma Meteora',''),(774,9,'Meteor Form','Red Meteor Minior'),(774,11,'りゅうせいのすがた',''),(774,12,'流星的样子',''),(778,1,'ばけたすがた',''),(778,3,'둔갑한 모습',''),(778,4,'化形的樣子',''),(778,5,'Forme Déguisée',''),(778,6,'Verkleidete Form',''),(778,7,'Forma Encubierta',''),(778,8,'Forma Mascherata',''),(778,9,'Disguised Form','Disguised Mimikyu'),(778,11,'ばけたすがた',''),(778,12,'化形的样子',''),(849,1,'ハイなすがた',''),(849,3,'하이한 모습',''),(849,4,'高調的樣子',''),(849,5,'Forme Aigüe',''),(849,6,'Hoch-Form',''),(849,7,'Forma Aguda',''),(849,8,'Forma Melodia',''),(849,9,'Amped Form','Amped Toxtricity'),(849,11,'ハイなすがた',''),(849,12,'高调的样子',''),(854,9,'','Phony Sinistea'),(855,9,'','Phony Polteageist'),(869,1,'ミルキィバニラ',''),(869,3,'밀키바닐라',''),(869,4,'奶香香草',''),(869,5,'Lait Vanille',''),(869,6,'Vanille-Creme',''),(869,7,'Crema de Vainilla',''),(869,8,'Lattevaniglia',''),(869,9,'Vanilla Cream','Vanilla Cream Alcremie'),(869,11,'ミルキィバニラ',''),(869,12,'奶香香草',''),(875,1,'アイスフェイス',''),(875,3,'아이스페이스',''),(875,4,'結凍頭',''),(875,5,'Tête de Gel',''),(875,6,'Tiefkühlkopf',''),(875,7,'Cara de Hielo',''),(875,8,'Gelofaccia',''),(875,9,'Ice Face','Ice Eiscue'),(875,11,'アイスフェイス',''),(875,12,'结冻头',''),(876,1,'オスのすがた',''),(876,3,'수컷의 모습',''),(876,4,'雄性的樣子',''),(876,5,'Mâle',''),(876,6,'Männlich',''),(876,7,'Macho',''),(876,8,'Maschio',''),(876,9,'Male','Male Indeedee'),(876,11,'オスのすがた',''),(876,12,'雄性的样子',''),(877,1,'まんぷくもよう',''),(877,3,'배부른 모양',''),(877,4,'滿腹花紋',''),(877,5,'Mode Rassasié',''),(877,6,'Pappsattmuster',''),(877,7,'Forma Saciada',''),(877,8,'Motivo Panciapiena',''),(877,9,'Full Belly Mode','Full Belly Morpeko'),(877,11,'まんぷくもよう',''),(877,12,'满腹花纹',''),(888,1,'れきせんのゆうしゃ',''),(888,3,'역전의 용사',''),(888,4,'百戰勇者',''),(888,5,'Héros Aguerri',''),(888,6,'Heldenhafter Krieger',''),(888,7,'Guerrero Avezado',''),(888,8,'Eroe di Mille Lotte',''),(888,9,'Hero of Many Battles','Zacian'),(888,11,'れきせんのゆうしゃ',''),(888,12,'百战勇者',''),(889,1,'れきせんのゆうしゃ',''),(889,3,'역전의 용사',''),(889,4,'百戰勇者',''),(889,5,'Héros Aguerri',''),(889,6,'Heldenhafter Krieger',''),(889,7,'Guerrero Avezado',''),(889,8,'Eroe di Mille Lotte',''),(889,9,'Hero of Many Battles','Zamazenta'),(889,11,'れきせんのゆうしゃ',''),(889,12,'百战勇者',''),(892,1,'いちげきのかた',''),(892,3,'일격의 태세',''),(892,4,'一擊流',''),(892,5,'Style Poing Final',''),(892,6,'Fokussierter Stil',''),(892,7,'Estilo Brusco',''),(892,8,'Stile Singolcolpo',''),(892,9,'Single Strike Style','Single Strike Urshifu'),(892,11,'いちげきのかた',''),(892,12,'一击流',''),(10001,1,'Ｂ',''),(10001,3,'B',''),(10001,5,'B','Zarbi B'),(10001,6,'B',''),(10001,7,'B',''),(10001,8,'B',''),(10001,9,'B','Unown B'),(10002,1,'Ｃ',''),(10002,3,'C',''),(10002,5,'C','Zarbi C'),(10002,6,'C',''),(10002,7,'C',''),(10002,8,'C',''),(10002,9,'C','Unown C'),(10003,1,'Ｄ',''),(10003,3,'D',''),(10003,5,'D','Zarbi D'),(10003,6,'D',''),(10003,7,'D',''),(10003,8,'D',''),(10003,9,'D','Unown D'),(10004,1,'Ｅ',''),(10004,3,'E',''),(10004,5,'E','Zarbi E'),(10004,6,'E',''),(10004,7,'E',''),(10004,8,'E',''),(10004,9,'E','Unown E'),(10005,1,'Ｆ',''),(10005,3,'F',''),(10005,5,'F','Zarbi F'),(10005,6,'F',''),(10005,7,'F',''),(10005,8,'F',''),(10005,9,'F','Unown F'),(10006,1,'Ｇ',''),(10006,3,'G',''),(10006,5,'G','Zarbi G'),(10006,6,'G',''),(10006,7,'G',''),(10006,8,'G',''),(10006,9,'G','Unown G'),(10007,1,'Ｈ',''),(10007,3,'H',''),(10007,5,'H','Zarbi H'),(10007,6,'H',''),(10007,7,'H',''),(10007,8,'H',''),(10007,9,'H','Unown H'),(10008,1,'Ｉ',''),(10008,3,'I',''),(10008,5,'I','Zarbi I'),(10008,6,'I',''),(10008,7,'I',''),(10008,8,'I',''),(10008,9,'I','Unown I'),(10009,1,'Ｊ',''),(10009,3,'J',''),(10009,5,'J','Zarbi J'),(10009,6,'J',''),(10009,7,'J',''),(10009,8,'J',''),(10009,9,'J','Unown J'),(10010,1,'Ｋ',''),(10010,3,'K',''),(10010,5,'K','Zarbi K'),(10010,6,'K',''),(10010,7,'K',''),(10010,8,'K',''),(10010,9,'K','Unown K'),(10011,1,'Ｌ',''),(10011,3,'L',''),(10011,5,'L','Zarbi L'),(10011,6,'L',''),(10011,7,'L',''),(10011,8,'L',''),(10011,9,'L','Unown L'),(10012,1,'Ｍ',''),(10012,3,'M',''),(10012,5,'M','Zarbi M'),(10012,6,'M',''),(10012,7,'M',''),(10012,8,'M',''),(10012,9,'M','Unown M'),(10013,1,'Ｎ',''),(10013,3,'N',''),(10013,5,'N','Zarbi N'),(10013,6,'N',''),(10013,7,'N',''),(10013,8,'N',''),(10013,9,'N','Unown N'),(10014,1,'Ｏ',''),(10014,3,'O',''),(10014,5,'O','Zarbi O'),(10014,6,'O',''),(10014,7,'O',''),(10014,8,'O',''),(10014,9,'O','Unown O'),(10015,1,'Ｐ',''),(10015,3,'P',''),(10015,5,'P','Zarbi P'),(10015,6,'P',''),(10015,7,'P',''),(10015,8,'P',''),(10015,9,'P','Unown P'),(10016,1,'Ｑ',''),(10016,3,'Q',''),(10016,5,'Q','Zarbi Q'),(10016,6,'Q',''),(10016,7,'Q',''),(10016,8,'Q',''),(10016,9,'Q','Unown Q'),(10017,1,'Ｒ',''),(10017,3,'R',''),(10017,5,'R','Zarbi R'),(10017,6,'R',''),(10017,7,'R',''),(10017,8,'R',''),(10017,9,'R','Unown R'),(10018,1,'Ｓ',''),(10018,3,'S',''),(10018,5,'S','Zarbi S'),(10018,6,'S',''),(10018,7,'S',''),(10018,8,'S',''),(10018,9,'S','Unown S'),(10019,1,'Ｔ',''),(10019,3,'T',''),(10019,5,'T','Zarbi T'),(10019,6,'T',''),(10019,7,'T',''),(10019,8,'T',''),(10019,9,'T','Unown T'),(10020,1,'Ｕ',''),(10020,3,'U',''),(10020,5,'U','Zarbi U'),(10020,6,'U',''),(10020,7,'U',''),(10020,8,'U',''),(10020,9,'U','Unown U'),(10021,1,'Ｖ',''),(10021,3,'V',''),(10021,5,'V','Zarbi V'),(10021,6,'V',''),(10021,7,'V',''),(10021,8,'V',''),(10021,9,'V','Unown V'),(10022,1,'Ｗ',''),(10022,3,'W',''),(10022,5,'W','Zarbi W'),(10022,6,'W',''),(10022,7,'W',''),(10022,8,'W',''),(10022,9,'W','Unown W'),(10023,1,'Ｘ',''),(10023,3,'X',''),(10023,5,'X','Zarbi X'),(10023,6,'X',''),(10023,7,'X',''),(10023,8,'X',''),(10023,9,'X','Unown X'),(10024,1,'Ｙ',''),(10024,3,'Y',''),(10024,5,'Y','Zarbi Y'),(10024,6,'Y',''),(10024,7,'Y',''),(10024,8,'Y',''),(10024,9,'Y','Unown Y'),(10025,1,'Ｚ',''),(10025,3,'Z',''),(10025,5,'Z','Zarbi Z'),(10025,6,'Z',''),(10025,7,'Z',''),(10025,8,'Z',''),(10025,9,'Z','Unown Z'),(10026,1,'!',''),(10026,3,'!',''),(10026,5,'!','Zarbi !'),(10026,6,'!',''),(10026,7,'!',''),(10026,8,'!',''),(10026,9,'!','Unown !'),(10027,1,'?',''),(10027,3,'?',''),(10027,5,'?','Zarbi ?'),(10027,6,'?',''),(10027,7,'?',''),(10027,8,'?',''),(10027,9,'?','Unown ?'),(10028,1,'たいようのすがた',''),(10028,3,'태양의 모습',''),(10028,4,'太陽的樣子',''),(10028,5,'Forme Solaire','Morphéo Solaire'),(10028,6,'Sonnenform',''),(10028,7,'Forma Sol',''),(10028,8,'Forma Sole',''),(10028,9,'Sunny Form','Sunny Castform'),(10028,11,'たいようのすがた',''),(10028,12,'太阳的样子',''),(10029,1,'あまみずのすがた',''),(10029,3,'빗방울의 모습',''),(10029,4,'雨水的樣子',''),(10029,5,'Forme Eau de Pluie','Morphéo Eau de Pluie'),(10029,6,'Regenform',''),(10029,7,'Forma Lluvia',''),(10029,8,'Forma Pioggia',''),(10029,9,'Rainy Form','Rainy Castform'),(10029,11,'あまみずのすがた',''),(10029,12,'雨水的样子',''),(10030,1,'ゆきぐものすがた',''),(10030,3,'설운의 모습',''),(10030,4,'雪雲的樣子',''),(10030,5,'Forme Blizzard','Morphéo Blizzard'),(10030,6,'Schneeform',''),(10030,7,'Forma Nieve',''),(10030,8,'Forma Nuvola di Neve',''),(10030,9,'Snowy Form','Snowy Castform'),(10030,11,'ゆきぐものすがた',''),(10030,12,'雪云的样子',''),(10031,1,'アタックフォルム',''),(10031,3,'어택폼',''),(10031,4,'攻擊形態',''),(10031,5,'Forme Attaque','Deoxys Attaque'),(10031,6,'Angriffsform',''),(10031,7,'Forma Ataque',''),(10031,8,'Forma Attacco',''),(10031,9,'Attack Forme','Attack Deoxys'),(10031,11,'アタックフォルム',''),(10031,12,'攻击形态',''),(10032,1,'ディフェンスフォルム',''),(10032,3,'디펜스폼',''),(10032,4,'防禦形態',''),(10032,5,'Forme Défense','Deoxys Défense'),(10032,6,'Verteidigungsform',''),(10032,7,'Forma Defensa',''),(10032,8,'Forma Difesa',''),(10032,9,'Defense Forme','Defense Deoxys'),(10032,11,'ディフェンスフォルム',''),(10032,12,'防御形态',''),(10033,1,'スピードフォルム',''),(10033,3,'스피드폼',''),(10033,4,'速度形態',''),(10033,5,'Forme Vitesse','Deoxys Vitesse'),(10033,6,'Initiativeform',''),(10033,7,'Forma Velocidad',''),(10033,8,'Forma Velocità',''),(10033,9,'Speed Forme','Speed Deoxys'),(10033,11,'スピードフォルム',''),(10033,12,'速度形态',''),(10034,1,'すなちのミノ',''),(10034,3,'모래땅도롱',''),(10034,5,'Cape Sable','Cheniti Sable'),(10034,6,'Sandumhang',''),(10034,7,'Tronco Arena',''),(10034,8,'Manto Sabbia',''),(10034,9,'Sandy Cloak','Sandy Burmy'),(10035,1,'ゴミのミノ',''),(10035,3,'슈레도롱',''),(10035,5,'Cape Déchet','Cheniti Déchet'),(10035,6,'Lumpenumhang',''),(10035,7,'Tronco Basura',''),(10035,8,'Manto Scarti',''),(10035,9,'Trash Cloak','Trash Burmy'),(10036,1,'すなちのミノ',''),(10036,3,'모래땅도롱',''),(10036,4,'砂土蓑衣',''),(10036,5,'Cape Sable','Cheniselle Sable'),(10036,6,'Sandumhang',''),(10036,7,'Tronco Arena',''),(10036,8,'Manto Sabbia',''),(10036,9,'Sandy Cloak','Sandy Wormadam'),(10036,11,'すなちのミノ',''),(10036,12,'砂土蓑衣',''),(10037,1,'ゴミのミノ',''),(10037,3,'슈레도롱',''),(10037,4,'垃圾蓑衣',''),(10037,5,'Cape Déchet','Cheniselle Déchet'),(10037,6,'Lumpenumhang',''),(10037,7,'Tronco Basura',''),(10037,8,'Manto Scarti',''),(10037,9,'Trash Cloak','Trash Wormadam'),(10037,11,'ゴミのミノ',''),(10037,12,'垃圾蓑衣',''),(10038,1,'ポジフォルム',''),(10038,3,'포지폼',''),(10038,4,'晴天形態',''),(10038,5,'Temps Ensoleillé','Ceriflor Ensoleillé'),(10038,6,'Sonnenform',''),(10038,7,'Forma Soleado',''),(10038,8,'Forma Splendore',''),(10038,9,'Sunshine Form','Sunshine Cherrim'),(10038,11,'ポジフォルム',''),(10038,12,'晴天形态',''),(10039,1,'ひがしのうみ',''),(10039,3,'동쪽바다',''),(10039,4,'東海',''),(10039,5,'Mer Orient','Sancoki Orient'),(10039,6,'Östliches Meer',''),(10039,7,'Mar Este',''),(10039,8,'Mare Est',''),(10039,9,'East Sea','East Shellos'),(10039,11,'ひがしのうみ',''),(10039,12,'东海',''),(10040,1,'ひがしのうみ',''),(10040,3,'동쪽바다',''),(10040,4,'東海',''),(10040,5,'Mer Orient','Tritosor Orient'),(10040,6,'Östliches Meer',''),(10040,7,'Mar Este',''),(10040,8,'Mare Est',''),(10040,9,'East Sea','East Gastrodon'),(10040,11,'ひがしのうみ',''),(10040,12,'东海',''),(10041,1,'むしタイプ',''),(10041,5,'Insecte','Arceus Insecte'),(10041,6,'Käfer',''),(10041,7,'Tipo Bicho',''),(10041,8,'Tipo Coleottero',''),(10041,9,'Bug Type','Bug Arceus'),(10042,1,'あくタイプ',''),(10042,5,'Ténèbres','Arceus Ténèbres'),(10042,6,'Unlicht',''),(10042,7,'Tipo Siniestro',''),(10042,8,'Tipo Buio',''),(10042,9,'Dark Type','Dark Arceus'),(10043,1,'ドラゴンタイプ',''),(10043,5,'Dragon','Arceus Dragon'),(10043,6,'Drache',''),(10043,7,'Tipo Dragón',''),(10043,8,'Tipo Drago',''),(10043,9,'Dragon Type','Dragon Arceus'),(10044,1,'でんきタイプ',''),(10044,5,'Électrik','Arceus Électrik'),(10044,6,'Elektro',''),(10044,7,'Tipo Eléctrico',''),(10044,8,'Tipo Elettro',''),(10044,9,'Electric Type','Electric Arceus'),(10045,1,'かくとうタイプ',''),(10045,5,'Combat','Arceus Combat'),(10045,6,'Kampf',''),(10045,7,'Tipo Lucha',''),(10045,8,'Tipo Lotta',''),(10045,9,'Fighting Type','Fighting Arceus'),(10046,1,'ほのおタイプ',''),(10046,5,'Feu','Arceus Feu'),(10046,6,'Feuer',''),(10046,7,'Tipo Fuego',''),(10046,8,'Tipo Fuoco',''),(10046,9,'Fire Type','Fire Arceus'),(10047,1,'ひこうタイプ',''),(10047,5,'Vol','Arceus Vol'),(10047,6,'Flug',''),(10047,7,'Tipo Volador',''),(10047,8,'Tipo Volante',''),(10047,9,'Flying Type','Flying Arceus'),(10048,1,'ゴーストタイプ',''),(10048,5,'Spectre','Arceus Spectre'),(10048,6,'Geist',''),(10048,7,'Tipo Fantasma',''),(10048,8,'Tipo Spettro',''),(10048,9,'Ghost Type','Ghost Arceus'),(10049,1,'くさタイプ',''),(10049,5,'Plante','Arceus Plante'),(10049,6,'Pflanze',''),(10049,7,'Tipo Planta',''),(10049,8,'Tipo Erba',''),(10049,9,'Grass Type','Grass Arceus'),(10050,1,'じめんタイプ',''),(10050,5,'Sol','Arceus Sol'),(10050,6,'Boden',''),(10050,7,'Tipo Tierra',''),(10050,8,'Tipo Terra',''),(10050,9,'Ground Type','Ground Arceus'),(10051,1,'こおりタイプ',''),(10051,5,'Glace','Arceus Glace'),(10051,6,'Eis',''),(10051,7,'Tipo Hielo',''),(10051,8,'Tipo Ghiaccio',''),(10051,9,'Ice Type','Ice Arceus'),(10052,1,'どくタイプ',''),(10052,5,'Poison','Arceus Poison'),(10052,6,'Gift',''),(10052,7,'Tipo Veneno',''),(10052,8,'Tipo Veleno',''),(10052,9,'Poison Type','Poison Arceus'),(10053,1,'エスパータイプ',''),(10053,5,'Psy','Arceus Psy'),(10053,6,'Psycho',''),(10053,7,'Tipo Psíquico',''),(10053,8,'Tipo Psico',''),(10053,9,'Psychic Type','Psychic Arceus'),(10054,1,'いわタイプ',''),(10054,5,'Roche','Arceus Roche'),(10054,6,'Gestein',''),(10054,7,'Tipo Roca',''),(10054,8,'Tipo Roccia',''),(10054,9,'Rock Type','Rock Arceus'),(10055,1,'はがねタイプ',''),(10055,5,'Acier','Arceus Acier'),(10055,6,'Stahl',''),(10055,7,'Tipo Acero',''),(10055,8,'Tipo Acciaio',''),(10055,9,'Steel Type','Steel Arceus'),(10056,1,'みずタイプ',''),(10056,5,'Eau','Arceus Eau'),(10056,6,'Wasser',''),(10056,7,'Tipo Agua',''),(10056,8,'Tipo Acqua',''),(10056,9,'Water Type','Water Arceus'),(10057,1,'？？？タイプ',''),(10057,5,'???','Arceus ???'),(10057,6,'???',''),(10057,7,'Tipo ???',''),(10057,8,'Tipo ???',''),(10057,9,'??? Type','??? Arceus'),(10058,1,'ヒートロトム',''),(10058,3,'히트로토무',''),(10058,4,'加熱洛托姆',''),(10058,5,'Motisma Chaleur','Motisma Chaleur'),(10058,6,'Hitze-Rotom',''),(10058,7,'Rotom Calor',''),(10058,8,'Rotom Calore',''),(10058,9,'Heat Rotom','Heat Rotom'),(10058,11,'ヒートロトム',''),(10058,12,'加热洛托姆',''),(10059,1,'ウォッシュロトム',''),(10059,3,'워시로토무',''),(10059,4,'清洗洛托姆',''),(10059,5,'Motisma Lavage','Motisma Lavage'),(10059,6,'Wasch-Rotom',''),(10059,7,'Rotom Lavado',''),(10059,8,'Rotom Lavaggio',''),(10059,9,'Wash Rotom','Wash Rotom'),(10059,11,'ウォッシュロトム',''),(10059,12,'清洗洛托姆',''),(10060,1,'フロストロトム',''),(10060,3,'프로스트로토무',''),(10060,4,'結冰洛托姆',''),(10060,5,'Motisma Froid','Motisma Froid'),(10060,6,'Frost-Rotom',''),(10060,7,'Rotom Frío',''),(10060,8,'Rotom Gelo',''),(10060,9,'Frost Rotom','Frost Rotom'),(10060,11,'フロストロトム',''),(10060,12,'结冰洛托姆',''),(10061,1,'スピンロトム',''),(10061,3,'스핀로토무',''),(10061,4,'旋轉洛托姆',''),(10061,5,'Motisma Hélice','Motisma Hélice'),(10061,6,'Wirbel-Rotom',''),(10061,7,'Rotom Ventilador',''),(10061,8,'Rotom Vortice',''),(10061,9,'Fan Rotom','Fan Rotom'),(10061,11,'スピンロトム',''),(10061,12,'旋转洛托姆',''),(10062,1,'カットロトム',''),(10062,3,'커트로토무',''),(10062,4,'切割洛托姆',''),(10062,5,'Motisma Tonte','Motisma Tonte'),(10062,6,'Schneid-Rotom',''),(10062,7,'Rotom Corte',''),(10062,8,'Rotom Taglio',''),(10062,9,'Mow Rotom','Mow Rotom'),(10062,11,'カットロトム',''),(10062,12,'切割洛托姆',''),(10063,1,'オリジンフォルム',''),(10063,3,'오리진폼',''),(10063,4,'起源形態',''),(10063,5,'Forme Originelle','Giratina Originel'),(10063,6,'Urform',''),(10063,7,'Forma Origen',''),(10063,8,'Forma Originale',''),(10063,9,'Origin Forme','Origin Giratina'),(10063,11,'オリジンフォルム',''),(10063,12,'起源形态',''),(10064,1,'スカイフォルム',''),(10064,3,'스카이폼',''),(10064,4,'天空形態',''),(10064,5,'Forme Céleste','Shaymin Céleste'),(10064,6,'Zenitform',''),(10064,7,'Forma Cielo',''),(10064,8,'Forma Cielo',''),(10064,9,'Sky Forme','Sky Shaymin'),(10064,11,'スカイフォルム',''),(10064,12,'天空形态',''),(10065,5,'Troizépi','Pichu Troizépi'),(10065,9,'Spiky-eared','Spiky-eared Pichu'),(10066,1,'あおすじのすがた',''),(10066,3,'청색근의 모습',''),(10066,4,'藍條紋的樣子',''),(10066,5,'Motif Bleu','Bargantua Bleu'),(10066,6,'Blaulinige Form',''),(10066,7,'Forma Raya Azul',''),(10066,8,'Forma Lineablu',''),(10066,9,'Blue-Striped Form','Blue-Striped Basculin'),(10066,11,'あおすじのすがた',''),(10066,12,'蓝条纹的样子',''),(10067,1,'ダルマモード',''),(10067,3,'달마모드',''),(10067,4,'達摩模式',''),(10067,5,'Mode Transe','Darumacho Transe'),(10067,6,'Trance-Modus',''),(10067,7,'Modo Daruma',''),(10067,8,'Stato Zen',''),(10067,9,'Zen Mode','Zen Darmanitan'),(10067,11,'ダルマモード',''),(10067,12,'达摩模式',''),(10068,1,'なつのすがた',''),(10068,3,'여름의 모습',''),(10068,5,'Forme Été','Vivaldaim Été'),(10068,6,'Sommerform',''),(10068,7,'Forma Verano',''),(10068,8,'Forma Estate',''),(10068,9,'Summer Form','Summer Deerling'),(10069,1,'あきのすがた',''),(10069,3,'가을의 모습',''),(10069,5,'Forme Automne','Vivaldaim Automne'),(10069,6,'Herbstform',''),(10069,7,'Forma Otoño',''),(10069,8,'Forma Autunno',''),(10069,9,'Autumn Form','Autumn Deerling'),(10070,1,'ふゆのすがた',''),(10070,3,'겨울의 모습',''),(10070,5,'Forme Hiver','Vivaldaim Hiver'),(10070,6,'Winterform',''),(10070,7,'Forma Invierno',''),(10070,8,'Forma Inverno',''),(10070,9,'Winter Form','Winter Deerling'),(10071,1,'なつのすがた',''),(10071,3,'여름의 모습',''),(10071,5,'Forme Été','Haydaim Été'),(10071,6,'Sommerform',''),(10071,7,'Forma Verano',''),(10071,8,'Forma Estate',''),(10071,9,'Summer Form','Summer Sawsbuck'),(10072,1,'あきのすがた',''),(10072,3,'가을의 모습',''),(10072,5,'Forme Automne','Haydaim Automne'),(10072,6,'Herbstform',''),(10072,7,'Forma Otoño',''),(10072,8,'Forma Autunno',''),(10072,9,'Autumn Form','Autumn Sawsbuck'),(10073,1,'ふゆのすがた',''),(10073,3,'겨울의 모습',''),(10073,5,'Forme Hiver','Haydaim Hiver'),(10073,6,'Winterform',''),(10073,7,'Forma Invierno',''),(10073,8,'Forma Inverno',''),(10073,9,'Winter Form','Winter Sawsbuck'),(10074,1,'ステップフォルム',''),(10074,3,'스텝폼',''),(10074,4,'舞步形態',''),(10074,5,'Forme Danse','Meloetta Danse'),(10074,6,'Tanzform',''),(10074,7,'Forma Danza',''),(10074,8,'Forma Danza',''),(10074,9,'Pirouette Forme','Pirouette Meloetta'),(10074,11,'ステップフォルム',''),(10074,12,'舞步形态',''),(10075,1,'アクアカセット',''),(10075,3,'아쿠아카세트',''),(10075,5,'Module Aqua','Genesect Aqua'),(10075,6,'Aquamodul',''),(10075,7,'HidroROM',''),(10075,8,'Idromodulo',''),(10075,9,'Douse Drive','Douse Genesect'),(10076,1,'イナズマカセット',''),(10076,3,'번개카세트',''),(10076,5,'Module Choc','Genesect Choc'),(10076,6,'Blitzmodul',''),(10076,7,'FulgoROM',''),(10076,8,'Voltmodulo',''),(10076,9,'Shock Drive','Shock Genesect'),(10077,1,'ブレイズカセット',''),(10077,3,'블레이즈카세트',''),(10077,5,'Module Pyro','Genesect Pyro'),(10077,6,'Flammenmodul',''),(10077,7,'PiroROM',''),(10077,8,'Piromodulo',''),(10077,9,'Burn Drive','Burn Genesect'),(10078,1,'フリーズカセット',''),(10078,3,'프리즈카세트',''),(10078,5,'Module Cryo','Genesect Cryo'),(10078,6,'Gefriermodul',''),(10078,7,'CrioROM',''),(10078,8,'Gelomodulo',''),(10078,9,'Chill Drive','Chill Genesect'),(10079,1,'れいじゅうフォルム',''),(10079,3,'영물폼',''),(10079,4,'靈獸形態',''),(10079,5,'Forme Totémique','Boréas Totémique'),(10079,6,'Tiergeistform',''),(10079,7,'Forma Tótem',''),(10079,8,'Forma Totem',''),(10079,9,'Therian Forme','Therian Tornadus'),(10079,11,'れいじゅうフォルム',''),(10079,12,'灵兽形态',''),(10080,1,'れいじゅうフォルム',''),(10080,3,'영물폼',''),(10080,4,'靈獸形態',''),(10080,5,'Forme Totémique','Fulguris Totémique'),(10080,6,'Tiergeistform',''),(10080,7,'Forma Tótem',''),(10080,8,'Forma Totem',''),(10080,9,'Therian Forme','Therian Thundurus'),(10080,11,'れいじゅうフォルム',''),(10080,12,'灵兽形态',''),(10081,1,'れいじゅうフォルム',''),(10081,3,'영물폼',''),(10081,4,'靈獸形態',''),(10081,5,'Forme Totémique','Démétéros Totémique'),(10081,6,'Tiergeistform',''),(10081,7,'Forma Tótem',''),(10081,8,'Forma Totem',''),(10081,9,'Therian Forme','Therian Landorus'),(10081,11,'れいじゅうフォルム',''),(10081,12,'灵兽形态',''),(10082,1,'ブラックキュレム',''),(10082,3,'블랙큐레무',''),(10082,4,'闇黑酋雷姆',''),(10082,5,'Kyurem Noir','Kyurem Noir'),(10082,6,'Schwarzes Kyurem',''),(10082,7,'Kyurem Negro',''),(10082,8,'Kyurem Nero',''),(10082,9,'Black Kyurem','Black Kyurem'),(10082,11,'ブラックキュレム',''),(10082,12,'暗黑酋雷姆',''),(10083,1,'ホワイトキュレム',''),(10083,3,'화이트큐레무',''),(10083,4,'焰白酋雷姆',''),(10083,5,'Kyurem Blanc','Kyurem Blanc'),(10083,6,'Weißes Kyurem',''),(10083,7,'Kyurem Blanco',''),(10083,8,'Kyurem Bianco',''),(10083,9,'White Kyurem','White Kyurem'),(10083,11,'ホワイトキュレム',''),(10083,12,'焰白酋雷姆',''),(10084,1,'かくごのすがた',''),(10084,3,'각오의 모습',''),(10084,4,'覺悟的樣子',''),(10084,5,'Aspect Décidé','Keldeo Décidé'),(10084,6,'Resolutform',''),(10084,7,'Forma Brío',''),(10084,8,'Forma Risoluta',''),(10084,9,'Resolute Form','Resolute Keldeo'),(10084,11,'かくごのすがた',''),(10084,12,'觉悟的样子',''),(10085,1,'フェアリータイプ',''),(10085,5,'Fée','Arceus Fée'),(10085,6,'Fee',''),(10085,7,'Tipo Hada',''),(10085,8,'Tipo Folletto',''),(10085,9,'Fairy Type','Fairy Arceus'),(10086,1,'ひょうせつのもよう',''),(10086,3,'빙설의 모양',''),(10086,5,'Motif Blizzard','Prismillon Blizzard'),(10086,6,'Frostmuster',''),(10086,7,'Motivo Polar',''),(10086,8,'Motivo Nevi Perenni',''),(10086,9,'Icy Snow Pattern','Icy Snow Vivillon'),(10087,1,'ゆきぐにのもよう',''),(10087,3,'설국의 모양',''),(10087,5,'Motif Banquise','Prismillon Banquise'),(10087,6,'Schneefeldmuster',''),(10087,7,'Motivo Taiga',''),(10087,8,'Motivo Nordico',''),(10087,9,'Polar Pattern','Polar Vivillon'),(10088,1,'せつげんのもよう',''),(10088,3,'설원의 모양',''),(10088,5,'Motif Glace','Prismillon Glace'),(10088,6,'Flockenmuster',''),(10088,7,'Motivo Tundra',''),(10088,8,'Motivo Manto di Neve',''),(10088,9,'Tundra Pattern','Tundra Vivillon'),(10089,1,'たいりくのもよう',''),(10089,3,'대륙의 모양',''),(10089,5,'Motif Continent','Prismillon Continent'),(10089,6,'Kontinentalmuster',''),(10089,7,'Motivo Continental',''),(10089,8,'Motivo Continentale',''),(10089,9,'Continental Pattern','Continental Vivillon'),(10090,1,'ていえんのもよう',''),(10090,3,'정원의 모양',''),(10090,5,'Motif Verdure','Prismillon Verdure'),(10090,6,'Ziergartenmuster',''),(10090,7,'Motivo Vergel',''),(10090,8,'Motivo Prato',''),(10090,9,'Garden Pattern','Garden Vivillon'),(10091,1,'みやびなもよう',''),(10091,3,'우아한 모양',''),(10091,5,'Motif Monarchie','Prismillon Monarchie'),(10091,6,'Prunkmuster',''),(10091,7,'Motivo Oriental',''),(10091,8,'Motivo Eleganza',''),(10091,9,'Elegant Pattern','Elegant Vivillon'),(10092,1,'モダンなもよう',''),(10092,3,'모던한 모양',''),(10092,5,'Motif Métropole','Prismillon Métropole'),(10092,6,'Innovationsmuster',''),(10092,7,'Motivo Moderno',''),(10092,8,'Motivo Trendy',''),(10092,9,'Modern Pattern','Modern Vivillon'),(10093,1,'マリンのもよう',''),(10093,3,'마린의 모양',''),(10093,5,'Motif Rivage','Prismillon Rivage'),(10093,6,'Aquamarinmuster',''),(10093,7,'Motivo Marino',''),(10093,8,'Motivo Marino',''),(10093,9,'Marine Pattern','Marine Vivillon'),(10094,1,'ぐんとうのもよう',''),(10094,3,'군도의 모양',''),(10094,5,'Motif Archipel','Prismillon Archipel'),(10094,6,'Archipelmuster',''),(10094,7,'Motivo Isleño',''),(10094,8,'Motivo Arcipelago',''),(10094,9,'Archipelago Pattern','Archipelago Vivillon'),(10095,1,'こうやのもよう',''),(10095,3,'황야의 모양',''),(10095,5,'Motif Sécheresse','Prismillon Sécheresse'),(10095,6,'Dürremuster',''),(10095,7,'Motivo Estepa',''),(10095,8,'Motivo Deserto',''),(10095,9,'High Plains Pattern','High Plains Vivillon'),(10096,1,'さじんのもよう',''),(10096,3,'사진의 모양',''),(10096,5,'Motif Sable','Prismillon Sable'),(10096,6,'Sandmuster',''),(10096,7,'Motivo Desierto',''),(10096,8,'Motivo Sabbia',''),(10096,9,'Sandstorm Pattern','Sandstorm Vivillon'),(10097,1,'たいがのもよう',''),(10097,3,'대하의 모양',''),(10097,5,'Motif Delta','Prismillon Delta'),(10097,6,'Flussdeltamuster',''),(10097,7,'Motivo Oasis',''),(10097,8,'Motivo Fluviale',''),(10097,9,'River Pattern','River Vivillon'),(10098,1,'スコールのもよう',''),(10098,3,'스콜의 모양',''),(10098,5,'Motif Cyclone','Prismillon Cyclone'),(10098,6,'Monsunmuster',''),(10098,7,'Motivo Monzón',''),(10098,8,'Motivo Pluviale',''),(10098,9,'Monsoon Pattern','Monsoon Vivillon'),(10099,1,'サバンナのもよう',''),(10099,3,'사바나의 모양',''),(10099,5,'Motif Mangrove','Prismillon Mangrove'),(10099,6,'Savannenmuster',''),(10099,7,'Motivo Pantano',''),(10099,8,'Motivo Savana',''),(10099,9,'Savanna Pattern','Savanna Vivillon'),(10100,1,'たいようのもよう',''),(10100,3,'태양의 모양',''),(10100,5,'Motif Zénith','Prismillon Zénith'),(10100,6,'Sonnenmuster',''),(10100,7,'Motivo Solar',''),(10100,8,'Motivo Solare',''),(10100,9,'Sun Pattern','Sun Vivillon'),(10101,1,'オーシャンのもよう',''),(10101,3,'오션의 모양',''),(10101,5,'Motif Soleil Levant','Prismillon Soleil Levant'),(10101,6,'Ozeanmuster',''),(10101,7,'Motivo Océano',''),(10101,8,'Motivo Oceanico',''),(10101,9,'Ocean Pattern','Ocean Vivillon'),(10102,1,'ジャングルのもよう',''),(10102,3,'정글의 모양',''),(10102,5,'Motif Jungle','Prismillon Jungle'),(10102,6,'Dschungelmuster',''),(10102,7,'Motivo Jungla',''),(10102,8,'Motivo Giungla',''),(10102,9,'Jungle Pattern','Jungle Vivillon'),(10103,1,'きいろのはな',''),(10103,3,'노란 꽃',''),(10103,5,'Fleur Jaune','Flabébé Jaune'),(10103,6,'Gelbblütler',''),(10103,7,'Flor Amarilla',''),(10103,8,'Fiore Giallo',''),(10103,9,'Yellow Flower','Yellow Flabébé'),(10104,1,'オレンジいろのはな',''),(10104,3,'오렌지색 꽃',''),(10104,5,'Fleur Orange','Flabébé Orange'),(10104,6,'Orangeblütler',''),(10104,7,'Flor Naranja',''),(10104,8,'Fiore Arancione',''),(10104,9,'Orange Flower','Orange Flabébé'),(10105,1,'あおいはな',''),(10105,3,'파란 꽃',''),(10105,5,'Fleur Bleue','Flabébé Bleu'),(10105,6,'Blaublütler',''),(10105,7,'Flor Azul',''),(10105,8,'Fiore Blu',''),(10105,9,'Blue Flower','Blue Flabébé'),(10106,1,'しろいはな',''),(10106,3,'하얀 꽃',''),(10106,5,'Fleur Blanche','Flabébé Blanc'),(10106,6,'Weißblütler',''),(10106,7,'Flor Blanca',''),(10106,8,'Fiore Bianco',''),(10106,9,'White Flower','White Flabébé'),(10107,1,'きいろのはな',''),(10107,3,'노란 꽃',''),(10107,5,'Fleur Jaune','Floette Jaune'),(10107,6,'Gelbblütler',''),(10107,7,'Flor Amarilla',''),(10107,8,'Fiore Giallo',''),(10107,9,'Yellow Flower','Yellow Floette'),(10108,1,'オレンジいろのはな',''),(10108,3,'오렌지색 꽃',''),(10108,5,'Fleur Orange','Floette Orange'),(10108,6,'Orangeblütler',''),(10108,7,'Flor Naranja',''),(10108,8,'Fiore Arancione',''),(10108,9,'Orange Flower','Orange Floette'),(10109,1,'あおいはな',''),(10109,3,'파란 꽃',''),(10109,5,'Fleur Bleue','Floette Bleu'),(10109,6,'Blaublütler',''),(10109,7,'Flor Azul',''),(10109,8,'Fiore Blu',''),(10109,9,'Blue Flower','Blue Floette'),(10110,1,'しろいはな',''),(10110,3,'하얀 꽃',''),(10110,5,'Fleur Blanche','Floette Blanc'),(10110,6,'Weißblütler',''),(10110,7,'Flor Blanca',''),(10110,8,'Fiore Bianco',''),(10110,9,'White Flower','White Floette'),(10111,1,'きいろのはな',''),(10111,3,'노란 꽃',''),(10111,5,'Fleur Jaune','Florges Jaune'),(10111,6,'Gelbblütler',''),(10111,7,'Flor Amarilla',''),(10111,8,'Fiore Giallo',''),(10111,9,'Yellow Flower','Yellow Florges'),(10112,1,'オレンジいろのはな',''),(10112,3,'오렌지색 꽃',''),(10112,5,'Fleur Orange','Florges Orange'),(10112,6,'Orangeblütler',''),(10112,7,'Flor Naranja',''),(10112,8,'Fiore Arancione',''),(10112,9,'Orange Flower','Orange Florges'),(10113,1,'あおいはな',''),(10113,3,'파란 꽃',''),(10113,5,'Fleur Bleue','Florges Bleu'),(10113,6,'Blaublütler',''),(10113,7,'Flor Azul',''),(10113,8,'Fiore Blu',''),(10113,9,'Blue Flower','Blue Florges'),(10114,1,'しろいはな',''),(10114,3,'하얀 꽃',''),(10114,5,'Fleur Blanche','Florges Blanc'),(10114,6,'Weißblütler',''),(10114,7,'Flor Blanca',''),(10114,8,'Fiore Bianco',''),(10114,9,'White Flower','White Florges'),(10115,1,'ハートカット',''),(10115,3,'하트컷',''),(10115,5,'Coupe Cœur','Couafarel Cœur'),(10115,6,'Herzchenschnitt',''),(10115,7,'Corte Corazón',''),(10115,8,'Taglio Cuore',''),(10115,9,'Heart Trim','Heart Furfrou'),(10116,1,'スターカット',''),(10116,3,'스타컷',''),(10116,5,'Coupe Étoile','Couafarel Étoile'),(10116,6,'Sternchenschnitt',''),(10116,7,'Corte Estrella',''),(10116,8,'Taglio Stella',''),(10116,9,'Star Trim','Star Furfrou'),(10117,1,'ダイヤカット',''),(10117,3,'다이아컷',''),(10117,5,'Coupe Diamant','Couafarel Diamant'),(10117,6,'Diamantenschnitt',''),(10117,7,'Corte Rombo',''),(10117,8,'Taglio Diamante',''),(10117,9,'Diamond Trim','Diamond Furfrou'),(10118,1,'レディカット',''),(10118,3,'레이디컷',''),(10118,5,'Coupe Demoiselle','Couafarel Demoiselle'),(10118,6,'Fräuleinschnitt',''),(10118,7,'Corte Señorita',''),(10118,8,'Taglio Signorina',''),(10118,9,'Debutante Trim','Debutante Furfrou'),(10119,1,'マダムカット',''),(10119,3,'마담컷',''),(10119,5,'Coupe Madame','Couafarel Madame'),(10119,6,'Damenschnitt',''),(10119,7,'Corte Dama',''),(10119,8,'Taglio Gentildonna',''),(10119,9,'Matron Trim','Matron Furfrou'),(10120,1,'ジェントルカット',''),(10120,3,'젠틀컷',''),(10120,5,'Coupe Monsieur','Couafarel Monsieur'),(10120,6,'Kavaliersschnitt',''),(10120,7,'Corte Caballero',''),(10120,8,'Taglio Gentiluomo',''),(10120,9,'Dandy Trim','Dandy Furfrou'),(10121,1,'クイーンカット',''),(10121,3,'퀸컷',''),(10121,5,'Coupe Reine','Couafarel Reine'),(10121,6,'Königinnenschnitt',''),(10121,7,'Corte Aristocrático',''),(10121,8,'Taglio Regina',''),(10121,9,'La Reine Trim','La Reine Furfrou'),(10122,1,'カブキカット',''),(10122,3,'가부키컷',''),(10122,5,'Coupe Kabuki','Couafarel Kabuki'),(10122,6,'Kabuki-Schnitt',''),(10122,7,'Corte Kabuki',''),(10122,8,'Taglio Kabuki',''),(10122,9,'Kabuki Trim','Kabuki Furfrou'),(10123,1,'キングダムカット',''),(10123,3,'킹덤컷',''),(10123,5,'Coupe Pharaon','Couafarel Pharaon'),(10123,6,'Herrscherschnitt',''),(10123,7,'Corte Faraónico',''),(10123,8,'Taglio Faraone',''),(10123,9,'Pharaoh Trim','Pharaoh Furfrou'),(10124,1,'メスのすがた',''),(10124,3,'암컷의 모습',''),(10124,4,'雌性的樣子',''),(10124,5,'Femelle','Mistigrix Femelle'),(10124,6,'Weiblich',''),(10124,7,'Hembra',''),(10124,8,'Femmina',''),(10124,9,'Female','Female Meowstic'),(10124,11,'メスのすがた',''),(10124,12,'雌性的样子',''),(10125,1,'ブレードフォルム',''),(10125,3,'블레이드폼',''),(10125,4,'刀劍形態',''),(10125,5,'Forme Assaut','Exagide Assaut'),(10125,6,'Klingenform',''),(10125,7,'Forma Filo',''),(10125,8,'Forma Spada',''),(10125,9,'Blade Forme','Blade Aegislash'),(10125,11,'ブレードフォルム',''),(10125,12,'刀剑形态',''),(10126,1,'ちいさいサイズ',''),(10126,3,'작은 사이즈',''),(10126,4,'小尺寸',''),(10126,5,'Taille Mini','Pitrouille Mini'),(10126,6,'Größe S',''),(10126,7,'Tamaño Pequeño',''),(10126,8,'Mini',''),(10126,9,'Small Size','Small Pumpkaboo'),(10126,11,'ちいさいサイズ',''),(10126,12,'小尺寸',''),(10127,1,'おおきいサイズ',''),(10127,3,'큰 사이즈',''),(10127,4,'大尺寸',''),(10127,5,'Taille Maxi','Pitrouille Maxi'),(10127,6,'Größe L',''),(10127,7,'Tamaño Grande',''),(10127,8,'Grande',''),(10127,9,'Large Size','Large Pumpkaboo'),(10127,11,'おおきいサイズ',''),(10127,12,'大尺寸',''),(10128,1,'とくだいサイズ',''),(10128,3,'특대 사이즈',''),(10128,4,'特大尺寸',''),(10128,5,'Taille Ultra','Pitrouille Ultra'),(10128,6,'Größe XL',''),(10128,7,'Tamaño Extragrande',''),(10128,8,'Maxi',''),(10128,9,'Super Size','Super Pumpkaboo'),(10128,11,'とくだいサイズ',''),(10128,12,'特大尺寸',''),(10129,1,'ちいさいサイズ',''),(10129,3,'작은 사이즈',''),(10129,4,'小尺寸',''),(10129,5,'Taille Mini','Banshitrouye Mini'),(10129,6,'Größe S',''),(10129,7,'Tamaño Pequeño',''),(10129,8,'Mini',''),(10129,9,'Small Size','Small Gourgeist'),(10129,11,'ちいさいサイズ',''),(10129,12,'小尺寸',''),(10130,1,'おおきいサイズ',''),(10130,3,'큰 사이즈',''),(10130,4,'大尺寸',''),(10130,5,'Taille Maxi','Banshitrouye Maxi'),(10130,6,'Größe L',''),(10130,7,'Tamaño Grande',''),(10130,8,'Grande',''),(10130,9,'Large Size','Large Gourgeist'),(10130,11,'おおきいサイズ',''),(10130,12,'大尺寸',''),(10131,1,'とくだいサイズ',''),(10131,3,'특대 사이즈',''),(10131,4,'特大尺寸',''),(10131,5,'Taille Ultra','Banshitrouye Ultra'),(10131,6,'Größe XL',''),(10131,7,'Tamaño Extragrande',''),(10131,8,'Maxi',''),(10131,9,'Super Size','Super Gourgeist'),(10131,11,'とくだいサイズ',''),(10131,12,'特大尺寸',''),(10132,1,'リラックスモード',''),(10132,3,'릴랙스모드',''),(10132,4,'放鬆模式',''),(10132,5,'Mode Paisible','Xerneas Paisible'),(10132,6,'Ruhe-Modus',''),(10132,7,'Modo Relajado',''),(10132,8,'Modo Relax',''),(10132,9,'Neutral Mode','Neutral Xerneas'),(10132,11,'リラックスモード',''),(10132,12,'放松模式',''),(10133,1,'メガフシギバナ',''),(10133,3,'메가이상해꽃',''),(10133,4,'超級妙蛙花',''),(10133,5,'Méga-Florizarre','Méga-Florizarre'),(10133,6,'Mega-Bisaflor',''),(10133,7,'Mega-Venusaur',''),(10133,8,'MegaVenusaur',''),(10133,9,'Mega Venusaur','Mega Venusaur'),(10133,11,'メガフシギバナ',''),(10133,12,'超级妙蛙花',''),(10134,1,'メガリザードンＸ',''),(10134,3,'메가리자몽X',''),(10134,4,'超級噴火龍Ｘ',''),(10134,5,'Méga-Dracaufeu X','Méga-Dracaufeu X'),(10134,6,'Mega-Glurak X',''),(10134,7,'Mega-Charizard X',''),(10134,8,'MegaCharizard X',''),(10134,9,'Mega Charizard X','Mega Charizard X'),(10134,11,'メガリザードンＸ',''),(10134,12,'超级喷火龙Ｘ',''),(10135,1,'メガリザードンＹ',''),(10135,3,'메가리자몽Y',''),(10135,4,'超級噴火龍Ｙ',''),(10135,5,'Méga-Dracaufeu Y','Méga-Dracaufeu Y'),(10135,6,'Mega-Glurak Y',''),(10135,7,'Mega-Charizard Y',''),(10135,8,'MegaCharizard Y',''),(10135,9,'Mega Charizard Y','Mega Charizard Y'),(10135,11,'メガリザードンＹ',''),(10135,12,'超级喷火龙Ｙ',''),(10136,1,'メガカメックス',''),(10136,3,'메가거북왕',''),(10136,4,'超級水箭龜',''),(10136,5,'Méga-Tortank','Méga-Tortank'),(10136,6,'Mega-Turtok',''),(10136,7,'Mega-Blastoise',''),(10136,8,'MegaBlastoise',''),(10136,9,'Mega Blastoise','Mega Blastoise'),(10136,11,'メガカメックス',''),(10136,12,'超级水箭龟',''),(10137,1,'メガフーディン',''),(10137,3,'메가후딘',''),(10137,4,'超級胡地',''),(10137,5,'Méga-Alakazam','Méga-Alakazam'),(10137,6,'Mega-Simsala',''),(10137,7,'Mega-Alakazam',''),(10137,8,'MegaAlakazam',''),(10137,9,'Mega Alakazam','Mega Alakazam'),(10137,11,'メガフーディン',''),(10137,12,'超级胡地',''),(10138,1,'メガゲンガー',''),(10138,3,'메가팬텀',''),(10138,4,'超級耿鬼',''),(10138,5,'Méga-Ectoplasma','Méga-Ectoplasma'),(10138,6,'Mega-Gengar',''),(10138,7,'Mega-Gengar',''),(10138,8,'MegaGengar',''),(10138,9,'Mega Gengar','Mega Gengar'),(10138,11,'メガゲンガー',''),(10138,12,'超级耿鬼',''),(10139,1,'メガガルーラ',''),(10139,3,'메가캥카',''),(10139,4,'超級袋獸',''),(10139,5,'Méga-Kangourex','Méga-Kangourex'),(10139,6,'Mega-Kangama',''),(10139,7,'Mega-Kangaskhan',''),(10139,8,'MegaKangaskhan',''),(10139,9,'Mega Kangaskhan','Mega Kangaskhan'),(10139,11,'メガガルーラ',''),(10139,12,'超级袋兽',''),(10140,1,'メガカイロス',''),(10140,3,'메가쁘사이저',''),(10140,4,'超級凱羅斯',''),(10140,5,'Méga-Scarabrute','Méga-Scarabrute'),(10140,6,'Mega-Pinsir',''),(10140,7,'Mega-Pinsir',''),(10140,8,'MegaPinsir',''),(10140,9,'Mega Pinsir','Mega Pinsir'),(10140,11,'メガカイロス',''),(10140,12,'超级凯罗斯',''),(10141,1,'メガギャラドス',''),(10141,3,'메가갸라도스',''),(10141,4,'超級暴鯉龍',''),(10141,5,'Méga-Léviator','Méga-Léviator'),(10141,6,'Mega-Garados',''),(10141,7,'Mega-Gyarados',''),(10141,8,'MegaGyarados',''),(10141,9,'Mega Gyarados','Mega Gyarados'),(10141,11,'メガギャラドス',''),(10141,12,'超级暴鲤龙',''),(10142,1,'メガプテラ',''),(10142,3,'메가프테라',''),(10142,4,'超級化石翼龍',''),(10142,5,'Méga-Ptéra','Méga-Ptéra'),(10142,6,'Mega-Aerodactyl',''),(10142,7,'Mega-Aerodactyl',''),(10142,8,'MegaAerodactyl',''),(10142,9,'Mega Aerodactyl','Mega Aerodactyl'),(10142,11,'メガプテラ',''),(10142,12,'超级化石翼龙',''),(10143,1,'メガミュウツーＸ',''),(10143,3,'메가뮤츠X',''),(10143,4,'超級超夢Ｘ',''),(10143,5,'Méga-Mewtwo X','Méga-Mewtwo X'),(10143,6,'Mega-Mewtu X',''),(10143,7,'Mega-Mewtwo X',''),(10143,8,'MegaMewtwo X',''),(10143,9,'Mega Mewtwo X','Mega Mewtwo X'),(10143,11,'メガミュウツーＸ',''),(10143,12,'超级超梦Ｘ',''),(10144,1,'メガミュウツーＹ',''),(10144,3,'메가뮤츠Y',''),(10144,4,'超級超夢Ｙ',''),(10144,5,'Méga-Mewtwo Y','Méga-Mewtwo Y'),(10144,6,'Mega-Mewtu Y',''),(10144,7,'Mega-Mewtwo Y',''),(10144,8,'MegaMewtwo Y',''),(10144,9,'Mega Mewtwo Y','Mega Mewtwo Y'),(10144,11,'メガミュウツーＹ',''),(10144,12,'超级超梦Ｙ',''),(10145,1,'メガデンリュウ',''),(10145,3,'메가전룡',''),(10145,4,'超級電龍',''),(10145,5,'Méga-Pharamp','Méga-Pharamp'),(10145,6,'Mega-Ampharos',''),(10145,7,'Mega-Ampharos',''),(10145,8,'MegaAmpharos',''),(10145,9,'Mega Ampharos','Mega Ampharos'),(10145,11,'メガデンリュウ',''),(10145,12,'超级电龙',''),(10146,1,'メガハッサム',''),(10146,3,'메가핫삼',''),(10146,4,'超級巨鉗螳螂',''),(10146,5,'Méga-Cizayox','Méga-Cizayox'),(10146,6,'Mega-Scherox',''),(10146,7,'Mega-Scizor',''),(10146,8,'MegaScizor',''),(10146,9,'Mega Scizor','Mega Scizor'),(10146,11,'メガハッサム',''),(10146,12,'超级巨钳螳螂',''),(10147,1,'メガヘラクロス',''),(10147,3,'메가헤라크로스',''),(10147,4,'超級赫拉克羅斯',''),(10147,5,'Méga-Scarhino','Méga-Scarhino'),(10147,6,'Mega-Skaraborn',''),(10147,7,'Mega-Heracross',''),(10147,8,'MegaHeracross',''),(10147,9,'Mega Heracross','Mega Heracross'),(10147,11,'メガヘラクロス',''),(10147,12,'超级赫拉克罗斯',''),(10148,1,'メガヘルガー',''),(10148,3,'메가헬가',''),(10148,4,'超級黑魯加',''),(10148,5,'Méga-Démolosse','Méga-Démolosse'),(10148,6,'Mega-Hundemon',''),(10148,7,'Mega-Houndoom',''),(10148,8,'MegaHoundoom',''),(10148,9,'Mega Houndoom','Mega Houndoom'),(10148,11,'メガヘルガー',''),(10148,12,'超级黑鲁加',''),(10149,1,'メガバンギラス',''),(10149,3,'메가마기라스',''),(10149,4,'超級班基拉斯',''),(10149,5,'Méga-Tyranocif','Méga-Tyranocif'),(10149,6,'Mega-Despotar',''),(10149,7,'Mega-Tyranitar',''),(10149,8,'MegaTyranitar',''),(10149,9,'Mega Tyranitar','Mega Tyranitar'),(10149,11,'メガバンギラス',''),(10149,12,'超级班基拉斯',''),(10150,1,'メガバシャーモ',''),(10150,3,'메가번치코',''),(10150,4,'超級火焰雞',''),(10150,5,'Méga-Braségali','Méga-Braségali'),(10150,6,'Mega-Lohgock',''),(10150,7,'Mega-Blaziken',''),(10150,8,'MegaBlaziken',''),(10150,9,'Mega Blaziken','Mega Blaziken'),(10150,11,'メガバシャーモ',''),(10150,12,'超级火焰鸡',''),(10151,1,'メガサーナイト',''),(10151,3,'메가가디안',''),(10151,4,'超級沙奈朵',''),(10151,5,'Méga-Gardevoir','Méga-Gardevoir'),(10151,6,'Mega-Guardevoir',''),(10151,7,'Mega-Gardevoir',''),(10151,8,'MegaGardevoir',''),(10151,9,'Mega Gardevoir','Mega Gardevoir'),(10151,11,'メガサーナイト',''),(10151,12,'超级沙奈朵',''),(10152,1,'メガクチート',''),(10152,3,'메가입치트',''),(10152,4,'超級大嘴娃',''),(10152,5,'Méga-Mysdibule','Méga-Mysdibule'),(10152,6,'Mega-Flunkifer',''),(10152,7,'Mega-Mawile',''),(10152,8,'MegaMawile',''),(10152,9,'Mega Mawile','Mega Mawile'),(10152,11,'メガクチート',''),(10152,12,'超级大嘴娃',''),(10153,1,'メガボスゴドラ',''),(10153,3,'메가보스로라',''),(10153,4,'超級波士可多拉',''),(10153,5,'Méga-Galeking','Méga-Galeking'),(10153,6,'Mega-Stolloss',''),(10153,7,'Mega-Aggron',''),(10153,8,'MegaAggron',''),(10153,9,'Mega Aggron','Mega Aggron'),(10153,11,'メガボスゴドラ',''),(10153,12,'超级波士可多拉',''),(10154,1,'メガチャーレム',''),(10154,3,'메가요가램',''),(10154,4,'超級恰雷姆',''),(10154,5,'Méga-Charmina','Méga-Charmina'),(10154,6,'Mega-Meditalis',''),(10154,7,'Mega-Medicham',''),(10154,8,'MegaMedicham',''),(10154,9,'Mega Medicham','Mega Medicham'),(10154,11,'メガチャーレム',''),(10154,12,'超级恰雷姆',''),(10155,1,'メガライボルト',''),(10155,3,'메가썬더볼트',''),(10155,4,'超級雷電獸',''),(10155,5,'Méga-Élecsprint','Méga-Élecsprint'),(10155,6,'Mega-Voltenso',''),(10155,7,'Mega-Manectric',''),(10155,8,'MegaManectric',''),(10155,9,'Mega Manectric','Mega Manectric'),(10155,11,'メガライボルト',''),(10155,12,'超级雷电兽',''),(10156,1,'メガジュペッタ',''),(10156,3,'메가다크펫',''),(10156,4,'超級詛咒娃娃',''),(10156,5,'Méga-Branette','Méga-Branette'),(10156,6,'Mega-Banette',''),(10156,7,'Mega-Banette',''),(10156,8,'MegaBanette',''),(10156,9,'Mega Banette','Mega Banette'),(10156,11,'メガジュペッタ',''),(10156,12,'超级诅咒娃娃',''),(10157,1,'メガアブソル',''),(10157,3,'메가앱솔',''),(10157,4,'超級阿勃梭魯',''),(10157,5,'Méga-Absol','Méga-Absol'),(10157,6,'Mega-Absol',''),(10157,7,'Mega-Absol',''),(10157,8,'MegaAbsol',''),(10157,9,'Mega Absol','Mega Absol'),(10157,11,'メガアブソル',''),(10157,12,'超级阿勃梭鲁',''),(10158,1,'メガガブリアス',''),(10158,3,'메가한카리아스',''),(10158,4,'超級烈咬陸鯊',''),(10158,5,'Méga-Carchacrok','Méga-Carchacrok'),(10158,6,'Mega-Knakrack',''),(10158,7,'Mega-Garchomp',''),(10158,8,'MegaGarchomp',''),(10158,9,'Mega Garchomp','Mega Garchomp'),(10158,11,'メガガブリアス',''),(10158,12,'超级烈咬陆鲨',''),(10159,1,'メガルカリオ',''),(10159,3,'메가루카리오',''),(10159,4,'超級路卡利歐',''),(10159,5,'Méga-Lucario','Méga-Lucario'),(10159,6,'Mega-Lucario',''),(10159,7,'Mega-Lucario',''),(10159,8,'MegaLucario',''),(10159,9,'Mega Lucario','Mega Lucario'),(10159,11,'メガルカリオ',''),(10159,12,'超级路卡利欧',''),(10160,1,'メガユキノオー',''),(10160,3,'메가눈설왕',''),(10160,4,'超級暴雪王',''),(10160,5,'Méga-Blizzaroi','Méga-Blizzaroi'),(10160,6,'Mega-Rexblisar',''),(10160,7,'Mega-Abomasnow',''),(10160,8,'MegaAbomasnow',''),(10160,9,'Mega Abomasnow','Mega Abomasnow'),(10160,11,'メガユキノオー',''),(10160,12,'超级暴雪王',''),(10161,1,'ファンシーなもよう',''),(10161,3,'팬시한 모양',''),(10161,5,'Motif Fantaisie','Prismillon Fantaisie'),(10161,6,'Fantasiemuster',''),(10161,7,'Motivo Fantasía',''),(10161,8,'Motivo Sbarazzino',''),(10161,9,'Fancy Pattern','Fancy Vivillon'),(10162,1,'ボールのもよう',''),(10162,3,'볼의 모양',''),(10162,5,'Motif Poké Ball','Prismillon Poké Ball'),(10162,6,'Pokéball-Muster',''),(10162,7,'Motivo Poké Ball',''),(10162,8,'Motivo Poké Ball',''),(10162,9,'Poké Ball Pattern','Poké Ball Vivillon'),(10163,1,'えいえんのはな',''),(10163,3,'영원의 꽃',''),(10163,5,'Fleur Éternelle','Floette Éternel'),(10163,6,'Ewigblütler',''),(10163,7,'Flor Eterna',''),(10163,8,'Fiore Eterno',''),(10163,9,'Eternal Flower','Eternal Floette'),(10164,1,'メガラティアス',''),(10164,3,'메가라티아스',''),(10164,4,'超級拉帝亞斯',''),(10164,5,'Méga-Latias','Méga-Latias'),(10164,6,'Mega-Latias',''),(10164,7,'Mega-Latias',''),(10164,8,'MegaLatias',''),(10164,9,'Mega Latias','Mega Latias'),(10164,11,'メガラティアス',''),(10164,12,'超级拉帝亚斯',''),(10165,1,'メガラティオス',''),(10165,3,'메가라티오스',''),(10165,4,'超級拉帝歐斯',''),(10165,5,'Méga-Latios','Méga-Latios'),(10165,6,'Mega-Latios',''),(10165,7,'Mega-Latios',''),(10165,8,'MegaLatios',''),(10165,9,'Mega Latios','Mega Latios'),(10165,11,'メガラティオス',''),(10165,12,'超级拉帝欧斯',''),(10166,1,'メガラグラージ',''),(10166,3,'메가대짱이',''),(10166,4,'超級巨沼怪',''),(10166,5,'Méga-Laggron','Méga-Laggron'),(10166,6,'Mega-Sumpex',''),(10166,7,'Mega-Swampert',''),(10166,8,'MegaSwampert',''),(10166,9,'Mega Swampert','Mega Swampert'),(10166,11,'メガラグラージ',''),(10166,12,'超级巨沼怪',''),(10167,1,'メガジュカイン',''),(10167,3,'메가나무킹',''),(10167,4,'超級蜥蜴王',''),(10167,5,'Méga-Jungko','Méga-Jungko'),(10167,6,'Mega-Gewaldro',''),(10167,7,'Mega-Sceptile',''),(10167,8,'MegaSceptile',''),(10167,9,'Mega Sceptile','Mega Sceptile'),(10167,11,'メガジュカイン',''),(10167,12,'超级蜥蜴王',''),(10168,1,'メガヤミラミ',''),(10168,3,'메가깜까미',''),(10168,4,'超級勾魂眼',''),(10168,5,'Méga-Ténéfix','Méga-Ténéfix'),(10168,6,'Mega-Zobiris',''),(10168,7,'Mega-Sableye',''),(10168,8,'MegaSableye',''),(10168,9,'Mega Sableye','Mega Sableye'),(10168,11,'メガヤミラミ',''),(10168,12,'超级勾魂眼',''),(10169,1,'メガチルタリス',''),(10169,3,'메가파비코리',''),(10169,4,'超級七夕青鳥',''),(10169,5,'Méga-Altaria','Méga-Altaria'),(10169,6,'Mega-Altaria',''),(10169,7,'Mega-Altaria',''),(10169,8,'MegaAltaria',''),(10169,9,'Mega Altaria','Mega Altaria'),(10169,11,'メガチルタリス',''),(10169,12,'超级七夕青鸟',''),(10170,1,'メガエルレイド',''),(10170,3,'메가엘레이드',''),(10170,4,'超級艾路雷朵',''),(10170,5,'Méga-Gallame','Méga-Gallame'),(10170,6,'Mega-Galagladi',''),(10170,7,'Mega-Gallade',''),(10170,8,'MegaGallade',''),(10170,9,'Mega Gallade','Mega Gallade'),(10170,11,'メガエルレイド',''),(10170,12,'超级艾路雷朵',''),(10171,1,'メガタブンネ',''),(10171,3,'메가다부니',''),(10171,4,'超級差不多娃娃',''),(10171,5,'Méga-Nanméouïe','Méga-Nanméouïe'),(10171,6,'Mega-Ohrdoch',''),(10171,7,'Mega-Audino',''),(10171,8,'MegaAudino',''),(10171,9,'Mega Audino','Mega Audino'),(10171,11,'メガタブンネ',''),(10171,12,'超级差不多娃娃',''),(10172,1,'メガサメハダー',''),(10172,3,'메가샤크니아',''),(10172,4,'超級巨牙鯊',''),(10172,5,'Méga-Sharpedo','Méga-Sharpedo'),(10172,6,'Mega-Tohaido',''),(10172,7,'Mega-Sharpedo',''),(10172,8,'MegaSharpedo',''),(10172,9,'Mega Sharpedo','Mega Sharpedo'),(10172,11,'メガサメハダー',''),(10172,12,'超级巨牙鲨',''),(10173,1,'メガヤドラン',''),(10173,3,'메가야도란',''),(10173,4,'超級呆殼獸',''),(10173,5,'Méga-Flagadoss','Méga-Flagadoss'),(10173,6,'Mega-Lahmus',''),(10173,7,'Mega-Slowbro',''),(10173,8,'MegaSlowbro',''),(10173,9,'Mega Slowbro','Mega Slowbro'),(10173,11,'メガヤドラン',''),(10173,12,'超级呆壳兽',''),(10174,1,'メガハガネール',''),(10174,3,'메가강철톤',''),(10174,4,'超級大鋼蛇',''),(10174,5,'Méga-Steelix','Méga-Steelix'),(10174,6,'Mega-Stahlos',''),(10174,7,'Mega-Steelix',''),(10174,8,'MegaSteelix',''),(10174,9,'Mega Steelix','Mega Steelix'),(10174,11,'メガハガネール',''),(10174,12,'超级大钢蛇',''),(10175,1,'メガピジョット',''),(10175,3,'메가피죤투',''),(10175,4,'超級大比鳥',''),(10175,5,'Méga-Roucarnage','Méga-Roucarnage'),(10175,6,'Mega-Tauboss',''),(10175,7,'Mega-Pidgeot',''),(10175,8,'MegaPidgeot',''),(10175,9,'Mega Pidgeot','Mega Pidgeot'),(10175,11,'メガピジョット',''),(10175,12,'超级大比鸟',''),(10176,1,'メガオニゴーリ',''),(10176,3,'메가얼음귀신',''),(10176,4,'超級冰鬼護',''),(10176,5,'Méga-Oniglali','Méga-Oniglali'),(10176,6,'Mega-Firnontor',''),(10176,7,'Mega-Glalie',''),(10176,8,'MegaGlalie',''),(10176,9,'Mega Glalie','Mega Glalie'),(10176,11,'メガオニゴーリ',''),(10176,12,'超级冰鬼护',''),(10177,1,'メガディアンシー',''),(10177,3,'메가디안시',''),(10177,4,'超級蒂安希',''),(10177,5,'Méga-Diancie','Méga-Diancie'),(10177,6,'Mega-Diancie',''),(10177,7,'Mega-Diancie',''),(10177,8,'MegaDiancie',''),(10177,9,'Mega Diancie','Mega Diancie'),(10177,11,'メガディアンシー',''),(10177,12,'超级蒂安希',''),(10178,1,'メガメタグロス',''),(10178,3,'메가메타그로스',''),(10178,4,'超級巨金怪',''),(10178,5,'Méga-Métalosse','Méga-Métalosse'),(10178,6,'Mega-Metagross',''),(10178,7,'Mega-Metagross',''),(10178,8,'MegaMetagross',''),(10178,9,'Mega Metagross','Mega Metagross'),(10178,11,'メガメタグロス',''),(10178,12,'超级巨金怪',''),(10179,1,'ゲンシカイキのすがた',''),(10179,3,'원시회귀의 모습',''),(10179,4,'原始回歸的樣子',''),(10179,5,'Primo-Résurgence','Primo-Kyogre'),(10179,6,'Protomorphose',''),(10179,7,'Regresión Primigenia',''),(10179,8,'Archeorisveglio',''),(10179,9,'Primal Reversion','Primal Kyogre'),(10179,11,'ゲンシカイキのすがた',''),(10179,12,'原始回归的样子',''),(10180,1,'ゲンシカイキのすがた',''),(10180,3,'원시회귀의 모습',''),(10180,4,'原始回歸的樣子',''),(10180,5,'Primo-Résurgence','Primo-Groudon'),(10180,6,'Protomorphose',''),(10180,7,'Regresión Primigenia',''),(10180,8,'Archeorisveglio',''),(10180,9,'Primal Reversion','Primal Groudon'),(10180,11,'ゲンシカイキのすがた',''),(10180,12,'原始回归的样子',''),(10181,1,'メガレックウザ',''),(10181,3,'메가레쿠쟈',''),(10181,4,'超級烈空坐',''),(10181,5,'Méga-Rayquaza','Méga-Rayquaza'),(10181,6,'Mega-Rayquaza',''),(10181,7,'Mega-Rayquaza',''),(10181,8,'MegaRayquaza',''),(10181,9,'Mega Rayquaza','Mega Rayquaza'),(10181,11,'メガレックウザ',''),(10181,12,'超级烈空坐',''),(10182,5,'Pikachu Rockeur','Pikachu Rockeur'),(10182,9,'Pikachu Rock Star','Pikachu Rock Star'),(10183,5,'Pikachu Lady','Pikachu Lady'),(10183,9,'Pikachu Belle','Pikachu Belle'),(10184,5,'Pikachu Star','Pikachu Star'),(10184,9,'Pikachu Pop Star','Pikachu Pop Star'),(10185,5,'Pikachu Docteur','Pikachu Docteur'),(10185,9,'Pikachu Ph.D.','Pikachu Ph.D.'),(10186,5,'Pikachu Catcheur','Pikachu Catcheur'),(10186,9,'Pikachu Libre','Pikachu Libre'),(10187,5,'Pikachu Cosplayeur','Pikachu Cosplayeur'),(10187,9,'Cosplay Pikachu','Cosplay Pikachu'),(10188,1,'ときはなたれしフーパ',''),(10188,3,'굴레를 벗어난 후파',''),(10188,4,'解放胡帕',''),(10188,5,'Hoopa Déchaîné','Hoopa Déchaîné'),(10188,6,'Entfesseltes Hoopa',''),(10188,7,'Hoopa Desatado',''),(10188,8,'Hoopa Libero',''),(10188,9,'Hoopa Unbound','Hoopa Unbound'),(10188,11,'ときはなたれしフーパ',''),(10188,12,'解放胡帕',''),(10189,1,'メガバクーダ',''),(10189,3,'메가폭타',''),(10189,4,'超級噴火駝',''),(10189,5,'Méga-Camérupt','Méga-Camérupt'),(10189,6,'Mega-Camerupt',''),(10189,7,'Mega-Camerupt',''),(10189,8,'MegaCamerupt',''),(10189,9,'Mega Camerupt','Mega Camerupt'),(10189,11,'メガバクーダ',''),(10189,12,'超级喷火驼',''),(10190,1,'メガミミロップ',''),(10190,3,'메가이어롭',''),(10190,4,'超級長耳兔',''),(10190,5,'Méga-Lockpin','Méga-Lockpin'),(10190,6,'Mega-Schlapor',''),(10190,7,'Mega-Lopunny',''),(10190,8,'MegaLopunny',''),(10190,9,'Mega Lopunny','Mega Lopunny'),(10190,11,'メガミミロップ',''),(10190,12,'超级长耳兔',''),(10191,1,'メガボーマンダ',''),(10191,3,'메가보만다',''),(10191,4,'超級暴飛龍',''),(10191,5,'Méga-Drattak','Méga-Drattak'),(10191,6,'Mega-Brutalanda',''),(10191,7,'Mega-Salamence',''),(10191,8,'MegaSalamence',''),(10191,9,'Mega Salamence','Mega Salamence'),(10191,11,'メガボーマンダ',''),(10191,12,'超级暴飞龙',''),(10192,1,'メガスピアー',''),(10192,3,'메가독침붕',''),(10192,4,'超級大針蜂',''),(10192,5,'Méga-Dardargnan','Méga-Dardargnan'),(10192,6,'Mega-Bibor',''),(10192,7,'Mega-Beedrill',''),(10192,8,'MegaBeedrill',''),(10192,9,'Mega Beedrill','Mega Beedrill'),(10192,11,'メガスピアー',''),(10192,12,'超级大针蜂',''),(10193,1,'アローラのすがた',''),(10193,3,'알로라의 모습',''),(10193,4,'阿羅拉的樣子',''),(10193,5,'Forme d’Alola',''),(10193,6,'Alola-Form',''),(10193,7,'Forma de Alola',''),(10193,8,'Forma di Alola',''),(10193,9,'Alolan Form','Alolan Rattata'),(10193,11,'アローラのすがた',''),(10193,12,'阿罗拉的样子',''),(10194,1,'アローラのすがた',''),(10194,3,'알로라의 모습',''),(10194,4,'阿羅拉的樣子',''),(10194,5,'Forme d’Alola',''),(10194,6,'Alola-Form',''),(10194,7,'Forma de Alola',''),(10194,8,'Forma di Alola',''),(10194,9,'Alolan Form','Alolan Raticate'),(10194,11,'アローラのすがた',''),(10194,12,'阿罗拉的样子',''),(10195,9,'','Totem Alolan Raticate'),(10196,1,'オリジナルキャップ',''),(10196,3,'오리지널캡',''),(10196,4,'初始帽子',''),(10196,5,'Casquette Originale',''),(10196,6,'Original-Kappe',''),(10196,7,'Gorra Original',''),(10196,8,'Berretto Originale',''),(10196,9,'Original Cap','Original Cap Pikachu'),(10196,11,'オリジナルキャップ',''),(10196,12,'初始帽子',''),(10197,1,'ホウエンキャップ',''),(10197,3,'호연캡',''),(10197,4,'豐緣帽子',''),(10197,5,'Casquette de Hoenn',''),(10197,6,'Hoenn-Kappe',''),(10197,7,'Gorra Hoenn',''),(10197,8,'Berretto Hoenn',''),(10197,9,'Hoenn Cap','Hoenn Cap Pikachu'),(10197,11,'ホウエンキャップ',''),(10197,12,'丰缘帽子',''),(10198,1,'シンオウキャップ',''),(10198,3,'신오캡',''),(10198,4,'神奧帽子',''),(10198,5,'Casquette de Sinnoh',''),(10198,6,'Sinnoh-Kappe',''),(10198,7,'Gorra Sinnoh',''),(10198,8,'Berretto Sinnoh',''),(10198,9,'Sinnoh Cap','Sinnoh Cap Pikachu'),(10198,11,'シンオウキャップ',''),(10198,12,'神奥帽子',''),(10199,1,'イッシュキャップ',''),(10199,3,'하나캡',''),(10199,4,'合眾帽子',''),(10199,5,'Casquette d’Unys',''),(10199,6,'Einall-Kappe',''),(10199,7,'Gorra Teselia',''),(10199,8,'Berretto Unima',''),(10199,9,'Unova Cap','Unova Cap Pikachu'),(10199,11,'イッシュキャップ',''),(10199,12,'合众帽子',''),(10200,1,'カロスキャップ',''),(10200,3,'칼로스캡',''),(10200,4,'卡洛斯帽子',''),(10200,5,'Casquette de Kalos',''),(10200,6,'Kalos-Kappe',''),(10200,7,'Gorra Kalos',''),(10200,8,'Berretto Kalos',''),(10200,9,'Kalos Cap','Kalos Cap Pikachu'),(10200,11,'カロスキャップ',''),(10200,12,'卡洛斯帽子',''),(10201,1,'アローラキャップ',''),(10201,3,'알로라캡',''),(10201,4,'阿羅拉帽子',''),(10201,5,'Casquette d’Alola',''),(10201,6,'Alola-Kappe',''),(10201,7,'Gorra Alola',''),(10201,8,'Berretto Alola',''),(10201,9,'Alola Cap','Alola Cap Pikachu'),(10201,11,'アローラキャップ',''),(10201,12,'阿罗拉帽子',''),(10202,1,'アローラのすがた',''),(10202,3,'알로라의 모습',''),(10202,4,'阿羅拉的樣子',''),(10202,5,'Forme d’Alola',''),(10202,6,'Alola-Form',''),(10202,7,'Forma de Alola',''),(10202,8,'Forma di Alola',''),(10202,9,'Alolan Form','Alolan Raichu'),(10202,11,'アローラのすがた',''),(10202,12,'阿罗拉的样子',''),(10203,1,'アローラのすがた',''),(10203,3,'알로라의 모습',''),(10203,4,'阿羅拉的樣子',''),(10203,5,'Forme d’Alola',''),(10203,6,'Alola-Form',''),(10203,7,'Forma de Alola',''),(10203,8,'Forma di Alola',''),(10203,9,'Alolan Form','Alolan Sandshrew'),(10203,11,'アローラのすがた',''),(10203,12,'阿罗拉的样子',''),(10204,1,'アローラのすがた',''),(10204,3,'알로라의 모습',''),(10204,4,'阿羅拉的樣子',''),(10204,5,'Forme d’Alola',''),(10204,6,'Alola-Form',''),(10204,7,'Forma de Alola',''),(10204,8,'Forma di Alola',''),(10204,9,'Alolan Form','Alolan Sandslash'),(10204,11,'アローラのすがた',''),(10204,12,'阿罗拉的样子',''),(10205,1,'アローラのすがた',''),(10205,3,'알로라의 모습',''),(10205,4,'阿羅拉的樣子',''),(10205,5,'Forme d’Alola',''),(10205,6,'Alola-Form',''),(10205,7,'Forma de Alola',''),(10205,8,'Forma di Alola',''),(10205,9,'Alolan Form','Alolan Vulpix'),(10205,11,'アローラのすがた',''),(10205,12,'阿罗拉的样子',''),(10206,1,'アローラのすがた',''),(10206,3,'알로라의 모습',''),(10206,4,'阿羅拉的樣子',''),(10206,5,'Forme d’Alola',''),(10206,6,'Alola-Form',''),(10206,7,'Forma de Alola',''),(10206,8,'Forma di Alola',''),(10206,9,'Alolan Form','Alolan Ninetales'),(10206,11,'アローラのすがた',''),(10206,12,'阿罗拉的样子',''),(10207,1,'アローラのすがた',''),(10207,3,'알로라의 모습',''),(10207,4,'阿羅拉的樣子',''),(10207,5,'Forme d’Alola',''),(10207,6,'Alola-Form',''),(10207,7,'Forma de Alola',''),(10207,8,'Forma di Alola',''),(10207,9,'Alolan Form','Alolan Diglett'),(10207,11,'アローラのすがた',''),(10207,12,'阿罗拉的样子',''),(10208,1,'アローラのすがた',''),(10208,3,'알로라의 모습',''),(10208,4,'阿羅拉的樣子',''),(10208,5,'Forme d’Alola',''),(10208,6,'Alola-Form',''),(10208,7,'Forma de Alola',''),(10208,8,'Forma di Alola',''),(10208,9,'Alolan Form','Alolan Dugtrio'),(10208,11,'アローラのすがた',''),(10208,12,'阿罗拉的样子',''),(10209,1,'アローラのすがた',''),(10209,3,'알로라의 모습',''),(10209,4,'阿羅拉的樣子',''),(10209,5,'Forme d’Alola',''),(10209,6,'Alola-Form',''),(10209,7,'Forma de Alola',''),(10209,8,'Forma di Alola',''),(10209,9,'Alolan Form','Alolan Meowth'),(10209,11,'アローラのすがた',''),(10209,12,'阿罗拉的样子',''),(10210,1,'アローラのすがた',''),(10210,3,'알로라의 모습',''),(10210,4,'阿羅拉的樣子',''),(10210,5,'Forme d’Alola',''),(10210,6,'Alola-Form',''),(10210,7,'Forma de Alola',''),(10210,8,'Forma di Alola',''),(10210,9,'Alolan Form','Alolan Persian'),(10210,11,'アローラのすがた',''),(10210,12,'阿罗拉的样子',''),(10211,1,'アローラのすがた',''),(10211,3,'알로라의 모습',''),(10211,4,'阿羅拉的樣子',''),(10211,5,'Forme d’Alola',''),(10211,6,'Alola-Form',''),(10211,7,'Forma de Alola',''),(10211,8,'Forma di Alola',''),(10211,9,'Alolan Form','Alolan Geodude'),(10211,11,'アローラのすがた',''),(10211,12,'阿罗拉的样子',''),(10212,1,'アローラのすがた',''),(10212,3,'알로라의 모습',''),(10212,4,'阿羅拉的樣子',''),(10212,5,'Forme d’Alola',''),(10212,6,'Alola-Form',''),(10212,7,'Forma de Alola',''),(10212,8,'Forma di Alola',''),(10212,9,'Alolan Form','Alolan Graveler'),(10212,11,'アローラのすがた',''),(10212,12,'阿罗拉的样子',''),(10213,1,'アローラのすがた',''),(10213,3,'알로라의 모습',''),(10213,4,'阿羅拉的樣子',''),(10213,5,'Forme d’Alola',''),(10213,6,'Alola-Form',''),(10213,7,'Forma de Alola',''),(10213,8,'Forma di Alola',''),(10213,9,'Alolan Form','Alolan Golem'),(10213,11,'アローラのすがた',''),(10213,12,'阿罗拉的样子',''),(10214,1,'アローラのすがた',''),(10214,3,'알로라의 모습',''),(10214,4,'阿羅拉的樣子',''),(10214,5,'Forme d’Alola',''),(10214,6,'Alola-Form',''),(10214,7,'Forma de Alola',''),(10214,8,'Forma di Alola',''),(10214,9,'Alolan Form','Alolan Grimer'),(10214,11,'アローラのすがた',''),(10214,12,'阿罗拉的样子',''),(10215,1,'アローラのすがた',''),(10215,3,'알로라의 모습',''),(10215,4,'阿羅拉的樣子',''),(10215,5,'Forme d’Alola',''),(10215,6,'Alola-Form',''),(10215,7,'Forma de Alola',''),(10215,8,'Forma di Alola',''),(10215,9,'Alolan Form','Alolan Muk'),(10215,11,'アローラのすがた',''),(10215,12,'阿罗拉的样子',''),(10216,1,'アローラのすがた',''),(10216,3,'알로라의 모습',''),(10216,4,'阿羅拉的樣子',''),(10216,5,'Forme d’Alola',''),(10216,6,'Alola-Form',''),(10216,7,'Forma de Alola',''),(10216,8,'Forma di Alola',''),(10216,9,'Alolan Form','Alolan Exeggutor'),(10216,11,'アローラのすがた',''),(10216,12,'阿罗拉的样子',''),(10217,1,'アローラのすがた',''),(10217,3,'알로라의 모습',''),(10217,4,'阿羅拉的樣子',''),(10217,5,'Forme d’Alola',''),(10217,6,'Alola-Form',''),(10217,7,'Forma de Alola',''),(10217,8,'Forma di Alola',''),(10217,9,'Alolan Form','Alolan Marowak'),(10217,11,'アローラのすがた',''),(10217,12,'阿罗拉的样子',''),(10218,9,'','Battle Bond Greninja'),(10219,1,'サトシゲッコウガ',''),(10219,3,'지우개굴닌자',''),(10219,4,'小智版甲賀忍蛙',''),(10219,5,'Forme Sacha',''),(10219,6,'Ash-Form',''),(10219,7,'Forma Ash',''),(10219,8,'Forma Ash',''),(10219,9,'Ash-Greninja','Ash\'s Greninja'),(10219,11,'サトシゲッコウガ',''),(10219,12,'小智版甲贺忍蛙',''),(10220,1,'１０％フォルム',''),(10220,3,'10%폼',''),(10220,4,'１０％形態',''),(10220,5,'Forme 10 %',''),(10220,6,'10%-Form',''),(10220,7,'Forma 10%',''),(10220,8,'Forma 10%',''),(10220,9,'10% Forme','10% Zygarde'),(10220,11,'１０％フォルム',''),(10220,12,'１０％形态',''),(10221,1,'５０％フォルム',''),(10221,3,'50%폼',''),(10221,4,'５０％形態',''),(10221,5,'Forme 50 %',''),(10221,6,'50%-Form',''),(10221,7,'Forma 50%',''),(10221,8,'Forma 50%',''),(10221,9,'50% Forme','50% Zygarde'),(10221,11,'５０％フォルム',''),(10221,12,'５０％形态',''),(10222,1,'パーフェクトフォルム',''),(10222,3,'퍼펙트폼',''),(10222,4,'完全體形態',''),(10222,5,'Forme Parfaite',''),(10222,6,'Optimumform',''),(10222,7,'Forma Completa',''),(10222,8,'Forma Perfetta',''),(10222,9,'Complete Forme','Complete Zygarde'),(10222,11,'パーフェクトフォルム',''),(10222,12,'完全体形态',''),(10223,9,'','Totem Gumshoos'),(10224,9,'','Totem Vikavolt'),(10225,1,'ぱちぱちスタイル',''),(10225,3,'파칙파칙스타일',''),(10225,4,'啪滋啪滋風格',''),(10225,5,'Style Pom-Pom',''),(10225,6,'Cheerleading-Stil',''),(10225,7,'Estilo Animado',''),(10225,8,'Stile Cheerdance',''),(10225,9,'Pom-Pom Style','Pom-pom Oricorio'),(10225,11,'ぱちぱちスタイル',''),(10225,12,'啪滋啪滋风格',''),(10226,1,'ふらふらスタイル',''),(10226,3,'훌라훌라스타일',''),(10226,4,'呼拉呼拉風格',''),(10226,5,'Style Hula',''),(10226,6,'Hula-Stil',''),(10226,7,'Estilo Plácido',''),(10226,8,'Stile Hula',''),(10226,9,'Pa’u Style','Pa’u Oricorio'),(10226,11,'ふらふらスタイル',''),(10226,12,'呼拉呼拉风格',''),(10227,1,'まいまいスタイル',''),(10227,3,'하늘하늘스타일',''),(10227,4,'輕盈輕盈風格',''),(10227,5,'Style Buyō',''),(10227,6,'Buyo-Stil',''),(10227,7,'Estilo Refinado',''),(10227,8,'Stile Buyō',''),(10227,9,'Sensu Style','Sensu Oricorio'),(10227,11,'まいまいスタイル',''),(10227,12,'轻盈轻盈风格',''),(10228,1,'まよなかのすがた',''),(10228,3,'한밤중의 모습',''),(10228,4,'黑夜的樣子',''),(10228,5,'Forme Nocturne',''),(10228,6,'Nachtform',''),(10228,7,'Forma Nocturna',''),(10228,8,'Forma Notte',''),(10228,9,'Midnight Form','Midnight Lycanroc'),(10228,11,'まよなかのすがた',''),(10228,12,'黑夜的样子',''),(10229,1,'むれたすがた',''),(10229,3,'군집의 모습',''),(10229,4,'魚群的樣子',''),(10229,5,'Forme Banc',''),(10229,6,'Schwarmform',''),(10229,7,'Forma Banco',''),(10229,8,'Forma Banco',''),(10229,9,'School Form','School Wishiwashi'),(10229,11,'むれたすがた',''),(10229,12,'鱼群的样子',''),(10230,9,'','Totem Lurantis'),(10231,9,'','Totem Salazzle'),(10232,1,'タイプ：ファイト',''),(10232,3,'타입:파이팅',''),(10232,4,'屬性：戰鬥',''),(10232,5,'Type : Combat',''),(10232,6,'Typ:Kampf',''),(10232,7,'Tipo: Lucha',''),(10232,8,'Tipo Lotta',''),(10232,9,'Type: Fighting',''),(10232,11,'タイプ：ファイト',''),(10232,12,'属性：战斗',''),(10233,1,'タイプ：フライング',''),(10233,3,'타입:플라잉',''),(10233,4,'屬性：飛翔',''),(10233,5,'Type : Vol',''),(10233,6,'Typ:Flug',''),(10233,7,'Tipo: Volador',''),(10233,8,'Tipo Volante',''),(10233,9,'Type: Flying',''),(10233,11,'タイプ：フライング',''),(10233,12,'属性：飞翔',''),(10234,1,'タイプ：ポイズン',''),(10234,3,'타입:포이즌',''),(10234,4,'屬性：毒',''),(10234,5,'Type : Poison',''),(10234,6,'Typ:Gift',''),(10234,7,'Tipo: Veneno',''),(10234,8,'Tipo Veleno',''),(10234,9,'Type: Poison',''),(10234,11,'タイプ：ポイズン',''),(10234,12,'属性：毒',''),(10235,1,'タイプ：グラウンド',''),(10235,3,'타입:그라운드',''),(10235,4,'屬性：大地',''),(10235,5,'Type : Sol',''),(10235,6,'Typ:Boden',''),(10235,7,'Tipo: Tierra',''),(10235,8,'Tipo Terra',''),(10235,9,'Type: Ground',''),(10235,11,'タイプ：グラウンド',''),(10235,12,'属性：大地',''),(10236,1,'タイプ：ロック',''),(10236,3,'타입:락',''),(10236,4,'屬性：岩石',''),(10236,5,'Type : Roche',''),(10236,6,'Typ:Gestein',''),(10236,7,'Tipo: Roca',''),(10236,8,'Tipo Roccia',''),(10236,9,'Type: Rock',''),(10236,11,'タイプ：ロック',''),(10236,12,'属性：岩石',''),(10237,1,'タイプ：バグ',''),(10237,3,'타입:버그',''),(10237,4,'屬性：蟲子',''),(10237,5,'Type : Insecte',''),(10237,6,'Typ:Käfer',''),(10237,7,'Tipo: Bicho',''),(10237,8,'Tipo Coleottero',''),(10237,9,'Type: Bug',''),(10237,11,'タイプ：バグ',''),(10237,12,'属性：虫子',''),(10238,1,'タイプ：ゴースト',''),(10238,3,'타입:고스트',''),(10238,4,'屬性：幽靈',''),(10238,5,'Type : Spectre',''),(10238,6,'Typ:Geist',''),(10238,7,'Tipo: Fantasma',''),(10238,8,'Tipo Spettro',''),(10238,9,'Type: Ghost',''),(10238,11,'タイプ：ゴースト',''),(10238,12,'属性：幽灵',''),(10239,1,'タイプ：スチール',''),(10239,3,'타입:스틸',''),(10239,4,'屬性：鋼鐵',''),(10239,5,'Type : Acier',''),(10239,6,'Typ:Stahl',''),(10239,7,'Tipo: Acero',''),(10239,8,'Tipo Acciaio',''),(10239,9,'Type: Steel',''),(10239,11,'タイプ：スチール',''),(10239,12,'属性：钢铁',''),(10240,1,'タイプ：ファイヤー',''),(10240,3,'타입:파이어',''),(10240,4,'屬性：火焰',''),(10240,5,'Type : Feu',''),(10240,6,'Typ:Feuer',''),(10240,7,'Tipo: Fuego',''),(10240,8,'Tipo Fuoco',''),(10240,9,'Type: Fire',''),(10240,11,'タイプ：ファイヤー',''),(10240,12,'属性：火焰',''),(10241,1,'タイプ：ウオーター',''),(10241,3,'타입:워터',''),(10241,4,'屬性：清水',''),(10241,5,'Type : Eau',''),(10241,6,'Typ:Wasser',''),(10241,7,'Tipo: Agua',''),(10241,8,'Tipo Acqua',''),(10241,9,'Type: Water',''),(10241,11,'タイプ：ウオーター',''),(10241,12,'属性：清水',''),(10242,1,'タイプ：グラス',''),(10242,3,'타입:그래스',''),(10242,4,'屬性：青草',''),(10242,5,'Type : Plante',''),(10242,6,'Typ:Pflanze',''),(10242,7,'Tipo: Planta',''),(10242,8,'Tipo Erba',''),(10242,9,'Type: Grass',''),(10242,11,'タイプ：グラス',''),(10242,12,'属性：青草',''),(10243,1,'タイプ：エレクトロ',''),(10243,3,'타입:일렉트릭',''),(10243,4,'屬性：電子',''),(10243,5,'Type : Électrik',''),(10243,6,'Typ:Elektro',''),(10243,7,'Tipo: Eléctrico',''),(10243,8,'Tipo Elettro',''),(10243,9,'Type: Electric',''),(10243,11,'タイプ：エレクトロ',''),(10243,12,'属性：电子',''),(10244,1,'タイプ：サイキック',''),(10244,3,'타입:사이킥',''),(10244,4,'屬性：精神',''),(10244,5,'Type : Psy',''),(10244,6,'Typ:Psycho',''),(10244,7,'Tipo: Psíquico',''),(10244,8,'Tipo Psico',''),(10244,9,'Type: Psychic',''),(10244,11,'タイプ：サイキック',''),(10244,12,'属性：精神',''),(10245,1,'タイプ：アイス',''),(10245,3,'타입:아이스',''),(10245,4,'屬性：冰雪',''),(10245,5,'Type : Glace',''),(10245,6,'Typ:Eis',''),(10245,7,'Tipo: Hielo',''),(10245,8,'Tipo Ghiaccio',''),(10245,9,'Type: Ice',''),(10245,11,'タイプ：アイス',''),(10245,12,'属性：冰雪',''),(10246,1,'タイプ：ドラゴン',''),(10246,3,'타입:드래곤',''),(10246,4,'屬性：龍',''),(10246,5,'Type : Dragon',''),(10246,6,'Typ:Drache',''),(10246,7,'Tipo: Dragón',''),(10246,8,'Tipo Drago',''),(10246,9,'Type: Dragon',''),(10246,11,'タイプ：ドラゴン',''),(10246,12,'属性：龙',''),(10247,1,'タイプ：ダーク',''),(10247,3,'타입:다크',''),(10247,4,'屬性：黑暗',''),(10247,5,'Type : Ténèbres',''),(10247,6,'Typ:Unlicht',''),(10247,7,'Tipo: Siniestro',''),(10247,8,'Tipo Buio',''),(10247,9,'Type: Dark',''),(10247,11,'タイプ：ダーク',''),(10247,12,'属性：黑暗',''),(10248,1,'タイプ：フェアリー',''),(10248,3,'타입:페어리',''),(10248,4,'屬性：妖精',''),(10248,5,'Type : Fée',''),(10248,6,'Typ:Fee',''),(10248,7,'Tipo: Hada',''),(10248,8,'Tipo Folletto',''),(10248,9,'Type: Fairy',''),(10248,11,'タイプ：フェアリー',''),(10248,12,'属性：妖精',''),(10249,1,'りゅうせいのすがた',''),(10249,3,'유성의 모습',''),(10249,4,'流星的樣子',''),(10249,5,'Forme Météore',''),(10249,6,'Meteorform',''),(10249,7,'Forma Meteorito',''),(10249,8,'Forma Meteora',''),(10249,9,'Meteor Form','Orange Meteor Minior'),(10249,11,'りゅうせいのすがた',''),(10249,12,'流星的样子',''),(10250,1,'りゅうせいのすがた',''),(10250,3,'유성의 모습',''),(10250,4,'流星的樣子',''),(10250,5,'Forme Météore',''),(10250,6,'Meteorform',''),(10250,7,'Forma Meteorito',''),(10250,8,'Forma Meteora',''),(10250,9,'Meteor Form','Yellow Meteor Minior'),(10250,11,'りゅうせいのすがた',''),(10250,12,'流星的样子',''),(10251,1,'りゅうせいのすがた',''),(10251,3,'유성의 모습',''),(10251,4,'流星的樣子',''),(10251,5,'Forme Météore',''),(10251,6,'Meteorform',''),(10251,7,'Forma Meteorito',''),(10251,8,'Forma Meteora',''),(10251,9,'Meteor Form','Green Meteor Minior'),(10251,11,'りゅうせいのすがた',''),(10251,12,'流星的样子',''),(10252,1,'りゅうせいのすがた',''),(10252,3,'유성의 모습',''),(10252,4,'流星的樣子',''),(10252,5,'Forme Météore',''),(10252,6,'Meteorform',''),(10252,7,'Forma Meteorito',''),(10252,8,'Forma Meteora',''),(10252,9,'Meteor Form','Blue Meteor Minior'),(10252,11,'りゅうせいのすがた',''),(10252,12,'流星的样子',''),(10253,1,'りゅうせいのすがた',''),(10253,3,'유성의 모습',''),(10253,4,'流星的樣子',''),(10253,5,'Forme Météore',''),(10253,6,'Meteorform',''),(10253,7,'Forma Meteorito',''),(10253,8,'Forma Meteora',''),(10253,9,'Meteor Form','Indigo Meteor Minior'),(10253,11,'りゅうせいのすがた',''),(10253,12,'流星的样子',''),(10254,1,'りゅうせいのすがた',''),(10254,3,'유성의 모습',''),(10254,4,'流星的樣子',''),(10254,5,'Forme Météore',''),(10254,6,'Meteorform',''),(10254,7,'Forma Meteorito',''),(10254,8,'Forma Meteora',''),(10254,9,'Meteor Form','Violet Meteor Minior'),(10254,11,'りゅうせいのすがた',''),(10254,12,'流星的样子',''),(10255,1,'あかいろのコア',''),(10255,3,'빨간색 코어',''),(10255,4,'紅色核心',''),(10255,5,'Noyau Rouge',''),(10255,6,'Roter Kern',''),(10255,7,'Núcleo Rojo',''),(10255,8,'Nucleo Rosso',''),(10255,9,'Red Core','Red Core Minior'),(10255,11,'あかいろのコア',''),(10255,12,'红色核心',''),(10256,1,'だいだいいろのコア',''),(10256,3,'주황색 코어',''),(10256,4,'橙色核心',''),(10256,5,'Noyau Orange',''),(10256,6,'Oranger Kern',''),(10256,7,'Núcleo Naranja',''),(10256,8,'Nucleo Arancione',''),(10256,9,'Orange Core','Orange Core Minior'),(10256,11,'だいだいいろのコア',''),(10256,12,'橙色核心',''),(10257,1,'きいろのコア',''),(10257,3,'노란색 코어',''),(10257,4,'黃色核心',''),(10257,5,'Noyau Jaune',''),(10257,6,'Gelber Kern',''),(10257,7,'Núcleo Amarillo',''),(10257,8,'Nucleo Giallo',''),(10257,9,'Yellow Core','Yellow Core Minior'),(10257,11,'きいろのコア',''),(10257,12,'黄色核心',''),(10258,1,'みどりいろのコア',''),(10258,3,'초록색 코어',''),(10258,4,'綠色核心',''),(10258,5,'Noyau Vert',''),(10258,6,'Grüner Kern',''),(10258,7,'Núcleo Verde',''),(10258,8,'Nucleo Verde',''),(10258,9,'Green Core','Green Core Minior'),(10258,11,'みどりいろのコア',''),(10258,12,'绿色核心',''),(10259,1,'みずいろのコア',''),(10259,3,'옥색 코어',''),(10259,4,'淺藍色核心',''),(10259,5,'Noyau Bleu',''),(10259,6,'Hellblauer Kern',''),(10259,7,'Núcleo Azul',''),(10259,8,'Nucleo Azzurro',''),(10259,9,'Blue Core','Blue Core Minior'),(10259,11,'みずいろのコア',''),(10259,12,'浅蓝色核心',''),(10260,1,'あおいろのコア',''),(10260,3,'파란색 코어',''),(10260,4,'藍色核心',''),(10260,5,'Noyau Indigo',''),(10260,6,'Blauer Kern',''),(10260,7,'Núcleo Añil',''),(10260,8,'Nucleo Indaco',''),(10260,9,'Indigo Core','Indigo Core Minior'),(10260,11,'あおいろのコア',''),(10260,12,'蓝色核心',''),(10261,1,'むらさきいろのコア',''),(10261,3,'보라색 코어',''),(10261,4,'紫色核心',''),(10261,5,'Noyau Violet',''),(10261,6,'Violetter Kern',''),(10261,7,'Núcleo Violeta',''),(10261,8,'Nucleo Violetto',''),(10261,9,'Violet Core','Violet Core Minior'),(10261,11,'むらさきいろのコア',''),(10261,12,'紫色核心',''),(10262,1,'ばれたすがた',''),(10262,3,'들킨 모습',''),(10262,4,'現形的樣子',''),(10262,5,'Forme Démasquée',''),(10262,6,'Entlarvte Form',''),(10262,7,'Forma Descubierta',''),(10262,8,'Forma Smascherata',''),(10262,9,'Busted Form','Busted Mimikyu'),(10262,11,'ばれたすがた',''),(10262,12,'现形的样子',''),(10263,9,'','Totem Disguised Mimikyu'),(10264,9,'','Totem Busted Mimikyu'),(10265,9,'','Totem Kommo-o'),(10266,1,'５００ねんまえのいろ',''),(10266,3,'500년 전의 색',''),(10266,4,'５００年前的顏色',''),(10266,5,'Couleur du Passé',''),(10266,6,'Originalfarbe',''),(10266,7,'Color Vetusto',''),(10266,8,'Colore Antico',''),(10266,9,'Original Color','Original Magearna'),(10266,11,'５００ねんまえのいろ',''),(10266,12,'５００年前的颜色',''),(10267,1,'キミにきめたキャップ',''),(10267,3,'너로정했다캡',''),(10267,4,'就決定是你了之帽子',''),(10267,5,'Casquette Partenaire',''),(10267,6,'Partner-Kappe',''),(10267,7,'Gorra Compañero',''),(10267,8,'Berretto Compagni',''),(10267,9,'Partner Cap','Partner Cap Pikachu'),(10267,11,'キミにきめたキャップ',''),(10267,12,'就决定是你了之帽子',''),(10268,3,'알로라의 모습',''),(10268,9,'','Totem Alolan Marowak'),(10309,9,'','Totem Ribombee'),(10310,9,'','Own Tempo Rockruff'),(10311,1,'たそがれのすがた',''),(10311,3,'황혼의 모습',''),(10311,4,'黃昏的樣子',''),(10311,5,'Forme Crépusculaire',''),(10311,6,'Zwielichtform',''),(10311,7,'Forma Crepuscular',''),(10311,8,'Forma Crepuscolo',''),(10311,9,'Dusk Form','Dusk Lycanroc'),(10311,11,'たそがれのすがた',''),(10311,12,'黄昏的样子',''),(10312,9,'','Totem Araquanid'),(10313,9,'','Totem Togedemaru'),(10314,1,'たそがれのたてがみ',''),(10314,3,'황혼의 갈기',''),(10314,4,'黃昏之鬃',''),(10314,5,'Crinière du Couchant',''),(10314,6,'Abendmähne',''),(10314,7,'Melena Crepuscular',''),(10314,8,'Criniera del Vespro',''),(10314,9,'Dusk Mane','Dusk Necrozma'),(10314,11,'たそがれのたてがみ',''),(10314,12,'黄昏之鬃',''),(10315,1,'あかつきのつばさ',''),(10315,3,'새벽의 날개',''),(10315,4,'拂曉之翼',''),(10315,5,'Ailes de l’Aurore',''),(10315,6,'Morgenschwingen',''),(10315,7,'Alas del Alba',''),(10315,8,'Ali dell’Aurora',''),(10315,9,'Dawn Wings','Dawn Necrozma'),(10315,11,'あかつきのつばさ',''),(10315,12,'拂晓之翼',''),(10316,1,'ウルトラネクロズマ',''),(10316,3,'울트라네크로즈마',''),(10316,4,'究極奈克洛茲瑪',''),(10316,5,'Ultra-Necrozma',''),(10316,6,'Ultra-Necrozma',''),(10316,7,'Ultra-Necrozma',''),(10316,8,'UltraNecrozma',''),(10316,9,'Ultra Necrozma','Ultra Necrozma'),(10316,11,'ウルトラネクロズマ',''),(10316,12,'究极奈克洛兹玛',''),(10317,9,'','Partner Pikachu'),(10318,9,'','Partner Eevee'),(10319,1,'ワールドキャップ',''),(10319,3,'월드캡',''),(10319,4,'世界帽子',''),(10319,5,'Casquette Monde',''),(10319,6,'Weltreise-Kappe',''),(10319,7,'Gorra Trotamundos',''),(10319,8,'Berretto Giramondo',''),(10319,9,'World Cap','World Cap Pikachu'),(10319,11,'ワールドキャップ',''),(10319,12,'世界帽子',''),(10320,1,'ガラルのすがた',''),(10320,3,'가라르의 모습',''),(10320,4,'伽勒爾的樣子',''),(10320,5,'Forme de Galar',''),(10320,6,'Galar-Form',''),(10320,7,'Forma de Galar',''),(10320,8,'Forma di Galar',''),(10320,9,'Galarian Form','Galarian Meowth'),(10320,11,'ガラルのすがた',''),(10320,12,'伽勒尔的样子',''),(10321,1,'ガラルのすがた',''),(10321,3,'가라르의 모습',''),(10321,4,'伽勒爾的樣子',''),(10321,5,'Forme de Galar',''),(10321,6,'Galar-Form',''),(10321,7,'Forma de Galar',''),(10321,8,'Forma di Galar',''),(10321,9,'Galarian Form','Galarian Ponyta'),(10321,11,'ガラルのすがた',''),(10321,12,'伽勒尔的样子',''),(10322,1,'ガラルのすがた',''),(10322,3,'가라르의 모습',''),(10322,4,'伽勒爾的樣子',''),(10322,5,'Forme de Galar',''),(10322,6,'Galar-Form',''),(10322,7,'Forma de Galar',''),(10322,8,'Forma di Galar',''),(10322,9,'Galarian Form','Galarian Rapidash'),(10322,11,'ガラルのすがた',''),(10322,12,'伽勒尔的样子',''),(10323,1,'ガラルのすがた',''),(10323,3,'가라르의 모습',''),(10323,4,'伽勒爾的樣子',''),(10323,5,'Forme de Galar',''),(10323,6,'Galar-Form',''),(10323,7,'Forma de Galar',''),(10323,8,'Forma di Galar',''),(10323,9,'Galarian Form','Galarian Slowpoke'),(10323,11,'ガラルのすがた',''),(10323,12,'伽勒尔的样子',''),(10324,1,'ガラルのすがた',''),(10324,3,'가라르의 모습',''),(10324,4,'伽勒爾的樣子',''),(10324,5,'Forme de Galar',''),(10324,6,'Galar-Form',''),(10324,7,'Forma de Galar',''),(10324,8,'Forma di Galar',''),(10324,9,'Galarian Form','Galarian Slowbro'),(10324,11,'ガラルのすがた',''),(10324,12,'伽勒尔的样子',''),(10325,1,'ガラルのすがた',''),(10325,3,'가라르의 모습',''),(10325,4,'伽勒爾的樣子',''),(10325,5,'Forme de Galar',''),(10325,6,'Galar-Form',''),(10325,7,'Forma de Galar',''),(10325,8,'Forma di Galar',''),(10325,9,'Galarian Form','Galarian Farfetch’d'),(10325,11,'ガラルのすがた',''),(10325,12,'伽勒尔的样子',''),(10326,1,'ガラルのすがた',''),(10326,3,'가라르의 모습',''),(10326,4,'伽勒爾的樣子',''),(10326,5,'Forme de Galar',''),(10326,6,'Galar-Form',''),(10326,7,'Forma de Galar',''),(10326,8,'Forma di Galar',''),(10326,9,'Galarian Form','Galarian Weezing'),(10326,11,'ガラルのすがた',''),(10326,12,'伽勒尔的样子',''),(10327,1,'ガラルのすがた',''),(10327,3,'가라르의 모습',''),(10327,4,'伽勒爾的樣子',''),(10327,5,'Forme de Galar',''),(10327,6,'Galar-Form',''),(10327,7,'Forma de Galar',''),(10327,8,'Forma di Galar',''),(10327,9,'Galarian Form','Galarian Mr. Mime'),(10327,11,'ガラルのすがた',''),(10327,12,'伽勒尔的样子',''),(10328,1,'ガラルのすがた',''),(10328,3,'가라르의 모습',''),(10328,4,'伽勒爾的樣子',''),(10328,5,'Forme de Galar',''),(10328,6,'Galar-Form',''),(10328,7,'Forma de Galar',''),(10328,8,'Forma di Galar',''),(10328,9,'Galarian Form','Galarian Articuno'),(10328,11,'ガラルのすがた',''),(10328,12,'伽勒尔的样子',''),(10329,1,'ガラルのすがた',''),(10329,3,'가라르의 모습',''),(10329,4,'伽勒爾的樣子',''),(10329,5,'Forme de Galar',''),(10329,6,'Galar-Form',''),(10329,7,'Forma de Galar',''),(10329,8,'Forma di Galar',''),(10329,9,'Galarian Form','Galarian Zapdos'),(10329,11,'ガラルのすがた',''),(10329,12,'伽勒尔的样子',''),(10330,1,'ガラルのすがた',''),(10330,3,'가라르의 모습',''),(10330,4,'伽勒爾的樣子',''),(10330,5,'Forme de Galar',''),(10330,6,'Galar-Form',''),(10330,7,'Forma de Galar',''),(10330,8,'Forma di Galar',''),(10330,9,'Galarian Form','Galarian Moltres'),(10330,11,'ガラルのすがた',''),(10330,12,'伽勒尔的样子',''),(10331,1,'ガラルのすがた',''),(10331,3,'가라르의 모습',''),(10331,4,'伽勒爾的樣子',''),(10331,5,'Forme de Galar',''),(10331,6,'Galar-Form',''),(10331,7,'Forma de Galar',''),(10331,8,'Forma di Galar',''),(10331,9,'Galarian Form','Galarian Slowking'),(10331,11,'ガラルのすがた',''),(10331,12,'伽勒尔的样子',''),(10332,1,'ガラルのすがた',''),(10332,3,'가라르의 모습',''),(10332,4,'伽勒爾的樣子',''),(10332,5,'Forme de Galar',''),(10332,6,'Galar-Form',''),(10332,7,'Forma de Galar',''),(10332,8,'Forma di Galar',''),(10332,9,'Galarian Form','Galarian Corsola'),(10332,11,'ガラルのすがた',''),(10332,12,'伽勒尔的样子',''),(10333,1,'ガラルのすがた',''),(10333,3,'가라르의 모습',''),(10333,4,'伽勒爾的樣子',''),(10333,5,'Forme de Galar',''),(10333,6,'Galar-Form',''),(10333,7,'Forma de Galar',''),(10333,8,'Forma di Galar',''),(10333,9,'Galarian Form','Galarian Zigzagoon'),(10333,11,'ガラルのすがた',''),(10333,12,'伽勒尔的样子',''),(10334,1,'ガラルのすがた',''),(10334,3,'가라르의 모습',''),(10334,4,'伽勒爾的樣子',''),(10334,5,'Forme de Galar',''),(10334,6,'Galar-Form',''),(10334,7,'Forma de Galar',''),(10334,8,'Forma di Galar',''),(10334,9,'Galarian Form','Galarian Linoone'),(10334,11,'ガラルのすがた',''),(10334,12,'伽勒尔的样子',''),(10335,1,'ガラルのすがた',''),(10335,3,'가라르의 모습',''),(10335,4,'伽勒爾的樣子',''),(10335,5,'Forme de Galar',''),(10335,6,'Galar-Form',''),(10335,7,'Forma de Galar',''),(10335,8,'Forma di Galar',''),(10335,9,'Galarian Form','Galarian Darumaka'),(10335,11,'ガラルのすがた',''),(10335,12,'伽勒尔的样子',''),(10336,1,'ガラルのすがた',''),(10336,3,'가라르의 모습',''),(10336,4,'伽勒爾的樣子',''),(10336,5,'Forme de Galar',''),(10336,6,'Galar-Form',''),(10336,7,'Forma de Galar',''),(10336,8,'Forma di Galar',''),(10336,9,'Galarian Form','Standard Galarian Darmanitan'),(10336,11,'ガラルのすがた',''),(10336,12,'伽勒尔的样子',''),(10337,1,'ダルマモード',''),(10337,3,'달마모드',''),(10337,4,'達摩模式',''),(10337,5,'Mode Transe',''),(10337,6,'Trance-Modus',''),(10337,7,'Modo Daruma',''),(10337,8,'Stato Zen',''),(10337,9,'Zen Mode','Zen Galarian Darmanitan'),(10337,11,'ダルマモード',''),(10337,12,'达摩模式',''),(10338,1,'ガラルのすがた',''),(10338,3,'가라르의 모습',''),(10338,4,'伽勒爾的樣子',''),(10338,5,'Forme de Galar',''),(10338,6,'Galar-Form',''),(10338,7,'Forma de Galar',''),(10338,8,'Forma di Galar',''),(10338,9,'Galarian Form','Galarian Yamask'),(10338,11,'ガラルのすがた',''),(10338,12,'伽勒尔的样子',''),(10339,1,'ガラルのすがた',''),(10339,3,'가라르의 모습',''),(10339,4,'伽勒爾的樣子',''),(10339,5,'Forme de Galar',''),(10339,6,'Galar-Form',''),(10339,7,'Forma de Galar',''),(10339,8,'Forma di Galar',''),(10339,9,'Galarian Form','Galarian Stunfisk'),(10339,11,'ガラルのすがた',''),(10339,12,'伽勒尔的样子',''),(10340,1,'１０％フォルム',''),(10340,3,'10%폼',''),(10340,4,'１０％形態',''),(10340,5,'Forme 10 %',''),(10340,6,'10%-Form',''),(10340,7,'Forma 10%',''),(10340,8,'Forma 10%',''),(10340,9,'10% Forme','10% Zygarde'),(10340,11,'１０％フォルム',''),(10340,12,'１０％形态',''),(10341,1,'うのみのすがた',''),(10341,3,'그대로 삼킨 모습',''),(10341,4,'一口吞的樣子',''),(10341,5,'Forme Gobe-Tout',''),(10341,6,'Schlingform',''),(10341,7,'Forma Tragatodo',''),(10341,8,'Forma Inghiottitutto',''),(10341,9,'Gulping Form','Gulping Cramorant'),(10341,11,'うのみのすがた',''),(10341,12,'一口吞的样子',''),(10342,1,'まるのみのすがた',''),(10342,3,'통째로 삼킨 모습',''),(10342,4,'大口吞的樣子',''),(10342,5,'Forme Gobe-Chu',''),(10342,6,'Stopfform',''),(10342,7,'Forma Engulletodo',''),(10342,8,'Forma Inghiottintero',''),(10342,9,'Gorging Form','Gorging Cramorant'),(10342,11,'まるのみのすがた',''),(10342,12,'大口吞的样子',''),(10343,1,'ローなすがた',''),(10343,3,'로우한 모습',''),(10343,4,'低調的樣子',''),(10343,5,'Forme Grave',''),(10343,6,'Tief-Form',''),(10343,7,'Forma Grave',''),(10343,8,'Forma Basso',''),(10343,9,'Low Key Form','Low Key Toxtricity'),(10343,11,'ローなすがた',''),(10343,12,'低调的样子',''),(10344,9,'','Antique Sinistea'),(10345,9,'','Antique Polteageist'),(10346,1,'ミルキィルビー',''),(10346,3,'밀키루비',''),(10346,4,'奶香紅鑽',''),(10346,5,'Lait Ruby',''),(10346,6,'Ruby-Creme',''),(10346,7,'Crema Rosa',''),(10346,8,'Latterosa',''),(10346,9,'Ruby Cream','Ruby Cream Alcremie'),(10346,11,'ミルキィルビー',''),(10346,12,'奶香红钻',''),(10347,1,'ミルキィまっちゃ',''),(10347,3,'밀키말차',''),(10347,4,'奶香抹茶',''),(10347,5,'Lait Matcha',''),(10347,6,'Matcha-Creme',''),(10347,7,'Crema de Té',''),(10347,8,'Lattematcha',''),(10347,9,'Matcha Cream','Matcha Cream Alcremie'),(10347,11,'ミルキィまっちゃ',''),(10347,12,'奶香抹茶',''),(10348,1,'ミルキィミント',''),(10348,3,'밀키민트',''),(10348,4,'奶香薄荷',''),(10348,5,'Lait Menthe',''),(10348,6,'Minz-Creme',''),(10348,7,'Crema de Menta',''),(10348,8,'Lattementa',''),(10348,9,'Mint Cream','Mint Cream Alcremie'),(10348,11,'ミルキィミント',''),(10348,12,'奶香薄荷',''),(10349,1,'ミルキィレモン',''),(10349,3,'밀키레몬',''),(10349,4,'奶香檸檬',''),(10349,5,'Lait Citron',''),(10349,6,'Zitronen-Creme',''),(10349,7,'Crema de Limón',''),(10349,8,'Lattelimone',''),(10349,9,'Lemon Cream','Lemon Cream Alcremie'),(10349,11,'ミルキィレモン',''),(10349,12,'奶香柠檬',''),(10350,1,'ミルキィソルト',''),(10350,3,'밀키솔트',''),(10350,4,'奶香雪鹽',''),(10350,5,'Lait Salé',''),(10350,6,'Salz-Creme',''),(10350,7,'Crema Salada',''),(10350,8,'Lattesale',''),(10350,9,'Salted Cream','Salted Cream Alcremie'),(10350,11,'ミルキィソルト',''),(10350,12,'奶香雪盐',''),(10351,1,'ルビーミックス',''),(10351,3,'루비믹스',''),(10351,4,'紅鑽綜合',''),(10351,5,'Mélange Ruby',''),(10351,6,'Ruby-Mix',''),(10351,7,'Mezcla Rosa',''),(10351,8,'Rosamix',''),(10351,9,'Ruby Swirl','Ruby Swirl Alcremie'),(10351,11,'ルビーミックス',''),(10351,12,'红钻综合',''),(10352,1,'キャラメルミックス',''),(10352,3,'캐러멜믹스',''),(10352,4,'焦糖綜合',''),(10352,5,'Mélange Caramel',''),(10352,6,'Karamell-Mix',''),(10352,7,'Mezcla Caramelo',''),(10352,8,'Caramelmix',''),(10352,9,'Caramel Swirl','Caramel Swirl Alcremie'),(10352,11,'キャラメルミックス',''),(10352,12,'焦糖综合',''),(10353,1,'トリプルミックス',''),(10353,3,'트리플믹스',''),(10353,4,'三色綜合',''),(10353,5,'Mélange Tricolore',''),(10353,6,'Trio-Mix',''),(10353,7,'Tres Sabores',''),(10353,8,'Triplomix',''),(10353,9,'Rainbow Swirl','Rainbow Swirl Alcremie'),(10353,11,'トリプルミックス',''),(10353,12,'三色综合',''),(10354,1,'ナイスフェイス',''),(10354,3,'나이스페이스',''),(10354,4,'解凍頭',''),(10354,5,'Tête Dégel',''),(10354,6,'Wohlfühlkopf',''),(10354,7,'Cara Deshielo',''),(10354,8,'Liquefaccia',''),(10354,9,'Noice Face','Noice Eiscue'),(10354,11,'ナイスフェイス',''),(10354,12,'解冻头',''),(10355,1,'メスのすがた',''),(10355,3,'암컷의 모습',''),(10355,4,'雌性的樣子',''),(10355,5,'Femelle',''),(10355,6,'Weiblich',''),(10355,7,'Hembra',''),(10355,8,'Femmina',''),(10355,9,'Female','Female Indeedee'),(10355,11,'メスのすがた',''),(10355,12,'雌性的样子',''),(10356,1,'はらぺこもよう',''),(10356,3,'배고픈 모양',''),(10356,4,'空腹花紋',''),(10356,5,'Mode Affamé',''),(10356,6,'Kohldampfmuster',''),(10356,7,'Forma Voraz',''),(10356,8,'Motivo Panciavuota',''),(10356,9,'Hangry Mode','Hangry Morpeko'),(10356,11,'はらぺこもよう',''),(10356,12,'空腹花纹',''),(10357,1,'けんのおう',''),(10357,3,'검왕',''),(10357,4,'劍之王',''),(10357,5,'Épée Suprême',''),(10357,6,'König des Schwertes',''),(10357,7,'Espada Suprema',''),(10357,8,'Re delle Spade',''),(10357,9,'Crowned Sword','Crowned Zacian'),(10357,11,'けんのおう',''),(10357,12,'剑之王',''),(10358,1,'たてのおう',''),(10358,3,'방패왕',''),(10358,4,'盾之王',''),(10358,5,'Bouclier Suprême',''),(10358,6,'König des Schildes',''),(10358,7,'Escudo Supremo',''),(10358,8,'Re degli Scudi',''),(10358,9,'Crowned Shield','Crowned Zamazenta'),(10358,11,'たてのおう',''),(10358,12,'盾之王',''),(10359,1,'ムゲンダイマックス',''),(10359,3,'무한다이맥스',''),(10359,4,'無極巨化',''),(10359,5,'Infinimax',''),(10359,6,'Unendynamax',''),(10359,7,'Dinamax Infinito',''),(10359,8,'Dynamax Infinito',''),(10359,9,'Eternamax','Eternamax Eternatus'),(10359,11,'ムゲンダイマックス',''),(10359,12,'无极巨化',''),(10360,1,'れんげきのかた',''),(10360,3,'연격의 태세',''),(10360,4,'連擊流',''),(10360,5,'Style Mille Poings',''),(10360,6,'Fließender Stil',''),(10360,7,'Estilo Fluido',''),(10360,8,'Stile Pluricolpo',''),(10360,9,'Rapid Strike Style','Rapid Strike Urshifu'),(10360,11,'れんげきのかた',''),(10360,12,'连击流',''),(10361,1,'とうちゃん',''),(10361,3,'아빠',''),(10361,4,'阿爸',''),(10361,5,'Papa',''),(10361,6,'Papa',''),(10361,7,'Papá',''),(10361,8,'Papà',''),(10361,9,'Dada','Dada Zarude'),(10361,11,'とうちゃん',''),(10361,12,'阿爸',''),(10362,1,'はくばじょうのすがた',''),(10362,3,'백마 탄 모습',''),(10362,4,'騎白馬的樣子',''),(10362,5,'Cavalier du Froid',''),(10362,6,'Schimmelreiter',''),(10362,7,'Jinete Glacial',''),(10362,8,'Cavaliere Glaciale',''),(10362,9,'Ice Rider','Ice Calyrex'),(10362,11,'はくばじょうのすがた',''),(10362,12,'骑白马的样子',''),(10363,1,'こくばじょうのすがた',''),(10363,3,'흑마 탄 모습',''),(10363,4,'騎黑馬的樣子',''),(10363,5,'Cavalier d’Effroi',''),(10363,6,'Rappenreiter',''),(10363,7,'Jinete Espectral',''),(10363,8,'Cavaliere Spettrale',''),(10363,9,'Shadow Rider','Shadow Calyrex'),(10363,11,'こくばじょうのすがた',''),(10363,12,'骑黑马的样子','');
/*!40000 ALTER TABLE `pokemon_form_names` ENABLE KEYS */;
UNLOCK TABLES;

--
-- Table structure for table `pokemon_forms`
--

DROP TABLE IF EXISTS `pokemon_forms`;
/*!40101 SET @saved_cs_client     = @@character_set_client */;
/*!40101 SET character_set_client = utf8 */;
CREATE TABLE `pokemon_forms` (
  `id` int(5) NOT NULL,
  `identifier` varchar(26) DEFAULT NULL,
  `form_identifier` varchar(18) DEFAULT NULL,
  `pokemon_id` int(5) DEFAULT NULL,
  `introduced_in_version_group_id` int(2) DEFAULT NULL,
  `is_default` int(1) DEFAULT NULL,
  `is_battle_only` int(1) DEFAULT NULL,
  `is_mega` int(1) DEFAULT NULL,
  `form_order` int(2) DEFAULT NULL,
  `order` int(4) DEFAULT NULL,
  PRIMARY KEY (`id`),
  UNIQUE KEY `identifier` (`identifier`),
  KEY `FK_pokemon_forms_pokemon` (`pokemon_id`),
  CONSTRAINT `FK_pokemon_forms_pokemon` FOREIGN KEY (`pokemon_id`) REFERENCES `pokemon` (`id`) ON DELETE NO ACTION ON UPDATE NO ACTION
) ENGINE=InnoDB DEFAULT CHARSET=utf8mb3 COLLATE=utf8mb3_general_ci;
/*!40101 SET character_set_client = @saved_cs_client */;

--
-- Dumping data for table `pokemon_forms`
--

LOCK TABLES `pokemon_forms` WRITE;
/*!40000 ALTER TABLE `pokemon_forms` DISABLE KEYS */;
INSERT INTO `pokemon_forms` VALUES (1,'bulbasaur','',1,1,1,0,0,1,1),(2,'ivysaur','',2,1,1,0,0,1,2),(3,'venusaur','',3,1,1,0,0,1,3),(4,'charmander','',4,1,1,0,0,1,5),(5,'charmeleon','',5,1,1,0,0,1,6),(6,'charizard','',6,1,1,0,0,1,7),(7,'squirtle','',7,1,1,0,0,1,10),(8,'wartortle','',8,1,1,0,0,1,11),(9,'blastoise','',9,1,1,0,0,1,12),(10,'caterpie','',10,1,1,0,0,1,14),(11,'metapod','',11,1,1,0,0,1,15),(12,'butterfree','',12,1,1,0,0,1,16),(13,'weedle','',13,1,1,0,0,1,17),(14,'kakuna','',14,1,1,0,0,1,18),(15,'beedrill','',15,1,1,0,0,1,19),(16,'pidgey','',16,1,1,0,0,1,21),(17,'pidgeotto','',17,1,1,0,0,1,22),(18,'pidgeot','',18,1,1,0,0,1,23),(19,'rattata','',19,1,1,0,0,1,25),(20,'raticate','',20,1,1,0,0,1,27),(21,'spearow','',21,1,1,0,0,1,30),(22,'fearow','',22,1,1,0,0,1,31),(23,'ekans','',23,1,1,0,0,1,32),(24,'arbok','',24,1,1,0,0,1,33),(25,'pikachu','',25,1,1,0,0,1,36),(26,'raichu','',26,1,1,0,0,1,52),(27,'sandshrew','',27,1,1,0,0,1,54),(28,'sandslash','',28,1,1,0,0,1,56),(29,'nidoran-f','',29,1,1,0,0,1,58),(30,'nidorina','',30,1,1,0,0,1,59),(31,'nidoqueen','',31,1,1,0,0,1,60),(32,'nidoran-m','',32,1,1,0,0,1,61),(33,'nidorino','',33,1,1,0,0,1,62),(34,'nidoking','',34,1,1,0,0,1,63),(35,'clefairy','',35,1,1,0,0,1,65),(36,'clefable','',36,1,1,0,0,1,66),(37,'vulpix','',37,1,1,0,0,1,67),(38,'ninetales','',38,1,1,0,0,1,69),(39,'jigglypuff','',39,1,1,0,0,1,72),(40,'wigglytuff','',40,1,1,0,0,1,73),(41,'zubat','',41,1,1,0,0,1,74),(42,'golbat','',42,1,1,0,0,1,75),(43,'oddish','',43,1,1,0,0,1,77),(44,'gloom','',44,1,1,0,0,1,78),(45,'vileplume','',45,1,1,0,0,1,79),(46,'paras','',46,1,1,0,0,1,81),(47,'parasect','',47,1,1,0,0,1,82),(48,'venonat','',48,1,1,0,0,1,83),(49,'venomoth','',49,1,1,0,0,1,84),(50,'diglett','',50,1,1,0,0,1,85),(51,'dugtrio','',51,1,1,0,0,1,87),(52,'meowth','',52,1,1,0,0,1,89),(53,'persian','',53,1,1,0,0,1,92),(54,'psyduck','',54,1,1,0,0,1,94),(55,'golduck','',55,1,1,0,0,1,95),(56,'mankey','',56,1,1,0,0,1,96),(57,'primeape','',57,1,1,0,0,1,97),(58,'growlithe','',58,1,1,0,0,1,98),(59,'arcanine','',59,1,1,0,0,1,99),(60,'poliwag','',60,1,1,0,0,1,100),(61,'poliwhirl','',61,1,1,0,0,1,101),(62,'poliwrath','',62,1,1,0,0,1,102),(63,'abra','',63,1,1,0,0,1,104),(64,'kadabra','',64,1,1,0,0,1,105),(65,'alakazam','',65,1,1,0,0,1,106),(66,'machop','',66,1,1,0,0,1,108),(67,'machoke','',67,1,1,0,0,1,109),(68,'machamp','',68,1,1,0,0,1,110),(69,'bellsprout','',69,1,1,0,0,1,111),(70,'weepinbell','',70,1,1,0,0,1,112),(71,'victreebel','',71,1,1,0,0,1,113),(72,'tentacool','',72,1,1,0,0,1,114),(73,'tentacruel','',73,1,1,0,0,1,115),(74,'geodude','',74,1,1,0,0,1,116),(75,'graveler','',75,1,1,0,0,1,118),(76,'golem','',76,1,1,0,0,1,120),(77,'ponyta','',77,1,1,0,0,1,122),(78,'rapidash','',78,1,1,0,0,1,124),(79,'slowpoke','',79,1,1,0,0,1,126),(80,'slowbro','',80,1,1,0,0,1,128),(81,'magnemite','',81,1,1,0,0,1,133),(82,'magneton','',82,1,1,0,0,1,134),(83,'farfetchd','',83,1,1,0,0,1,136),(84,'doduo','',84,1,1,0,0,1,138),(85,'dodrio','',85,1,1,0,0,1,139),(86,'seel','',86,1,1,0,0,1,140),(87,'dewgong','',87,1,1,0,0,1,141),(88,'grimer','',88,1,1,0,0,1,142),(89,'muk','',89,1,1,0,0,1,144),(90,'shellder','',90,1,1,0,0,1,146),(91,'cloyster','',91,1,1,0,0,1,147),(92,'gastly','',92,1,1,0,0,1,148),(93,'haunter','',93,1,1,0,0,1,149),(94,'gengar','',94,1,1,0,0,1,150),(95,'onix','',95,1,1,0,0,1,152),(96,'drowzee','',96,1,1,0,0,1,155),(97,'hypno','',97,1,1,0,0,1,156),(98,'krabby','',98,1,1,0,0,1,157),(99,'kingler','',99,1,1,0,0,1,158),(100,'voltorb','',100,1,1,0,0,1,159),(101,'electrode','',101,1,1,0,0,1,160),(102,'exeggcute','',102,1,1,0,0,1,161),(103,'exeggutor','',103,1,1,0,0,1,162),(104,'cubone','',104,1,1,0,0,1,164),(105,'marowak','',105,1,1,0,0,1,165),(106,'hitmonlee','',106,1,1,0,0,1,169),(107,'hitmonchan','',107,1,1,0,0,1,170),(108,'lickitung','',108,1,1,0,0,1,172),(109,'koffing','',109,1,1,0,0,1,174),(110,'weezing','',110,1,1,0,0,1,175),(111,'rhyhorn','',111,1,1,0,0,1,177),(112,'rhydon','',112,1,1,0,0,1,178),(113,'chansey','',113,1,1,0,0,1,181),(114,'tangela','',114,1,1,0,0,1,183),(115,'kangaskhan','',115,1,1,0,0,1,185),(116,'horsea','',116,1,1,0,0,1,187),(117,'seadra','',117,1,1,0,0,1,188),(118,'goldeen','',118,1,1,0,0,1,190),(119,'seaking','',119,1,1,0,0,1,191),(120,'staryu','',120,1,1,0,0,1,192),(121,'starmie','',121,1,1,0,0,1,193),(122,'mr-mime','',122,1,1,0,0,1,195),(123,'scyther','',123,1,1,0,0,1,197),(124,'jynx','',124,1,1,0,0,1,201),(125,'electabuzz','',125,1,1,0,0,1,203),(126,'magmar','',126,1,1,0,0,1,206),(127,'pinsir','',127,1,1,0,0,1,208),(128,'tauros','',128,1,1,0,0,1,210),(129,'magikarp','',129,1,1,0,0,1,211),(130,'gyarados','',130,1,1,0,0,1,212),(131,'lapras','',131,1,1,0,0,1,214),(132,'ditto','',132,1,1,0,0,1,215),(133,'eevee','',133,1,1,0,0,1,216),(134,'vaporeon','',134,1,1,0,0,1,218),(135,'jolteon','',135,1,1,0,0,1,219),(136,'flareon','',136,1,1,0,0,1,220),(137,'porygon','',137,1,1,0,0,1,226),(138,'omanyte','',138,1,1,0,0,1,229),(139,'omastar','',139,1,1,0,0,1,230),(140,'kabuto','',140,1,1,0,0,1,231),(141,'kabutops','',141,1,1,0,0,1,232),(142,'aerodactyl','',142,1,1,0,0,1,233),(143,'snorlax','',143,1,1,0,0,1,236),(144,'articuno','',144,1,1,0,0,1,237),(145,'zapdos','',145,1,1,0,0,1,239),(146,'moltres','',146,1,1,0,0,1,241),(147,'dratini','',147,1,1,0,0,1,243),(148,'dragonair','',148,1,1,0,0,1,244),(149,'dragonite','',149,1,1,0,0,1,245),(150,'mewtwo','',150,1,1,0,0,1,246),(151,'mew','',151,1,1,0,0,1,249),(152,'chikorita','',152,3,1,0,0,1,250),(153,'bayleef','',153,3,1,0,0,1,251),(154,'meganium','',154,3,1,0,0,1,252),(155,'cyndaquil','',155,3,1,0,0,1,253),(156,'quilava','',156,3,1,0,0,1,254),(157,'typhlosion','',157,3,1,0,0,1,255),(158,'totodile','',158,3,1,0,0,1,256),(159,'croconaw','',159,3,1,0,0,1,257),(160,'feraligatr','',160,3,1,0,0,1,258),(161,'sentret','',161,3,1,0,0,1,259),(162,'furret','',162,3,1,0,0,1,260),(163,'hoothoot','',163,3,1,0,0,1,261),(164,'noctowl','',164,3,1,0,0,1,262),(165,'ledyba','',165,3,1,0,0,1,263),(166,'ledian','',166,3,1,0,0,1,264),(167,'spinarak','',167,3,1,0,0,1,265),(168,'ariados','',168,3,1,0,0,1,266),(169,'crobat','',169,3,1,0,0,1,76),(170,'chinchou','',170,3,1,0,0,1,267),(171,'lanturn','',171,3,1,0,0,1,268),(172,'pichu','',172,3,1,0,0,1,34),(173,'cleffa','',173,3,1,0,0,1,64),(174,'igglybuff','',174,3,1,0,0,1,71),(175,'togepi','',175,3,1,0,0,1,269),(176,'togetic','',176,3,1,0,0,1,270),(177,'natu','',177,3,1,0,0,1,272),(178,'xatu','',178,3,1,0,0,1,273),(179,'mareep','',179,3,1,0,0,1,274),(180,'flaaffy','',180,3,1,0,0,1,275),(181,'ampharos','',181,3,1,0,0,1,276),(182,'bellossom','',182,3,1,0,0,1,80),(183,'marill','',183,3,1,0,0,1,279),(184,'azumarill','',184,3,1,0,0,1,280),(185,'sudowoodo','',185,3,1,0,0,1,282),(186,'politoed','',186,3,1,0,0,1,103),(187,'hoppip','',187,3,1,0,0,1,283),(188,'skiploom','',188,3,1,0,0,1,284),(189,'jumpluff','',189,3,1,0,0,1,285),(190,'aipom','',190,3,1,0,0,1,286),(191,'sunkern','',191,3,1,0,0,1,288),(192,'sunflora','',192,3,1,0,0,1,289),(193,'yanma','',193,3,1,0,0,1,290),(194,'wooper','',194,3,1,0,0,1,292),(195,'quagsire','',195,3,1,0,0,1,293),(196,'espeon','',196,3,1,0,0,1,221),(197,'umbreon','',197,3,1,0,0,1,222),(198,'murkrow','',198,3,1,0,0,1,294),(199,'slowking','',199,3,1,0,0,1,131),(200,'misdreavus','',200,3,1,0,0,1,296),(201,'unown-a','a',201,3,1,0,0,1,298),(202,'wobbuffet','',202,3,1,0,0,1,327),(203,'girafarig','',203,3,1,0,0,1,328),(204,'pineco','',204,3,1,0,0,1,329),(205,'forretress','',205,3,1,0,0,1,330),(206,'dunsparce','',206,3,1,0,0,1,331),(207,'gligar','',207,3,1,0,0,1,332),(208,'steelix','',208,3,1,0,0,1,153),(209,'snubbull','',209,3,1,0,0,1,334),(210,'granbull','',210,3,1,0,0,1,335),(211,'qwilfish','',211,3,1,0,0,1,336),(212,'scizor','',212,3,1,0,0,1,198),(213,'shuckle','',213,3,1,0,0,1,337),(214,'heracross','',214,3,1,0,0,1,338),(215,'sneasel','',215,3,1,0,0,1,340),(216,'teddiursa','',216,3,1,0,0,1,342),(217,'ursaring','',217,3,1,0,0,1,343),(218,'slugma','',218,3,1,0,0,1,344),(219,'magcargo','',219,3,1,0,0,1,345),(220,'swinub','',220,3,1,0,0,1,346),(221,'piloswine','',221,3,1,0,0,1,347),(222,'corsola','',222,3,1,0,0,1,349),(223,'remoraid','',223,3,1,0,0,1,351),(224,'octillery','',224,3,1,0,0,1,352),(225,'delibird','',225,3,1,0,0,1,353),(226,'mantine','',226,3,1,0,0,1,355),(227,'skarmory','',227,3,1,0,0,1,356),(228,'houndour','',228,3,1,0,0,1,357),(229,'houndoom','',229,3,1,0,0,1,358),(230,'kingdra','',230,3,1,0,0,1,189),(231,'phanpy','',231,3,1,0,0,1,360),(232,'donphan','',232,3,1,0,0,1,361),(233,'porygon2','',233,3,1,0,0,1,227),(234,'stantler','',234,3,1,0,0,1,362),(235,'smeargle','',235,3,1,0,0,1,363),(236,'tyrogue','',236,3,1,0,0,1,168),(237,'hitmontop','',237,3,1,0,0,1,171),(238,'smoochum','',238,3,1,0,0,1,200),(239,'elekid','',239,3,1,0,0,1,202),(240,'magby','',240,3,1,0,0,1,205),(241,'miltank','',241,3,1,0,0,1,364),(242,'blissey','',242,3,1,0,0,1,182),(243,'raikou','',243,3,1,0,0,1,365),(244,'entei','',244,3,1,0,0,1,366),(245,'suicune','',245,3,1,0,0,1,367),(246,'larvitar','',246,3,1,0,0,1,368),(247,'pupitar','',247,3,1,0,0,1,369),(248,'tyranitar','',248,3,1,0,0,1,370),(249,'lugia','',249,3,1,0,0,1,372),(250,'ho-oh','',250,3,1,0,0,1,373),(251,'celebi','',251,3,1,0,0,1,374),(252,'treecko','',252,5,1,0,0,1,375),(253,'grovyle','',253,5,1,0,0,1,376),(254,'sceptile','',254,5,1,0,0,1,377),(255,'torchic','',255,5,1,0,0,1,379),(256,'combusken','',256,5,1,0,0,1,380),(257,'blaziken','',257,5,1,0,0,1,381),(258,'mudkip','',258,5,1,0,0,1,383),(259,'marshtomp','',259,5,1,0,0,1,384),(260,'swampert','',260,5,1,0,0,1,385),(261,'poochyena','',261,5,1,0,0,1,387),(262,'mightyena','',262,5,1,0,0,1,388),(263,'zigzagoon','',263,5,1,0,0,1,389),(264,'linoone','',264,5,1,0,0,1,391),(265,'wurmple','',265,5,1,0,0,1,393),(266,'silcoon','',266,5,1,0,0,1,394),(267,'beautifly','',267,5,1,0,0,1,395),(268,'cascoon','',268,5,1,0,0,1,396),(269,'dustox','',269,5,1,0,0,1,397),(270,'lotad','',270,5,1,0,0,1,398),(271,'lombre','',271,5,1,0,0,1,399),(272,'ludicolo','',272,5,1,0,0,1,400),(273,'seedot','',273,5,1,0,0,1,401),(274,'nuzleaf','',274,5,1,0,0,1,402),(275,'shiftry','',275,5,1,0,0,1,403),(276,'taillow','',276,5,1,0,0,1,404),(277,'swellow','',277,5,1,0,0,1,405),(278,'wingull','',278,5,1,0,0,1,406),(279,'pelipper','',279,5,1,0,0,1,407),(280,'ralts','',280,5,1,0,0,1,408),(281,'kirlia','',281,5,1,0,0,1,409),(282,'gardevoir','',282,5,1,0,0,1,410),(283,'surskit','',283,5,1,0,0,1,414),(284,'masquerain','',284,5,1,0,0,1,415),(285,'shroomish','',285,5,1,0,0,1,416),(286,'breloom','',286,5,1,0,0,1,417),(287,'slakoth','',287,5,1,0,0,1,418),(288,'vigoroth','',288,5,1,0,0,1,419),(289,'slaking','',289,5,1,0,0,1,420),(290,'nincada','',290,5,1,0,0,1,421),(291,'ninjask','',291,5,1,0,0,1,422),(292,'shedinja','',292,5,1,0,0,1,423),(293,'whismur','',293,5,1,0,0,1,424),(294,'loudred','',294,5,1,0,0,1,425),(295,'exploud','',295,5,1,0,0,1,426),(296,'makuhita','',296,5,1,0,0,1,427),(297,'hariyama','',297,5,1,0,0,1,428),(298,'azurill','',298,5,1,0,0,1,278),(299,'nosepass','',299,5,1,0,0,1,429),(300,'skitty','',300,5,1,0,0,1,431),(301,'delcatty','',301,5,1,0,0,1,432),(302,'sableye','',302,5,1,0,0,1,433),(303,'mawile','',303,5,1,0,0,1,435),(304,'aron','',304,5,1,0,0,1,437),(305,'lairon','',305,5,1,0,0,1,438),(306,'aggron','',306,5,1,0,0,1,439),(307,'meditite','',307,5,1,0,0,1,441),(308,'medicham','',308,5,1,0,0,1,442),(309,'electrike','',309,5,1,0,0,1,444),(310,'manectric','',310,5,1,0,0,1,445),(311,'plusle','',311,5,1,0,0,1,447),(312,'minun','',312,5,1,0,0,1,448),(313,'volbeat','',313,5,1,0,0,1,449),(314,'illumise','',314,5,1,0,0,1,450),(315,'roselia','',315,5,1,0,0,1,452),(316,'gulpin','',316,5,1,0,0,1,454),(317,'swalot','',317,5,1,0,0,1,455),(318,'carvanha','',318,5,1,0,0,1,456),(319,'sharpedo','',319,5,1,0,0,1,457),(320,'wailmer','',320,5,1,0,0,1,459),(321,'wailord','',321,5,1,0,0,1,460),(322,'numel','',322,5,1,0,0,1,461),(323,'camerupt','',323,5,1,0,0,1,462),(324,'torkoal','',324,5,1,0,0,1,464),(325,'spoink','',325,5,1,0,0,1,465),(326,'grumpig','',326,5,1,0,0,1,466),(327,'spinda','',327,5,1,0,0,1,467),(328,'trapinch','',328,5,1,0,0,1,468),(329,'vibrava','',329,5,1,0,0,1,469),(330,'flygon','',330,5,1,0,0,1,470),(331,'cacnea','',331,5,1,0,0,1,471),(332,'cacturne','',332,5,1,0,0,1,472),(333,'swablu','',333,5,1,0,0,1,473),(334,'altaria','',334,5,1,0,0,1,474),(335,'zangoose','',335,5,1,0,0,1,476),(336,'seviper','',336,5,1,0,0,1,477),(337,'lunatone','',337,5,1,0,0,1,478),(338,'solrock','',338,5,1,0,0,1,479),(339,'barboach','',339,5,1,0,0,1,480),(340,'whiscash','',340,5,1,0,0,1,481),(341,'corphish','',341,5,1,0,0,1,482),(342,'crawdaunt','',342,5,1,0,0,1,483),(343,'baltoy','',343,5,1,0,0,1,484),(344,'claydol','',344,5,1,0,0,1,485),(345,'lileep','',345,5,1,0,0,1,486),(346,'cradily','',346,5,1,0,0,1,487),(347,'anorith','',347,5,1,0,0,1,488),(348,'armaldo','',348,5,1,0,0,1,489),(349,'feebas','',349,5,1,0,0,1,490),(350,'milotic','',350,5,1,0,0,1,491),(351,'castform','',351,5,1,0,0,1,492),(352,'kecleon','',352,5,1,0,0,1,496),(353,'shuppet','',353,5,1,0,0,1,497),(354,'banette','',354,5,1,0,0,1,498),(355,'duskull','',355,5,1,0,0,1,500),(356,'dusclops','',356,5,1,0,0,1,501),(357,'tropius','',357,5,1,0,0,1,503),(358,'chimecho','',358,5,1,0,0,1,505),(359,'absol','',359,5,1,0,0,1,506),(360,'wynaut','',360,5,1,0,0,1,326),(361,'snorunt','',361,5,1,0,0,1,508),(362,'glalie','',362,5,1,0,0,1,509),(363,'spheal','',363,5,1,0,0,1,512),(364,'sealeo','',364,5,1,0,0,1,513),(365,'walrein','',365,5,1,0,0,1,514),(366,'clamperl','',366,5,1,0,0,1,515),(367,'huntail','',367,5,1,0,0,1,516),(368,'gorebyss','',368,5,1,0,0,1,517),(369,'relicanth','',369,5,1,0,0,1,518),(370,'luvdisc','',370,5,1,0,0,1,519),(371,'bagon','',371,5,1,0,0,1,520),(372,'shelgon','',372,5,1,0,0,1,521),(373,'salamence','',373,5,1,0,0,1,522),(374,'beldum','',374,5,1,0,0,1,524),(375,'metang','',375,5,1,0,0,1,525),(376,'metagross','',376,5,1,0,0,1,526),(377,'regirock','',377,5,1,0,0,1,528),(378,'regice','',378,5,1,0,0,1,529),(379,'registeel','',379,5,1,0,0,1,530),(380,'latias','',380,5,1,0,0,1,531),(381,'latios','',381,5,1,0,0,1,533),(382,'kyogre','',382,5,1,0,0,1,535),(383,'groudon','',383,5,1,0,0,1,537),(384,'rayquaza','',384,5,1,0,0,1,539),(385,'jirachi','',385,5,1,0,0,1,541),(386,'deoxys-normal','normal',386,5,1,0,0,1,542),(387,'turtwig','',387,8,1,0,0,1,546),(388,'grotle','',388,8,1,0,0,1,547),(389,'torterra','',389,8,1,0,0,1,548),(390,'chimchar','',390,8,1,0,0,1,549),(391,'monferno','',391,8,1,0,0,1,550),(392,'infernape','',392,8,1,0,0,1,551),(393,'piplup','',393,8,1,0,0,1,552),(394,'prinplup','',394,8,1,0,0,1,553),(395,'empoleon','',395,8,1,0,0,1,554),(396,'starly','',396,8,1,0,0,1,555),(397,'staravia','',397,8,1,0,0,1,556),(398,'staraptor','',398,8,1,0,0,1,557),(399,'bidoof','',399,8,1,0,0,1,558),(400,'bibarel','',400,8,1,0,0,1,559),(401,'kricketot','',401,8,1,0,0,1,560),(402,'kricketune','',402,8,1,0,0,1,561),(403,'shinx','',403,8,1,0,0,1,562),(404,'luxio','',404,8,1,0,0,1,563),(405,'luxray','',405,8,1,0,0,1,564),(406,'budew','',406,8,1,0,0,1,451),(407,'roserade','',407,8,1,0,0,1,453),(408,'cranidos','',408,8,1,0,0,1,565),(409,'rampardos','',409,8,1,0,0,1,566),(410,'shieldon','',410,8,1,0,0,1,567),(411,'bastiodon','',411,8,1,0,0,1,568),(412,'burmy-plant','plant',412,8,1,0,0,1,569),(413,'wormadam-plant','plant',413,8,1,0,0,1,572),(414,'mothim-plant','plant',414,8,1,0,0,1,575),(415,'combee','',415,8,1,0,0,1,578),(416,'vespiquen','',416,8,1,0,0,1,579),(417,'pachirisu','',417,8,1,0,0,1,580),(418,'buizel','',418,8,1,0,0,1,581),(419,'floatzel','',419,8,1,0,0,1,582),(420,'cherubi','',420,8,1,0,0,1,583),(421,'cherrim-overcast','overcast',421,8,1,0,0,1,584),(422,'shellos-west','west',422,8,1,0,0,1,586),(423,'gastrodon-west','west',423,8,1,0,0,1,588),(424,'ambipom','',424,8,1,0,0,1,287),(425,'drifloon','',425,8,1,0,0,1,590),(426,'drifblim','',426,8,1,0,0,1,591),(427,'buneary','',427,8,1,0,0,1,592),(428,'lopunny','',428,8,1,0,0,1,593),(429,'mismagius','',429,8,1,0,0,1,297),(430,'honchkrow','',430,8,1,0,0,1,295),(431,'glameow','',431,8,1,0,0,1,595),(432,'purugly','',432,8,1,0,0,1,596),(433,'chingling','',433,8,1,0,0,1,504),(434,'stunky','',434,8,1,0,0,1,597),(435,'skuntank','',435,8,1,0,0,1,598),(436,'bronzor','',436,8,1,0,0,1,599),(437,'bronzong','',437,8,1,0,0,1,600),(438,'bonsly','',438,8,1,0,0,1,281),(439,'mime-jr','',439,8,1,0,0,1,194),(440,'happiny','',440,8,1,0,0,1,180),(441,'chatot','',441,8,1,0,0,1,601),(442,'spiritomb','',442,8,1,0,0,1,602),(443,'gible','',443,8,1,0,0,1,603),(444,'gabite','',444,8,1,0,0,1,604),(445,'garchomp','',445,8,1,0,0,1,605),(446,'munchlax','',446,8,1,0,0,1,235),(447,'riolu','',447,8,1,0,0,1,607),(448,'lucario','',448,8,1,0,0,1,608),(449,'hippopotas','',449,8,1,0,0,1,610),(450,'hippowdon','',450,8,1,0,0,1,611),(451,'skorupi','',451,8,1,0,0,1,612),(452,'drapion','',452,8,1,0,0,1,613),(453,'croagunk','',453,8,1,0,0,1,614),(454,'toxicroak','',454,8,1,0,0,1,615),(455,'carnivine','',455,8,1,0,0,1,616),(456,'finneon','',456,8,1,0,0,1,617),(457,'lumineon','',457,8,1,0,0,1,618),(458,'mantyke','',458,8,1,0,0,1,354),(459,'snover','',459,8,1,0,0,1,619),(460,'abomasnow','',460,8,1,0,0,1,620),(461,'weavile','',461,8,1,0,0,1,341),(462,'magnezone','',462,8,1,0,0,1,135),(463,'lickilicky','',463,8,1,0,0,1,173),(464,'rhyperior','',464,8,1,0,0,1,179),(465,'tangrowth','',465,8,1,0,0,1,184),(466,'electivire','',466,8,1,0,0,1,204),(467,'magmortar','',467,8,1,0,0,1,207),(468,'togekiss','',468,8,1,0,0,1,271),(469,'yanmega','',469,8,1,0,0,1,291),(470,'leafeon','',470,8,1,0,0,1,223),(471,'glaceon','',471,8,1,0,0,1,224),(472,'gliscor','',472,8,1,0,0,1,333),(473,'mamoswine','',473,8,1,0,0,1,348),(474,'porygon-z','',474,8,1,0,0,1,228),(475,'gallade','',475,8,1,0,0,1,412),(476,'probopass','',476,8,1,0,0,1,430),(477,'dusknoir','',477,8,1,0,0,1,502),(478,'froslass','',478,8,1,0,0,1,511),(479,'rotom','',479,8,1,0,0,1,622),(480,'uxie','',480,8,1,0,0,1,628),(481,'mesprit','',481,8,1,0,0,1,629),(482,'azelf','',482,8,1,0,0,1,630),(483,'dialga','',483,8,1,0,0,1,631),(484,'palkia','',484,8,1,0,0,1,632),(485,'heatran','',485,8,1,0,0,1,633),(486,'regigigas','',486,8,1,0,0,1,634),(487,'giratina-altered','altered',487,8,1,0,0,1,635),(488,'cresselia','',488,8,1,0,0,1,637),(489,'phione','',489,8,1,0,0,1,638),(490,'manaphy','',490,8,1,0,0,1,639),(491,'darkrai','',491,8,1,0,0,1,640),(492,'shaymin-land','land',492,8,1,0,0,1,641),(493,'arceus-normal','normal',493,8,1,0,0,1,643),(494,'victini','',494,11,1,0,0,1,662),(495,'snivy','',495,11,1,0,0,1,663),(496,'servine','',496,11,1,0,0,1,664),(497,'serperior','',497,11,1,0,0,1,665),(498,'tepig','',498,11,1,0,0,1,666),(499,'pignite','',499,11,1,0,0,1,667),(500,'emboar','',500,11,1,0,0,1,668),(501,'oshawott','',501,11,1,0,0,1,669),(502,'dewott','',502,11,1,0,0,1,670),(503,'samurott','',503,11,1,0,0,1,671),(504,'patrat','',504,11,1,0,0,1,672),(505,'watchog','',505,11,1,0,0,1,673),(506,'lillipup','',506,11,1,0,0,1,674),(507,'herdier','',507,11,1,0,0,1,675),(508,'stoutland','',508,11,1,0,0,1,676),(509,'purrloin','',509,11,1,0,0,1,677),(510,'liepard','',510,11,1,0,0,1,678),(511,'pansage','',511,11,1,0,0,1,679),(512,'simisage','',512,11,1,0,0,1,680),(513,'pansear','',513,11,1,0,0,1,681),(514,'simisear','',514,11,1,0,0,1,682),(515,'panpour','',515,11,1,0,0,1,683),(516,'simipour','',516,11,1,0,0,1,684),(517,'munna','',517,11,1,0,0,1,685),(518,'musharna','',518,11,1,0,0,1,686),(519,'pidove','',519,11,1,0,0,1,687),(520,'tranquill','',520,11,1,0,0,1,688),(521,'unfezant','',521,11,1,0,0,1,689),(522,'blitzle','',522,11,1,0,0,1,690),(523,'zebstrika','',523,11,1,0,0,1,691),(524,'roggenrola','',524,11,1,0,0,1,692),(525,'boldore','',525,11,1,0,0,1,693),(526,'gigalith','',526,11,1,0,0,1,694),(527,'woobat','',527,11,1,0,0,1,695),(528,'swoobat','',528,11,1,0,0,1,696),(529,'drilbur','',529,11,1,0,0,1,697),(530,'excadrill','',530,11,1,0,0,1,698),(531,'audino','',531,11,1,0,0,1,699),(532,'timburr','',532,11,1,0,0,1,701),(533,'gurdurr','',533,11,1,0,0,1,702),(534,'conkeldurr','',534,11,1,0,0,1,703),(535,'tympole','',535,11,1,0,0,1,704),(536,'palpitoad','',536,11,1,0,0,1,705),(537,'seismitoad','',537,11,1,0,0,1,706),(538,'throh','',538,11,1,0,0,1,707),(539,'sawk','',539,11,1,0,0,1,708),(540,'sewaddle','',540,11,1,0,0,1,709),(541,'swadloon','',541,11,1,0,0,1,710),(542,'leavanny','',542,11,1,0,0,1,711),(543,'venipede','',543,11,1,0,0,1,712),(544,'whirlipede','',544,11,1,0,0,1,713),(545,'scolipede','',545,11,1,0,0,1,714),(546,'cottonee','',546,11,1,0,0,1,715),(547,'whimsicott','',547,11,1,0,0,1,716),(548,'petilil','',548,11,1,0,0,1,717),(549,'lilligant','',549,11,1,0,0,1,718),(550,'basculin-red-striped','red-striped',550,11,1,0,0,1,719),(551,'sandile','',551,11,1,0,0,1,721),(552,'krokorok','',552,11,1,0,0,1,722),(553,'krookodile','',553,11,1,0,0,1,723),(554,'darumaka','',554,11,1,0,0,1,724),(555,'darmanitan-standard','standard',555,11,1,0,0,1,726),(556,'maractus','',556,11,1,0,0,1,730),(557,'dwebble','',557,11,1,0,0,1,731),(558,'crustle','',558,11,1,0,0,1,732),(559,'scraggy','',559,11,1,0,0,1,733),(560,'scrafty','',560,11,1,0,0,1,734),(561,'sigilyph','',561,11,1,0,0,1,735),(562,'yamask','',562,11,1,0,0,1,736),(563,'cofagrigus','',563,11,1,0,0,1,738),(564,'tirtouga','',564,11,1,0,0,1,739),(565,'carracosta','',565,11,1,0,0,1,740),(566,'archen','',566,11,1,0,0,1,741),(567,'archeops','',567,11,1,0,0,1,742),(568,'trubbish','',568,11,1,0,0,1,743),(569,'garbodor','',569,11,1,0,0,1,744),(570,'zorua','',570,11,1,0,0,1,745),(571,'zoroark','',571,11,1,0,0,1,746),(572,'minccino','',572,11,1,0,0,1,747),(573,'cinccino','',573,11,1,0,0,1,748),(574,'gothita','',574,11,1,0,0,1,749),(575,'gothorita','',575,11,1,0,0,1,750),(576,'gothitelle','',576,11,1,0,0,1,751),(577,'solosis','',577,11,1,0,0,1,752),(578,'duosion','',578,11,1,0,0,1,753),(579,'reuniclus','',579,11,1,0,0,1,754),(580,'ducklett','',580,11,1,0,0,1,755),(581,'swanna','',581,11,1,0,0,1,756),(582,'vanillite','',582,11,1,0,0,1,757),(583,'vanillish','',583,11,1,0,0,1,758),(584,'vanilluxe','',584,11,1,0,0,1,759),(585,'deerling-spring','spring',585,11,1,0,0,1,760),(586,'sawsbuck-spring','spring',586,11,1,0,0,1,764),(587,'emolga','',587,11,1,0,0,1,768),(588,'karrablast','',588,11,1,0,0,1,769),(589,'escavalier','',589,11,1,0,0,1,770),(590,'foongus','',590,11,1,0,0,1,771),(591,'amoonguss','',591,11,1,0,0,1,772),(592,'frillish','',592,11,1,0,0,1,773),(593,'jellicent','',593,11,1,0,0,1,774),(594,'alomomola','',594,11,1,0,0,1,775),(595,'joltik','',595,11,1,0,0,1,776),(596,'galvantula','',596,11,1,0,0,1,777),(597,'ferroseed','',597,11,1,0,0,1,778),(598,'ferrothorn','',598,11,1,0,0,1,779),(599,'klink','',599,11,1,0,0,1,780),(600,'klang','',600,11,1,0,0,1,781),(601,'klinklang','',601,11,1,0,0,1,782),(602,'tynamo','',602,11,1,0,0,1,783),(603,'eelektrik','',603,11,1,0,0,1,784),(604,'eelektross','',604,11,1,0,0,1,785),(605,'elgyem','',605,11,1,0,0,1,786),(606,'beheeyem','',606,11,1,0,0,1,787),(607,'litwick','',607,11,1,0,0,1,788),(608,'lampent','',608,11,1,0,0,1,789),(609,'chandelure','',609,11,1,0,0,1,790),(610,'axew','',610,11,1,0,0,1,791),(611,'fraxure','',611,11,1,0,0,1,792),(612,'haxorus','',612,11,1,0,0,1,793),(613,'cubchoo','',613,11,1,0,0,1,794),(614,'beartic','',614,11,1,0,0,1,795),(615,'cryogonal','',615,11,1,0,0,1,796),(616,'shelmet','',616,11,1,0,0,1,797),(617,'accelgor','',617,11,1,0,0,1,798),(618,'stunfisk','',618,11,1,0,0,1,799),(619,'mienfoo','',619,11,1,0,0,1,801),(620,'mienshao','',620,11,1,0,0,1,802),(621,'druddigon','',621,11,1,0,0,1,803),(622,'golett','',622,11,1,0,0,1,804),(623,'golurk','',623,11,1,0,0,1,805),(624,'pawniard','',624,11,1,0,0,1,806),(625,'bisharp','',625,11,1,0,0,1,807),(626,'bouffalant','',626,11,1,0,0,1,808),(627,'rufflet','',627,11,1,0,0,1,809),(628,'braviary','',628,11,1,0,0,1,810),(629,'vullaby','',629,11,1,0,0,1,811),(630,'mandibuzz','',630,11,1,0,0,1,812),(631,'heatmor','',631,11,1,0,0,1,813),(632,'durant','',632,11,1,0,0,1,814),(633,'deino','',633,11,1,0,0,1,815),(634,'zweilous','',634,11,1,0,0,1,816),(635,'hydreigon','',635,11,1,0,0,1,817),(636,'larvesta','',636,11,1,0,0,1,818),(637,'volcarona','',637,11,1,0,0,1,819),(638,'cobalion','',638,11,1,0,0,1,820),(639,'terrakion','',639,11,1,0,0,1,821),(640,'virizion','',640,11,1,0,0,1,822),(641,'tornadus-incarnate','incarnate',641,11,1,0,0,1,823),(642,'thundurus-incarnate','incarnate',642,11,1,0,0,1,825),(643,'reshiram','',643,11,1,0,0,1,827),(644,'zekrom','',644,11,1,0,0,1,828),(645,'landorus-incarnate','incarnate',645,11,1,0,0,1,829),(646,'kyurem','',646,11,1,0,0,1,831),(647,'keldeo-ordinary','ordinary',647,11,1,0,0,1,834),(648,'meloetta-aria','aria',648,11,1,0,0,1,836),(649,'genesect','',649,11,1,0,0,1,838),(650,'chespin','',650,15,1,0,0,1,843),(651,'quilladin','',651,15,1,0,0,1,844),(652,'chesnaught','',652,15,1,0,0,1,845),(653,'fennekin','',653,15,1,0,0,1,846),(654,'braixen','',654,15,1,0,0,1,847),(655,'delphox','',655,15,1,0,0,1,848),(656,'froakie','',656,15,1,0,0,1,849),(657,'frogadier','',657,15,1,0,0,1,850),(658,'greninja','',658,15,1,0,0,1,851),(659,'bunnelby','',659,15,1,0,0,1,854),(660,'diggersby','',660,15,1,0,0,1,855),(661,'fletchling','',661,15,1,0,0,1,856),(662,'fletchinder','',662,15,1,0,0,1,857),(663,'talonflame','',663,15,1,0,0,1,858),(664,'scatterbug-icy-snow','icy-snow',664,15,1,0,0,1,859),(665,'spewpa-icy-snow','icy-snow',665,15,1,0,0,1,879),(666,'vivillon-meadow','meadow',666,15,1,0,0,7,905),(667,'litleo','',667,15,1,0,0,1,919),(668,'pyroar','',668,15,1,0,0,1,920),(669,'flabebe-red','red',669,15,1,0,0,1,921),(670,'floette-red','red',670,15,1,0,0,1,926),(671,'florges-red','red',671,15,1,0,0,1,932),(672,'skiddo','',672,15,1,0,0,1,937),(673,'gogoat','',673,15,1,0,0,1,938),(674,'pancham','',674,15,1,0,0,1,939),(675,'pangoro','',675,15,1,0,0,1,940),(676,'furfrou-natural','natural',676,15,1,0,0,1,941),(677,'espurr','',677,15,1,0,0,1,951),(678,'meowstic-male','male',678,15,1,0,0,1,952),(679,'honedge','',679,15,1,0,0,1,954),(680,'doublade','',680,15,1,0,0,1,955),(681,'aegislash-shield','shield',681,15,1,0,0,1,956),(682,'spritzee','',682,15,1,0,0,1,958),(683,'aromatisse','',683,15,1,0,0,1,959),(684,'swirlix','',684,15,1,0,0,1,960),(685,'slurpuff','',685,15,1,0,0,1,961),(686,'inkay','',686,15,1,0,0,1,962),(687,'malamar','',687,15,1,0,0,1,963),(688,'binacle','',688,15,1,0,0,1,964),(689,'barbaracle','',689,15,1,0,0,1,965),(690,'skrelp','',690,15,1,0,0,1,966),(691,'dragalge','',691,15,1,0,0,1,967),(692,'clauncher','',692,15,1,0,0,1,968),(693,'clawitzer','',693,15,1,0,0,1,969),(694,'helioptile','',694,15,1,0,0,1,970),(695,'heliolisk','',695,15,1,0,0,1,971),(696,'tyrunt','',696,15,1,0,0,1,972),(697,'tyrantrum','',697,15,1,0,0,1,973),(698,'amaura','',698,15,1,0,0,1,974),(699,'aurorus','',699,15,1,0,0,1,975),(700,'sylveon','',700,15,1,0,0,1,225),(701,'hawlucha','',701,15,1,0,0,1,976),(702,'dedenne','',702,15,1,0,0,1,977),(703,'carbink','',703,15,1,0,0,1,978),(704,'goomy','',704,15,1,0,0,1,979),(705,'sliggoo','',705,15,1,0,0,1,980),(706,'goodra','',706,15,1,0,0,1,981),(707,'klefki','',707,15,1,0,0,1,982),(708,'phantump','',708,15,1,0,0,1,983),(709,'trevenant','',709,15,1,0,0,1,984),(710,'pumpkaboo-average','average',710,15,1,0,0,1,985),(711,'gourgeist-average','average',711,15,1,0,0,1,989),(712,'bergmite','',712,15,1,0,0,1,993),(713,'avalugg','',713,15,1,0,0,1,994),(714,'noibat','',714,15,1,0,0,1,995),(715,'noivern','',715,15,1,0,0,1,996),(716,'xerneas-active','active',716,15,1,1,0,2,998),(717,'yveltal','',717,15,1,0,0,1,999),(718,'zygarde-50','50',718,15,1,0,0,1,1000),(719,'diancie','',719,15,1,0,0,1,1005),(720,'hoopa','confined',720,15,1,0,0,1,1007),(721,'volcanion','',721,15,1,0,0,1,1009),(722,'rowlet','',722,17,1,0,0,1,1010),(723,'dartrix','',723,17,1,0,0,1,1011),(724,'decidueye','',724,17,1,0,0,1,1012),(725,'litten','',725,17,1,0,0,1,1013),(726,'torracat','',726,17,1,0,0,1,1014),(727,'incineroar','',727,17,1,0,0,1,1015),(728,'popplio','',728,17,1,0,0,1,1016),(729,'brionne','',729,17,1,0,0,1,1017),(730,'primarina','',730,17,1,0,0,1,1018),(731,'pikipek','',731,17,1,0,0,1,1019),(732,'trumbeak','',732,17,1,0,0,1,1020),(733,'toucannon','',733,17,1,0,0,1,1021),(734,'yungoos','',734,17,1,0,0,1,1022),(735,'gumshoos','',735,17,1,0,0,1,1023),(736,'grubbin','',736,17,1,0,0,1,1025),(737,'charjabug','',737,17,1,0,0,1,1026),(738,'vikavolt','',738,17,1,0,0,1,1027),(739,'crabrawler','',739,17,1,0,0,1,1029),(740,'crabominable','',740,17,1,0,0,1,1030),(741,'oricorio-baile','baile',741,17,1,0,0,1,1031),(742,'cutiefly','',742,17,1,0,0,1,1035),(743,'ribombee','',743,17,1,0,0,1,1036),(744,'rockruff','',744,17,1,0,0,1,1038),(745,'lycanroc-midday','midday',745,17,1,0,0,1,1040),(746,'wishiwashi-solo','solo',746,17,1,0,0,1,1043),(747,'mareanie','',747,17,1,0,0,1,1045),(748,'toxapex','',748,17,1,0,0,1,1046),(749,'mudbray','',749,17,1,0,0,1,1047),(750,'mudsdale','',750,17,1,0,0,1,1048),(751,'dewpider','',751,17,1,0,0,1,1049),(752,'araquanid','',752,17,1,0,0,1,1050),(753,'fomantis','',753,17,1,0,0,1,1052),(754,'lurantis','',754,17,1,0,0,1,1053),(755,'morelull','',755,17,1,0,0,1,1055),(756,'shiinotic','',756,17,1,0,0,1,1056),(757,'salandit','',757,17,1,0,0,1,1057),(758,'salazzle','',758,17,1,0,0,1,1058),(759,'stufful','',759,17,1,0,0,1,1060),(760,'bewear','',760,17,1,0,0,1,1061),(761,'bounsweet','',761,17,1,0,0,1,1062),(762,'steenee','',762,17,1,0,0,1,1063),(763,'tsareena','',763,17,1,0,0,1,1064),(764,'comfey','',764,17,1,0,0,1,1065),(765,'oranguru','',765,17,1,0,0,1,1066),(766,'passimian','',766,17,1,0,0,1,1067),(767,'wimpod','',767,17,1,0,0,1,1068),(768,'golisopod','',768,17,1,0,0,1,1069),(769,'sandygast','',769,17,1,0,0,1,1070),(770,'palossand','',770,17,1,0,0,1,1071),(771,'pyukumuku','',771,17,1,0,0,1,1072),(772,'type-null','',772,17,1,0,0,1,1073),(773,'silvally-normal','normal',773,17,1,0,0,1,1074),(774,'minior-red-meteor','red-meteor',774,17,1,0,0,1,1092),(775,'komala','',775,17,1,0,0,1,1106),(776,'turtonator','',776,17,1,0,0,1,1107),(777,'togedemaru','',777,17,1,0,0,1,1108),(778,'mimikyu-disguised','disguised',778,17,1,0,0,1,1110),(779,'bruxish','',779,17,1,0,0,1,1114),(780,'drampa','',780,17,1,0,0,1,1115),(781,'dhelmise','',781,17,1,0,0,1,1116),(782,'jangmo-o','',782,17,1,0,0,1,1117),(783,'hakamo-o','',783,17,1,0,0,1,1118),(784,'kommo-o','',784,17,1,0,0,1,1119),(785,'tapu-koko','',785,17,1,0,0,1,1121),(786,'tapu-lele','',786,17,1,0,0,1,1122),(787,'tapu-bulu','',787,17,1,0,0,1,1123),(788,'tapu-fini','',788,17,1,0,0,1,1124),(789,'cosmog','',789,17,1,0,0,1,1125),(790,'cosmoem','',790,17,1,0,0,1,1126),(791,'solgaleo','',791,17,1,0,0,1,1127),(792,'lunala','',792,17,1,0,0,1,1128),(793,'nihilego','',793,17,1,0,0,1,1129),(794,'buzzwole','',794,17,1,0,0,1,1130),(795,'pheromosa','',795,17,1,0,0,1,1131),(796,'xurkitree','',796,17,1,0,0,1,1132),(797,'celesteela','',797,17,1,0,0,1,1133),(798,'kartana','',798,17,1,0,0,1,1134),(799,'guzzlord','',799,17,1,0,0,1,1135),(800,'necrozma','',800,17,1,0,0,1,1136),(801,'magearna','',801,17,1,0,0,1,1140),(802,'marshadow','',802,17,1,0,0,1,1142),(803,'poipole','',803,18,1,0,0,1,1143),(804,'naganadel','',804,18,1,0,0,1,1144),(805,'stakataka','',805,18,1,0,0,1,1145),(806,'blacephalon','',806,18,1,0,0,1,1146),(807,'zeraora','',807,18,1,0,0,1,1147),(808,'meltan','',808,19,1,0,0,1,1148),(809,'melmetal','',809,19,1,0,0,1,1149),(810,'grookey','',810,20,1,0,0,1,1150),(811,'thwackey','',811,20,1,0,0,1,1151),(812,'rillaboom','',812,20,1,0,0,1,1152),(813,'scorbunny','',813,20,1,0,0,1,1153),(814,'raboot','',814,20,1,0,0,1,1154),(815,'cinderace','',815,20,1,0,0,1,1155),(816,'sobble','',816,20,1,0,0,1,1156),(817,'drizzile','',817,20,1,0,0,1,1157),(818,'inteleon','',818,20,1,0,0,1,1158),(819,'skwovet','',819,20,1,0,0,1,1159),(820,'greedent','',820,20,1,0,0,1,1160),(821,'rookidee','',821,20,1,0,0,1,1161),(822,'corvisquire','',822,20,1,0,0,1,1162),(823,'corviknight','',823,20,1,0,0,1,1163),(824,'blipbug','',824,20,1,0,0,1,1164),(825,'dottler','',825,20,1,0,0,1,1165),(826,'orbeetle','',826,20,1,0,0,1,1166),(827,'nickit','',827,20,1,0,0,1,1167),(828,'thievul','',828,20,1,0,0,1,1168),(829,'gossifleur','',829,20,1,0,0,1,1169),(830,'eldegoss','',830,20,1,0,0,1,1170),(831,'wooloo','',831,20,1,0,0,1,1171),(832,'dubwool','',832,20,1,0,0,1,1172),(833,'chewtle','',833,20,1,0,0,1,1173),(834,'drednaw','',834,20,1,0,0,1,1174),(835,'yamper','',835,20,1,0,0,1,1175),(836,'boltund','',836,20,1,0,0,1,1176),(837,'rolycoly','',837,20,1,0,0,1,1177),(838,'carkol','',838,20,1,0,0,1,1178),(839,'coalossal','',839,20,1,0,0,1,1179),(840,'applin','',840,20,1,0,0,1,1180),(841,'flapple','',841,20,1,0,0,1,1181),(842,'appletun','',842,20,1,0,0,1,1182),(843,'silicobra','',843,20,1,0,0,1,1183),(844,'sandaconda','',844,20,1,0,0,1,1184),(845,'cramorant','',845,20,1,0,0,1,1185),(846,'arrokuda','',846,20,1,0,0,1,1188),(847,'barraskewda','',847,20,1,0,0,1,1189),(848,'toxel','',848,20,1,0,0,1,1190),(849,'toxtricity-amped','amped',849,20,1,0,0,1,1191),(850,'sizzlipede','',850,20,1,0,0,1,1193),(851,'centiskorch','',851,20,1,0,0,1,1194),(852,'clobbopus','',852,20,1,0,0,1,1195),(853,'grapploct','',853,20,1,0,0,1,1196),(854,'sinistea-phony','phony',854,20,1,0,0,1,1197),(855,'polteageist-phony','phony',855,20,1,0,0,1,1199),(856,'hatenna','',856,20,1,0,0,1,1201),(857,'hattrem','',857,20,1,0,0,1,1202),(858,'hatterene','',858,20,1,0,0,1,1203),(859,'impidimp','',859,20,1,0,0,1,1204),(860,'morgrem','',860,20,1,0,0,1,1205),(861,'grimmsnarl','',861,20,1,0,0,1,1206),(862,'obstagoon','',862,20,1,0,0,1,1207),(863,'perrserker','',863,20,1,0,0,1,1208),(864,'cursola','',864,20,1,0,0,1,1209),(865,'sirfetchd','',865,20,1,0,0,1,1210),(866,'mr-rime','',866,20,1,0,0,1,1211),(867,'runerigus','',867,20,1,0,0,1,1212),(868,'milcery','',868,20,1,0,0,1,1213),(869,'alcremie-vanilla-cream','vanilla-cream',869,20,1,0,0,1,1214),(870,'falinks','',870,20,1,0,0,1,1223),(871,'pincurchin','',871,20,1,0,0,1,1224),(872,'snom','',872,20,1,0,0,1,1225),(873,'frosmoth','',873,20,1,0,0,1,1226),(874,'stonjourner','',874,20,1,0,0,1,1227),(875,'eiscue-ice','ice',875,20,1,0,0,1,1228),(876,'indeedee-male','male',876,20,1,0,0,1,1230),(877,'morpeko-full-belly','full-belly',877,20,1,0,0,1,1232),(878,'cufant','',878,20,1,0,0,1,1234),(879,'copperajah','',879,20,1,0,0,1,1235),(880,'dracozolt','',880,20,1,0,0,1,1236),(881,'arctozolt','',881,20,1,0,0,1,1237),(882,'dracovish','',882,20,1,0,0,1,1238),(883,'arctovish','',883,20,1,0,0,1,1239),(884,'duraludon','',884,20,1,0,0,1,1240),(885,'dreepy','',885,20,1,0,0,1,1241),(886,'drakloak','',886,20,1,0,0,1,1242),(887,'dragapult','',887,20,1,0,0,1,1243),(888,'zacian','',888,20,1,0,0,1,1244),(889,'zamazenta','',889,20,1,0,0,1,1246),(890,'eternatus','',890,20,1,0,0,1,1248),(891,'kubfu','',891,20,1,0,0,1,1250),(892,'urshifu-single-strike','single-strike',892,20,1,0,0,1,1251),(893,'zarude','',893,20,1,0,0,1,1253),(894,'regieleki','',894,20,1,0,0,1,1255),(895,'regidrago','',895,20,1,0,0,1,1256),(896,'glastrier','',896,20,1,0,0,1,1257),(897,'spectrier','',897,20,1,0,0,1,1258),(898,'calyrex','',898,20,1,0,0,1,1259),(10001,'unown-b','b',201,3,0,0,0,2,299),(10002,'unown-c','c',201,3,0,0,0,3,300),(10003,'unown-d','d',201,3,0,0,0,4,301),(10004,'unown-e','e',201,3,0,0,0,5,302),(10005,'unown-f','f',201,3,0,0,0,6,303),(10006,'unown-g','g',201,3,0,0,0,7,304),(10007,'unown-h','h',201,3,0,0,0,8,305),(10008,'unown-i','i',201,3,0,0,0,9,306),(10009,'unown-j','j',201,3,0,0,0,10,307),(10010,'unown-k','k',201,3,0,0,0,11,308),(10011,'unown-l','l',201,3,0,0,0,12,309),(10012,'unown-m','m',201,3,0,0,0,13,310),(10013,'unown-n','n',201,3,0,0,0,14,311),(10014,'unown-o','o',201,3,0,0,0,15,312),(10015,'unown-p','p',201,3,0,0,0,16,313),(10016,'unown-q','q',201,3,0,0,0,17,314),(10017,'unown-r','r',201,3,0,0,0,18,315),(10018,'unown-s','s',201,3,0,0,0,19,316),(10019,'unown-t','t',201,3,0,0,0,20,317),(10020,'unown-u','u',201,3,0,0,0,21,318),(10021,'unown-v','v',201,3,0,0,0,22,319),(10022,'unown-w','w',201,3,0,0,0,23,320),(10023,'unown-x','x',201,3,0,0,0,24,321),(10024,'unown-y','y',201,3,0,0,0,25,322),(10025,'unown-z','z',201,3,0,0,0,26,323),(10026,'unown-exclamation','exclamation',201,5,0,0,0,27,324),(10027,'unown-question','question',201,5,0,0,0,28,325),(10028,'castform-sunny','sunny',10013,5,1,1,0,2,493),(10029,'castform-rainy','rainy',10014,5,1,1,0,3,494),(10030,'castform-snowy','snowy',10015,5,1,1,0,4,495),(10031,'deoxys-attack','attack',10001,7,1,0,0,2,543),(10032,'deoxys-defense','defense',10002,7,1,0,0,3,544),(10033,'deoxys-speed','speed',10003,6,1,0,0,4,545),(10034,'burmy-sandy','sandy',412,8,0,0,0,2,570),(10035,'burmy-trash','trash',412,8,0,0,0,3,571),(10036,'wormadam-sandy','sandy',10004,8,1,0,0,2,573),(10037,'wormadam-trash','trash',10005,8,1,0,0,3,574),(10038,'cherrim-sunshine','sunshine',421,8,0,1,0,2,585),(10039,'shellos-east','east',422,8,0,0,0,2,587),(10040,'gastrodon-east','east',423,8,0,0,0,2,589),(10041,'arceus-bug','bug',493,8,0,0,0,7,649),(10042,'arceus-dark','dark',493,8,0,0,0,17,659),(10043,'arceus-dragon','dragon',493,8,0,0,0,16,658),(10044,'arceus-electric','electric',493,8,0,0,0,13,655),(10045,'arceus-fighting','fighting',493,8,0,0,0,2,644),(10046,'arceus-fire','fire',493,8,0,0,0,10,652),(10047,'arceus-flying','flying',493,8,0,0,0,3,645),(10048,'arceus-ghost','ghost',493,8,0,0,0,8,650),(10049,'arceus-grass','grass',493,8,0,0,0,12,654),(10050,'arceus-ground','ground',493,8,0,0,0,5,647),(10051,'arceus-ice','ice',493,8,0,0,0,15,657),(10052,'arceus-poison','poison',493,8,0,0,0,4,646),(10053,'arceus-psychic','psychic',493,8,0,0,0,14,656),(10054,'arceus-rock','rock',493,8,0,0,0,6,648),(10055,'arceus-steel','steel',493,8,0,0,0,9,651),(10056,'arceus-water','water',493,8,0,0,0,11,653),(10057,'arceus-unknown','unknown',493,8,0,0,0,19,661),(10058,'rotom-heat','heat',10008,9,1,0,0,2,623),(10059,'rotom-wash','wash',10009,9,1,0,0,3,624),(10060,'rotom-frost','frost',10010,9,1,0,0,4,625),(10061,'rotom-fan','fan',10011,9,1,0,0,5,626),(10062,'rotom-mow','mow',10012,9,1,0,0,6,627),(10063,'giratina-origin','origin',10007,9,1,0,0,2,636),(10064,'shaymin-sky','sky',10006,9,1,0,0,2,642),(10065,'pichu-spiky-eared','spiky-eared',172,10,0,0,0,2,35),(10066,'basculin-blue-striped','blue-striped',10016,11,1,0,0,2,720),(10067,'darmanitan-zen','zen',10017,11,1,1,0,2,727),(10068,'deerling-summer','summer',585,11,0,0,0,2,761),(10069,'deerling-autumn','autumn',585,11,0,0,0,3,762),(10070,'deerling-winter','winter',585,11,0,0,0,4,763),(10071,'sawsbuck-summer','summer',586,11,0,0,0,2,765),(10072,'sawsbuck-autumn','autumn',586,11,0,0,0,3,766),(10073,'sawsbuck-winter','winter',586,11,0,0,0,4,767),(10074,'meloetta-pirouette','pirouette',10018,11,1,1,0,2,837),(10075,'genesect-douse','douse',649,11,0,0,0,2,839),(10076,'genesect-shock','shock',649,11,0,0,0,3,840),(10077,'genesect-burn','burn',649,11,0,0,0,4,841),(10078,'genesect-chill','chill',649,11,0,0,0,5,842),(10079,'tornadus-therian','therian',10019,14,1,0,0,2,824),(10080,'thundurus-therian','therian',10020,14,1,0,0,2,826),(10081,'landorus-therian','therian',10021,14,1,0,0,2,830),(10082,'kyurem-black','black',10022,14,1,0,0,3,833),(10083,'kyurem-white','white',10023,14,1,0,0,2,832),(10084,'keldeo-resolute','resolute',10024,14,1,0,0,2,835),(10085,'arceus-fairy','fairy',493,15,0,0,0,18,660),(10086,'vivillon-icy-snow','icy-snow',666,15,0,0,0,1,899),(10087,'vivillon-polar','polar',666,15,0,0,0,2,900),(10088,'vivillon-tundra','tundra',666,15,0,0,0,3,901),(10089,'vivillon-continental','continental',666,15,0,0,0,4,902),(10090,'vivillon-garden','garden',666,15,0,0,0,5,903),(10091,'vivillon-elegant','elegant',666,15,0,0,0,6,904),(10092,'vivillon-modern','modern',666,15,0,0,0,8,906),(10093,'vivillon-marine','marine',666,15,0,0,0,9,907),(10094,'vivillon-archipelago','archipelago',666,15,0,0,0,10,908),(10095,'vivillon-high-plains','high-plains',666,15,0,0,0,11,909),(10096,'vivillon-sandstorm','sandstorm',666,15,0,0,0,12,910),(10097,'vivillon-river','river',666,15,0,0,0,13,911),(10098,'vivillon-monsoon','monsoon',666,15,0,0,0,14,912),(10099,'vivillon-savanna','savanna',666,15,0,0,0,15,913),(10100,'vivillon-sun','sun',666,15,0,0,0,16,914),(10101,'vivillon-ocean','ocean',666,15,0,0,0,17,915),(10102,'vivillon-jungle','jungle',666,15,0,0,0,18,916),(10103,'flabebe-yellow','yellow',669,15,0,0,0,2,922),(10104,'flabebe-orange','orange',669,15,0,0,0,3,923),(10105,'flabebe-blue','blue',669,15,0,0,0,4,924),(10106,'flabebe-white','white',669,15,0,0,0,5,925),(10107,'floette-yellow','yellow',670,15,0,0,0,2,927),(10108,'floette-orange','orange',670,15,0,0,0,3,928),(10109,'floette-blue','blue',670,15,0,0,0,4,929),(10110,'floette-white','white',670,15,0,0,0,5,930),(10111,'florges-yellow','yellow',671,15,0,0,0,2,933),(10112,'florges-orange','orange',671,15,0,0,0,3,934),(10113,'florges-blue','blue',671,15,0,0,0,4,935),(10114,'florges-white','white',671,15,0,0,0,5,936),(10115,'furfrou-heart','heart',676,15,0,0,0,2,942),(10116,'furfrou-star','star',676,15,0,0,0,3,943),(10117,'furfrou-diamond','diamond',676,15,0,0,0,4,944),(10118,'furfrou-debutante','debutante',676,15,0,0,0,5,945),(10119,'furfrou-matron','matron',676,15,0,0,0,6,946),(10120,'furfrou-dandy','dandy',676,15,0,0,0,7,947),(10121,'furfrou-la-reine','la-reine',676,15,0,0,0,8,948),(10122,'furfrou-kabuki','kabuki',676,15,0,0,0,9,949),(10123,'furfrou-pharaoh','pharaoh',676,15,0,0,0,10,950),(10124,'meowstic-female','female',10025,15,1,0,0,2,953),(10125,'aegislash-blade','blade',10026,15,1,1,0,2,957),(10126,'pumpkaboo-small','small',10027,15,1,0,0,2,986),(10127,'pumpkaboo-large','large',10028,15,1,0,0,3,987),(10128,'pumpkaboo-super','super',10029,15,1,0,0,4,988),(10129,'gourgeist-small','small',10030,15,1,0,0,2,990),(10130,'gourgeist-large','large',10031,15,1,0,0,3,991),(10131,'gourgeist-super','super',10032,15,1,0,0,4,992),(10132,'xerneas-neutral','neutral',716,15,0,0,0,1,997),(10133,'venusaur-mega','mega',10033,15,1,1,1,2,4),(10134,'charizard-mega-x','mega-x',10034,15,1,1,1,2,8),(10135,'charizard-mega-y','mega-y',10035,15,1,1,1,3,9),(10136,'blastoise-mega','mega',10036,15,1,1,1,2,13),(10137,'alakazam-mega','mega',10037,15,1,1,1,2,107),(10138,'gengar-mega','mega',10038,15,1,1,1,2,151),(10139,'kangaskhan-mega','mega',10039,15,1,1,1,2,186),(10140,'pinsir-mega','mega',10040,15,1,1,1,2,209),(10141,'gyarados-mega','mega',10041,15,1,1,1,2,213),(10142,'aerodactyl-mega','mega',10042,15,1,1,1,2,234),(10143,'mewtwo-mega-x','mega-x',10043,15,1,1,1,2,247),(10144,'mewtwo-mega-y','mega-y',10044,15,1,1,1,3,248),(10145,'ampharos-mega','mega',10045,15,1,1,1,2,277),(10146,'scizor-mega','mega',10046,15,1,1,1,2,199),(10147,'heracross-mega','mega',10047,15,1,1,1,2,339),(10148,'houndoom-mega','mega',10048,15,1,1,1,2,359),(10149,'tyranitar-mega','mega',10049,15,1,1,1,2,371),(10150,'blaziken-mega','mega',10050,15,1,1,1,2,382),(10151,'gardevoir-mega','mega',10051,15,1,1,1,2,411),(10152,'mawile-mega','mega',10052,15,1,1,1,2,436),(10153,'aggron-mega','mega',10053,15,1,1,1,2,440),(10154,'medicham-mega','mega',10054,15,1,1,1,2,443),(10155,'manectric-mega','mega',10055,15,1,1,1,2,446),(10156,'banette-mega','mega',10056,15,1,1,1,2,499),(10157,'absol-mega','mega',10057,15,1,1,1,2,507),(10158,'garchomp-mega','mega',10058,15,1,1,1,2,606),(10159,'lucario-mega','mega',10059,15,1,1,1,2,609),(10160,'abomasnow-mega','mega',10060,15,1,1,1,2,621),(10161,'vivillon-fancy','fancy',666,15,0,0,0,19,917),(10162,'vivillon-poke-ball','poke-ball',666,15,0,0,0,20,918),(10163,'floette-eternal','eternal',10061,15,1,0,0,6,931),(10164,'latias-mega','mega',10062,15,1,1,1,2,532),(10165,'latios-mega','mega',10063,15,1,1,1,2,534),(10166,'swampert-mega','mega',10064,16,1,1,1,2,386),(10167,'sceptile-mega','mega',10065,16,1,1,1,2,378),(10168,'sableye-mega','mega',10066,16,1,1,1,2,434),(10169,'altaria-mega','mega',10067,16,1,1,1,2,475),(10170,'gallade-mega','mega',10068,16,1,1,1,2,413),(10171,'audino-mega','mega',10069,16,1,1,1,2,700),(10172,'sharpedo-mega','mega',10070,16,1,1,1,2,458),(10173,'slowbro-mega','mega',10071,16,1,1,1,2,129),(10174,'steelix-mega','mega',10072,16,1,1,1,2,154),(10175,'pidgeot-mega','mega',10073,16,1,1,1,2,24),(10176,'glalie-mega','mega',10074,16,1,1,1,2,510),(10177,'diancie-mega','mega',10075,16,1,1,1,2,1006),(10178,'metagross-mega','mega',10076,16,1,1,1,2,527),(10179,'kyogre-primal','primal',10077,16,1,1,0,2,536),(10180,'groudon-primal','primal',10078,16,1,1,0,2,538),(10181,'rayquaza-mega','mega',10079,16,1,1,1,2,540),(10182,'pikachu-rock-star','rock-star',10080,16,1,0,0,3,38),(10183,'pikachu-belle','belle',10081,16,1,0,0,4,39),(10184,'pikachu-pop-star','pop-star',10082,16,1,0,0,5,40),(10185,'pikachu-phd','phd',10083,16,1,0,0,6,41),(10186,'pikachu-libre','libre',10084,16,1,0,0,7,42),(10187,'pikachu-cosplay','cosplay',10085,16,1,0,0,2,37),(10188,'hoopa-unbound','unbound',10086,16,1,0,0,2,1008),(10189,'camerupt-mega','mega',10087,16,1,1,1,2,463),(10190,'lopunny-mega','mega',10088,16,1,1,1,2,594),(10191,'salamence-mega','mega',10089,16,1,1,1,2,523),(10192,'beedrill-mega','mega',10090,16,1,1,1,2,20),(10193,'rattata-alola','alola',10091,17,1,0,0,2,26),(10194,'raticate-alola','alola',10092,17,1,0,0,2,28),(10195,'raticate-totem-alola','totem-alola',10093,17,1,1,0,3,29),(10196,'pikachu-original-cap','original-cap',10094,17,1,0,0,8,43),(10197,'pikachu-hoenn-cap','hoenn-cap',10095,17,1,0,0,9,44),(10198,'pikachu-sinnoh-cap','sinnoh-cap',10096,17,1,0,0,10,45),(10199,'pikachu-unova-cap','unova-cap',10097,17,1,0,0,11,46),(10200,'pikachu-kalos-cap','kalos-cap',10098,17,1,0,0,12,47),(10201,'pikachu-alola-cap','alola-cap',10099,17,1,0,0,13,48),(10202,'raichu-alola','alola',10100,17,1,0,0,2,53),(10203,'sandshrew-alola','alola',10101,17,1,0,0,2,55),(10204,'sandslash-alola','alola',10102,17,1,0,0,2,57),(10205,'vulpix-alola','alola',10103,17,1,0,0,2,68),(10206,'ninetales-alola','alola',10104,17,1,0,0,2,70),(10207,'diglett-alola','alola',10105,17,1,0,0,2,86),(10208,'dugtrio-alola','alola',10106,17,1,0,0,2,88),(10209,'meowth-alola','alola',10107,17,1,0,0,2,90),(10210,'persian-alola','alola',10108,17,1,0,0,2,93),(10211,'geodude-alola','alola',10109,17,1,0,0,2,117),(10212,'graveler-alola','alola',10110,17,1,0,0,2,119),(10213,'golem-alola','alola',10111,17,1,0,0,2,121),(10214,'grimer-alola','alola',10112,17,1,0,0,2,143),(10215,'muk-alola','alola',10113,17,1,0,0,2,145),(10216,'exeggutor-alola','alola',10114,17,1,0,0,2,163),(10217,'marowak-alola','alola',10115,17,1,0,0,2,166),(10218,'greninja-battle-bond','battle-bond',10116,17,1,0,0,2,852),(10219,'greninja-ash','ash',10117,17,1,1,0,3,853),(10220,'zygarde-10-power-construct','10-power-construct',10118,17,1,0,0,3,1002),(10221,'zygarde-50-power-construct','50-power-construct',10119,17,1,0,0,4,1003),(10222,'zygarde-complete','complete',10120,17,1,0,0,5,1004),(10223,'gumshoos-totem','totem',10121,17,1,1,0,2,1024),(10224,'vikavolt-totem','totem',10122,17,1,1,0,2,1028),(10225,'oricorio-pom-pom','pom-pom',10123,17,1,0,0,2,1032),(10226,'oricorio-pau','pau',10124,17,1,0,0,3,1033),(10227,'oricorio-sensu','sensu',10125,17,1,0,0,4,1034),(10228,'lycanroc-midnight','midnight',10126,17,1,0,0,2,1041),(10229,'wishiwashi-school','school',10127,17,1,1,0,2,1044),(10230,'lurantis-totem','totem',10128,17,1,1,0,2,1054),(10231,'salazzle-totem','totem',10129,17,1,1,0,2,1059),(10232,'silvally-fighting','fighting',773,17,0,0,0,2,1075),(10233,'silvally-flying','flying',773,17,0,0,0,3,1076),(10234,'silvally-poison','poison',773,17,0,0,0,4,1077),(10235,'silvally-ground','ground',773,17,0,0,0,5,1078),(10236,'silvally-rock','rock',773,17,0,0,0,6,1079),(10237,'silvally-bug','bug',773,17,0,0,0,7,1080),(10238,'silvally-ghost','ghost',773,17,0,0,0,8,1081),(10239,'silvally-steel','steel',773,17,0,0,0,9,1082),(10240,'silvally-fire','fire',773,17,0,0,0,10,1083),(10241,'silvally-water','water',773,17,0,0,0,11,1084),(10242,'silvally-grass','grass',773,17,0,0,0,12,1085),(10243,'silvally-electric','electric',773,17,0,0,0,13,1086),(10244,'silvally-psychic','psychic',773,17,0,0,0,14,1087),(10245,'silvally-ice','ice',773,17,0,0,0,15,1088),(10246,'silvally-dragon','dragon',773,17,0,0,0,16,1089),(10247,'silvally-dark','dark',773,17,0,0,0,17,1090),(10248,'silvally-fairy','fairy',773,17,0,0,0,18,1091),(10249,'minior-orange-meteor','orange-meteor',10130,17,1,1,0,2,1093),(10250,'minior-yellow-meteor','yellow-meteor',10131,17,1,1,0,3,1094),(10251,'minior-green-meteor','green-meteor',10132,17,1,1,0,4,1095),(10252,'minior-blue-meteor','blue-meteor',10133,17,1,1,0,5,1096),(10253,'minior-indigo-meteor','indigo-meteor',10134,17,1,1,0,6,1097),(10254,'minior-violet-meteor','violet-meteor',10135,17,1,1,0,7,1098),(10255,'minior-red','red',10136,17,1,0,0,8,1099),(10256,'minior-orange','orange',10137,17,1,0,0,9,1100),(10257,'minior-yellow','yellow',10138,17,1,0,0,10,1101),(10258,'minior-green','green',10139,17,1,0,0,11,1102),(10259,'minior-blue','blue',10140,17,1,0,0,12,1103),(10260,'minior-indigo','indigo',10141,17,1,0,0,13,1104),(10261,'minior-violet','violet',10142,17,1,0,0,14,1105),(10262,'mimikyu-busted','busted',10143,17,1,1,0,2,1111),(10263,'mimikyu-totem-disguised','totem-disguised',10144,17,1,1,0,3,1112),(10264,'mimikyu-totem-busted','totem-busted',10145,17,1,1,0,4,1113),(10265,'kommo-o-totem','totem',10146,17,1,1,0,2,1120),(10266,'magearna-original','original',10147,17,1,0,0,2,1141),(10267,'pikachu-partner-cap','partner-cap',10148,18,1,0,0,14,49),(10268,'marowak-totem','totem',10149,18,1,0,0,3,167),(10269,'mothim-sandy','sandy',414,18,0,0,0,2,576),(10270,'mothim-trash','trash',414,18,0,0,0,3,577),(10271,'scatterbug-polar','polar',664,18,0,0,0,2,860),(10272,'scatterbug-tundra','tundra',664,18,0,0,0,3,861),(10273,'scatterbug-continental','continental',664,18,0,0,0,4,862),(10274,'scatterbug-garden','garden',664,18,0,0,0,5,863),(10275,'scatterbug-elegant','elegant',664,18,0,0,0,6,864),(10276,'scatterbug-meadow','meadow',664,18,0,0,0,7,865),(10277,'scatterbug-modern','modern',664,18,0,0,0,8,866),(10278,'scatterbug-marine','marine',664,18,0,0,0,9,867),(10279,'scatterbug-archipelago','archipelago',664,18,0,0,0,10,868),(10280,'scatterbug-high-plains','high-plains',664,18,0,0,0,11,869),(10281,'scatterbug-sandstorm','sandstorm',664,18,0,0,0,12,870),(10282,'scatterbug-river','river',664,18,0,0,0,13,871),(10283,'scatterbug-monsoon','monsoon',664,18,0,0,0,14,872),(10284,'scatterbug-savanna','savanna',664,18,0,0,0,15,873),(10285,'scatterbug-sun','sun',664,18,0,0,0,16,874),(10286,'scatterbug-ocean','ocean',664,18,0,0,0,17,875),(10287,'scatterbug-jungle','jungle',664,18,0,0,0,18,876),(10288,'scatterbug-fancy','fancy',664,18,0,0,0,19,877),(10289,'scatterbug-poke-ball','poke-ball',664,18,0,0,0,20,878),(10290,'spewpa-polar','polar',665,18,0,0,0,2,880),(10291,'spewpa-tundra','tundra',665,18,0,0,0,3,881),(10292,'spewpa-continental','continental',665,18,0,0,0,4,882),(10293,'spewpa-garden','garden',665,18,0,0,0,5,883),(10294,'spewpa-elegant','elegant',665,18,0,0,0,6,884),(10295,'spewpa-meadow','meadow',665,18,0,0,0,7,885),(10296,'spewpa-modern','modern',665,18,0,0,0,8,886),(10297,'spewpa-marine','marine',665,18,0,0,0,9,887),(10298,'spewpa-archipelago','archipelago',665,18,0,0,0,10,888),(10299,'spewpa-high-plains','high-plains',665,18,0,0,0,11,889),(10300,'spewpa-sandstorm','sandstorm',665,18,0,0,0,12,890),(10301,'spewpa-river','river',665,18,0,0,0,13,891),(10302,'spewpa-monsoon','monsoon',665,18,0,0,0,14,892),(10303,'spewpa-savanna','savanna',665,18,0,0,0,15,893),(10304,'spewpa-sun','sun',665,18,0,0,0,16,894),(10305,'spewpa-ocean','ocean',665,18,0,0,0,17,895),(10306,'spewpa-jungle','jungle',665,18,0,0,0,18,896),(10307,'spewpa-fancy','fancy',665,18,0,0,0,19,897),(10308,'spewpa-poke-ball','poke-ball',665,18,0,0,0,20,898),(10309,'ribombee-totem','totem',10150,18,1,0,0,2,1037),(10310,'rockruff-own-tempo','own-tempo',10151,18,1,0,0,2,1039),(10311,'lycanroc-dusk','dusk',10152,18,1,0,0,3,1042),(10312,'araquanid-totem','totem',10153,18,1,0,0,2,1051),(10313,'togedemaru-totem','totem',10154,18,1,0,0,2,1109),(10314,'necrozma-dusk','dusk',10155,18,1,0,0,2,1137),(10315,'necrozma-dawn','dawn',10156,18,1,0,0,3,1138),(10316,'necrozma-ultra','ultra',10157,18,1,0,0,4,1139),(10317,'pikachu-starter','starter',10158,19,1,0,0,15,50),(10318,'eevee-starter','starter',10159,19,1,0,0,2,217),(10319,'pikachu-world-cap','world-cap',10160,20,1,0,0,16,51),(10320,'meowth-galar','galar',10161,20,1,0,0,3,91),(10321,'ponyta-galar','galar',10162,20,1,0,0,2,123),(10322,'rapidash-galar','galar',10163,20,1,0,0,2,125),(10323,'slowpoke-galar','galar',10164,20,1,0,0,2,127),(10324,'slowbro-galar','galar',10165,20,1,0,0,3,130),(10325,'farfetchd-galar','galar',10166,20,1,0,0,2,137),(10326,'weezing-galar','galar',10167,20,1,0,0,2,176),(10327,'mr-mime-galar','galar',10168,20,1,0,0,2,196),(10328,'articuno-galar','galar',10169,20,1,0,0,2,238),(10329,'zapdos-galar','galar',10170,20,1,0,0,2,240),(10330,'moltres-galar','galar',10171,20,1,0,0,2,242),(10331,'slowking-galar','galar',10172,20,1,0,0,2,132),(10332,'corsola-galar','galar',10173,20,1,0,0,2,350),(10333,'zigzagoon-galar','galar',10174,20,1,0,0,2,390),(10334,'linoone-galar','galar',10175,20,1,0,0,2,392),(10335,'darumaka-galar','galar',10176,20,1,0,0,2,725),(10336,'darmanitan-galar-standard','galar-standard',10177,20,1,0,0,3,728),(10337,'darmanitan-galar-zen','galar-zen',10178,20,1,0,0,4,729),(10338,'yamask-galar','galar',10179,20,1,0,0,2,737),(10339,'stunfisk-galar','galar',10180,20,1,0,0,2,800),(10340,'zygarde-10','10',10181,17,1,0,0,2,1001),(10341,'cramorant-gulping','gulping',10182,20,1,0,0,2,1186),(10342,'cramorant-gorging','gorging',10183,20,1,0,0,3,1187),(10343,'toxtricity-low-key','low-key',10184,20,1,0,0,2,1192),(10344,'sinistea-antique','antique',854,20,0,0,0,2,1198),(10345,'polteageist-antique','antique',855,20,0,0,0,2,1200),(10346,'alcremie-ruby-cream','ruby-cream',869,20,0,0,0,2,1215),(10347,'alcremie-matcha-cream','matcha-cream',869,20,0,0,0,3,1216),(10348,'alcremie-mint-cream','mint-cream',869,20,0,0,0,4,1217),(10349,'alcremie-lemon-cream','lemon-cream',869,20,0,0,0,5,1218),(10350,'alcremie-salted-cream','salted-cream',869,20,0,0,0,6,1219),(10351,'alcremie-ruby-swirl','ruby-swirl',869,20,0,0,0,7,1220),(10352,'alcremie-caramel-swirl','caramel-swirl',869,20,0,0,0,8,1221),(10353,'alcremie-rainbow-swirl','rainbow-swirl',869,20,0,0,0,9,1222),(10354,'eiscue-noice','noice',10185,20,1,0,0,2,1229),(10355,'indeedee-female','female',10186,20,1,0,0,2,1231),(10356,'morpeko-hangry','hangry',10187,20,1,0,0,2,1233),(10357,'zacian-crowned','crowned',10188,20,1,0,0,2,1245),(10358,'zamazenta-crowned','crowned',10189,20,1,0,0,2,1247),(10359,'eternatus-eternamax','eternamax',10190,20,1,0,0,2,1249),(10360,'urshifu-rapid-strike','rapid-strike',10191,20,1,0,0,2,1252),(10361,'zarude-dada','dada',10192,20,1,0,0,2,1254),(10362,'calyrex-ice','ice',10193,20,1,0,0,2,1260),(10363,'calyrex-shadow','shadow',10194,20,1,0,0,3,1261);
/*!40000 ALTER TABLE `pokemon_forms` ENABLE KEYS */;
UNLOCK TABLES;

--
-- Table structure for table `pokemon_habitat_names`
--

DROP TABLE IF EXISTS `pokemon_habitat_names`;
/*!40101 SET @saved_cs_client     = @@character_set_client */;
/*!40101 SET character_set_client = utf8 */;
CREATE TABLE `pokemon_habitat_names` (
  `pokemon_habitat_id` int(1) NOT NULL,
  `local_language_id` int(1) NOT NULL,
  `name` varchar(16) DEFAULT NULL,
  PRIMARY KEY (`pokemon_habitat_id`,`local_language_id`),
  KEY `FK_pokemon_habitat_lang` (`local_language_id`),
  CONSTRAINT `FK_pokemon_habitat_lang` FOREIGN KEY (`local_language_id`) REFERENCES `languages` (`id`) ON DELETE NO ACTION ON UPDATE CASCADE,
  CONSTRAINT `FK_pokemon_habitat_pokemon_habitat` FOREIGN KEY (`pokemon_habitat_id`) REFERENCES `pokemon_habitats` (`id`) ON DELETE NO ACTION ON UPDATE CASCADE
) ENGINE=InnoDB DEFAULT CHARSET=utf8mb3 COLLATE=utf8mb3_general_ci;
/*!40101 SET character_set_client = @saved_cs_client */;

--
-- Dumping data for table `pokemon_habitat_names`
--

LOCK TABLES `pokemon_habitat_names` WRITE;
/*!40000 ALTER TABLE `pokemon_habitat_names` DISABLE KEYS */;
INSERT INTO `pokemon_habitat_names` VALUES (1,5,'grottes'),(1,7,'caverna'),(1,9,'cave'),(2,5,'forêts'),(2,7,'bosque'),(2,9,'forest'),(3,5,'champs'),(3,7,'pradera'),(3,9,'grassland'),(4,5,'montagnes'),(4,7,'montaña'),(4,9,'mountain'),(5,5,'rares'),(5,7,'raro'),(5,9,'rare'),(6,5,'milieux hostiles'),(6,7,'campo'),(6,9,'rough terrain'),(7,5,'mers'),(7,7,'mar'),(7,9,'sea'),(8,5,'urbains'),(8,7,'ciudad'),(8,9,'urban'),(9,5,'marécages'),(9,7,'agua salada'),(9,9,'water\'s edge');
/*!40000 ALTER TABLE `pokemon_habitat_names` ENABLE KEYS */;
UNLOCK TABLES;

--
-- Table structure for table `pokemon_habitats`
--

DROP TABLE IF EXISTS `pokemon_habitats`;
/*!40101 SET @saved_cs_client     = @@character_set_client */;
/*!40101 SET character_set_client = utf8 */;
CREATE TABLE `pokemon_habitats` (
  `id` int(1) NOT NULL,
  `identifier` varchar(13) DEFAULT NULL,
  PRIMARY KEY (`id`),
  UNIQUE KEY `identifier` (`identifier`)
) ENGINE=InnoDB DEFAULT CHARSET=utf8mb3 COLLATE=utf8mb3_general_ci;
/*!40101 SET character_set_client = @saved_cs_client */;

--
-- Dumping data for table `pokemon_habitats`
--

LOCK TABLES `pokemon_habitats` WRITE;
/*!40000 ALTER TABLE `pokemon_habitats` DISABLE KEYS */;
INSERT INTO `pokemon_habitats` VALUES (1,'cave'),(2,'forest'),(3,'grassland'),(4,'mountain'),(5,'rare'),(6,'rough-terrain'),(7,'sea'),(8,'urban'),(9,'waters-edge');
/*!40000 ALTER TABLE `pokemon_habitats` ENABLE KEYS */;
UNLOCK TABLES;

--
-- Table structure for table `pokemon_shape_names`
--

DROP TABLE IF EXISTS `pokemon_shape_names`;
/*!40101 SET @saved_cs_client     = @@character_set_client */;
/*!40101 SET character_set_client = utf8 */;
CREATE TABLE `pokemon_shape_names` (
  `pokemon_shape_id` int(2) NOT NULL,
  `local_language_id` int(1) NOT NULL,
  `name` varchar(15) DEFAULT NULL,
  `awesome_name` varchar(17) DEFAULT NULL,
  `description` varchar(79) DEFAULT NULL,
  PRIMARY KEY (`pokemon_shape_id`,`local_language_id`),
  KEY `FK_pokemon_shape_lang` (`local_language_id`),
  CONSTRAINT `FK_pokemon_shape_lang` FOREIGN KEY (`local_language_id`) REFERENCES `languages` (`id`) ON DELETE NO ACTION ON UPDATE CASCADE,
  CONSTRAINT `FK_pokemon_shape_pokemon_shape` FOREIGN KEY (`pokemon_shape_id`) REFERENCES `pokemon_shapes` (`id`) ON DELETE NO ACTION ON UPDATE CASCADE
) ENGINE=InnoDB DEFAULT CHARSET=utf8mb3 COLLATE=utf8mb3_general_ci;
/*!40101 SET character_set_client = @saved_cs_client */;

--
-- Dumping data for table `pokemon_shape_names`
--

LOCK TABLES `pokemon_shape_names` WRITE;
/*!40000 ALTER TABLE `pokemon_shape_names` DISABLE KEYS */;
INSERT INTO `pokemon_shape_names` VALUES (1,5,'Balle','Pomacé','Pokémon constitués uniquement d\'une tête'),(1,7,'Bola','','Pokémon con un cuerpo formado únicamente por una cabeza'),(1,9,'Ball','Pomaceous','Pokémon consisting of only a head'),(2,5,'Sinueux','Caudal','Pokémon avec un corps serpentin'),(2,7,'Garabato','','Pokémon con un cuerpo con forma de serpiente, oruga o gusano y sin extremidades'),(2,9,'Squiggle','Caudal','Pokémon with serpentine bodies'),(3,5,'Poisson','Ichtyque','Pokémon disposant de nageoires'),(3,7,'Pez','','Pokémon con un cuerpo con forma de pez'),(3,9,'Fish','Ichthyic','Pokémon with fins'),(4,5,'Bras','Brachial','Pokémon constitués d\'une tête et de bras'),(4,7,'Brazos','','Pokémon con un cuerpo formado por una cabeza y brazos'),(4,9,'Arms','Brachial','Pokémon consisting of a head and arms'),(5,5,'Goutte','Alvin','Pokémon constitués d\'une tête et d\'un corps'),(5,7,'Amasijo','','Pokémon con un cuerpo formado por una cabeza y extremidades no definidas'),(5,9,'Blob','Alvine','Pokémon consisting of a head and a base'),(6,5,'Droit','Sciurine','Pokémon bipèdes disposant d\'une queue'),(6,7,'Erguido','','Pokémon bípedos, con extremidades superiores y cola'),(6,9,'Upright','Sciurine','Pokémon with a bipedal, tailed form'),(7,5,'Jambes','Crural','Pokémon constitués d\'une tête et de jambes'),(7,7,'Piernas','','Pokémon bípedos, sin extremidades superiores'),(7,9,'Legs','Crural','Pokémon consisting of a head and legs'),(8,5,'Quadrupède','Mensal','Pokémon quadrupèdes'),(8,7,'Cuadrúpedo','','Pokémon cuadrúpedos'),(8,9,'Quadruped','Mensal','Pokémon with a quadruped body'),(9,5,'Ailes','Alaire','Pokémon avec une seule paire d\'aile'),(9,7,'Alas','','Pokémon con dos alas o aletas'),(9,9,'Wings','Alar','Pokémon with a single pair of wings'),(10,5,'Tentacules','Ciliaire','Pokémon avec des tentacules ou possédant de multiples pattes'),(10,7,'Tentáculos','','Pokémon con tentáculos o varias extremidades'),(10,9,'Tentacles','Cilial','Pokémon with tentacles or a multiped body'),(11,5,'Têtes','Polycéphale','Pokémon avec un corps multiple'),(11,7,'Cabezas','','Pokémon formados por la combinación de otros Pokémon'),(11,9,'Heads','Polycephalic','Pokémon consisting of multiple bodies'),(12,5,'Humanoïde','Anthropomorphique','Pokémon bipèdes sans queue'),(12,7,'Humanoide','','Pokémon bípedos, con extremidades superiores y sin cola'),(12,9,'Humanoid','Anthropomorphic','Pokémon with a bipedal, tailless form'),(13,5,'Ailes d\'insecte','Lépidoptère','Pokémon avec deux paires d\'ailes'),(13,7,'Alas de insecto','','Pokémon tetralados'),(13,9,'Bug wings','Lepidopterous','Pokémon with two or more pairs of wings'),(14,5,'Armure','Chitineux','Pokémon avec un corps insectoïde'),(14,7,'Armadura','','Pokémon mayormente con forma de insecto y sin alas'),(14,9,'Armor','Chitinous','Pokémon with an insectoid body');
/*!40000 ALTER TABLE `pokemon_shape_names` ENABLE KEYS */;
UNLOCK TABLES;

--
-- Table structure for table `pokemon_shapes`
--

DROP TABLE IF EXISTS `pokemon_shapes`;
/*!40101 SET @saved_cs_client     = @@character_set_client */;
/*!40101 SET character_set_client = utf8 */;
CREATE TABLE `pokemon_shapes` (
  `id` int(2) NOT NULL,
  `identifier` varchar(9) DEFAULT NULL,
  PRIMARY KEY (`id`),
  UNIQUE KEY `identifier` (`identifier`)
) ENGINE=InnoDB DEFAULT CHARSET=utf8mb3 COLLATE=utf8mb3_general_ci;
/*!40101 SET character_set_client = @saved_cs_client */;

--
-- Dumping data for table `pokemon_shapes`
--

LOCK TABLES `pokemon_shapes` WRITE;
/*!40000 ALTER TABLE `pokemon_shapes` DISABLE KEYS */;
INSERT INTO `pokemon_shapes` VALUES (14,'armor'),(4,'arms'),(1,'ball'),(5,'blob'),(13,'bug-wings'),(3,'fish'),(11,'heads'),(12,'humanoid'),(7,'legs'),(8,'quadruped'),(2,'squiggle'),(10,'tentacles'),(6,'upright'),(9,'wings');
/*!40000 ALTER TABLE `pokemon_shapes` ENABLE KEYS */;
UNLOCK TABLES;

--
-- Table structure for table `pokemon_species`
--

DROP TABLE IF EXISTS `pokemon_species`;
/*!40101 SET @saved_cs_client     = @@character_set_client */;
/*!40101 SET character_set_client = utf8 */;
CREATE TABLE `pokemon_species` (
  `id` int(3) NOT NULL AUTO_INCREMENT,
  `identifier` varchar(12) DEFAULT NULL,
  `generation_id` int(1) DEFAULT NULL,
  `evolves_from_species_id` int(3) DEFAULT NULL,
  `evolution_chain_id` int(3) DEFAULT NULL,
  `color_id` int(2) DEFAULT NULL,
  `shape_id` int(2) DEFAULT NULL,
  `habitat_id` int(1) DEFAULT NULL,
  `gender_rate` int(2) DEFAULT NULL,
  `capture_rate` int(3) DEFAULT NULL,
  `base_happiness` int(3) DEFAULT NULL,
  `is_baby` int(1) DEFAULT NULL,
  `hatch_counter` int(3) DEFAULT NULL,
  `has_gender_differences` int(1) DEFAULT NULL,
  `growth_rate_id` int(1) DEFAULT NULL,
  `forms_switchable` int(1) DEFAULT NULL,
  `is_legendary` int(1) DEFAULT NULL,
  `is_mythical` int(1) DEFAULT NULL,
  `order` int(3) DEFAULT NULL,
  `conquest_order` varchar(3) DEFAULT NULL,
  PRIMARY KEY (`id`),
  UNIQUE KEY `identifier` (`identifier`),
  KEY `FK_pokemon_species_color` (`color_id`),
  KEY `FK_pokemon_species_evolves` (`evolves_from_species_id`),
  KEY `FK_pokemon_species_habitat` (`habitat_id`),
  KEY `FK_pokemon_species_shape` (`shape_id`),
  CONSTRAINT `FK_pokemon_species_color` FOREIGN KEY (`color_id`) REFERENCES `pokemon_colors` (`id`) ON DELETE NO ACTION ON UPDATE NO ACTION,
  CONSTRAINT `FK_pokemon_species_evolves` FOREIGN KEY (`evolves_from_species_id`) REFERENCES `pokemon_species` (`id`) ON DELETE NO ACTION ON UPDATE NO ACTION,
  CONSTRAINT `FK_pokemon_species_habitat` FOREIGN KEY (`habitat_id`) REFERENCES `pokemon_habitats` (`id`) ON DELETE NO ACTION ON UPDATE NO ACTION,
  CONSTRAINT `FK_pokemon_species_shape` FOREIGN KEY (`shape_id`) REFERENCES `pokemon_shapes` (`id`) ON DELETE NO ACTION ON UPDATE NO ACTION
) ENGINE=InnoDB AUTO_INCREMENT=901 DEFAULT CHARSET=utf8mb3 COLLATE=utf8mb3_general_ci;
/*!40101 SET character_set_client = @saved_cs_client */;

--
-- Dumping data for table `pokemon_species`
--

LOCK TABLES `pokemon_species` WRITE;
/*!40000 ALTER TABLE `pokemon_species` DISABLE KEYS */;
INSERT INTO `pokemon_species` VALUES (1,'bulbasaur',1,NULL,1,5,8,3,1,45,50,0,20,0,4,0,0,0,1,''),(2,'ivysaur',1,1,1,5,8,3,1,45,50,0,20,0,4,0,0,0,2,''),(3,'venusaur',1,2,1,5,8,3,1,45,50,0,20,1,4,1,0,0,3,''),(4,'charmander',1,NULL,2,8,6,4,1,45,50,0,20,0,4,0,0,0,4,'109'),(5,'charmeleon',1,4,2,8,6,4,1,45,50,0,20,0,4,0,0,0,5,'110'),(6,'charizard',1,5,2,8,6,4,1,45,50,0,20,0,4,1,0,0,6,'111'),(7,'squirtle',1,NULL,3,2,6,9,1,45,50,0,20,0,4,0,0,0,7,''),(8,'wartortle',1,7,3,2,6,9,1,45,50,0,20,0,4,0,0,0,8,''),(9,'blastoise',1,8,3,2,6,9,1,45,50,0,20,0,4,1,0,0,9,''),(10,'caterpie',1,NULL,4,5,14,2,4,255,50,0,15,0,2,0,0,0,10,''),(11,'metapod',1,10,4,5,2,2,4,120,50,0,15,0,2,0,0,0,11,''),(12,'butterfree',1,11,4,9,13,2,4,45,50,0,15,1,2,0,0,0,12,''),(13,'weedle',1,NULL,5,3,14,2,4,255,70,0,15,0,2,0,0,0,13,''),(14,'kakuna',1,13,5,10,2,2,4,120,70,0,15,0,2,0,0,0,14,''),(15,'beedrill',1,14,5,10,13,2,4,45,70,0,15,0,2,1,0,0,15,'177'),(16,'pidgey',1,NULL,6,3,9,2,4,255,70,0,15,0,4,0,0,0,16,''),(17,'pidgeotto',1,16,6,3,9,2,4,120,70,0,15,0,4,0,0,0,17,''),(18,'pidgeot',1,17,6,3,9,2,4,45,70,0,15,0,4,1,0,0,18,''),(19,'rattata',1,NULL,7,7,8,3,4,255,70,0,15,1,2,0,0,0,19,''),(20,'raticate',1,19,7,3,8,3,4,127,70,0,15,1,2,0,0,0,20,''),(21,'spearow',1,NULL,8,3,9,6,4,255,70,0,15,0,2,0,0,0,21,''),(22,'fearow',1,21,8,3,9,6,4,90,70,0,15,0,2,0,0,0,22,''),(23,'ekans',1,NULL,9,7,2,3,4,255,70,0,20,0,2,0,0,0,23,'54'),(24,'arbok',1,23,9,7,2,3,4,90,70,0,20,0,2,0,0,0,24,'55'),(25,'pikachu',1,172,10,10,8,2,4,190,50,0,10,1,2,0,0,0,25,'16'),(26,'raichu',1,25,10,10,6,2,4,75,50,0,10,1,2,0,0,0,26,'17'),(27,'sandshrew',1,NULL,11,10,6,6,4,255,50,0,20,0,2,0,0,0,27,''),(28,'sandslash',1,27,11,10,6,6,4,90,50,0,20,0,2,0,0,0,28,''),(29,'nidoran-f',1,NULL,12,2,8,3,8,235,50,0,20,0,4,0,0,0,29,''),(30,'nidorina',1,29,12,2,8,3,8,120,50,0,20,0,4,0,0,0,30,''),(31,'nidoqueen',1,30,12,2,6,3,8,45,50,0,20,0,4,0,0,0,31,''),(32,'nidoran-m',1,NULL,13,7,8,3,0,235,50,0,20,0,4,0,0,0,32,''),(33,'nidorino',1,32,13,7,8,3,0,120,50,0,20,0,4,0,0,0,33,''),(34,'nidoking',1,33,13,7,6,3,0,45,50,0,20,0,4,0,0,0,34,''),(35,'clefairy',1,173,14,6,6,4,6,150,140,0,10,0,3,0,0,0,35,''),(36,'clefable',1,35,14,6,6,4,6,25,140,0,10,0,3,0,0,0,36,''),(37,'vulpix',1,NULL,15,3,8,3,6,190,50,0,20,0,2,0,0,0,37,''),(38,'ninetales',1,37,15,10,8,3,6,75,50,0,20,0,2,0,0,0,38,''),(39,'jigglypuff',1,174,16,6,12,3,6,170,50,0,10,0,3,0,0,0,39,'21'),(40,'wigglytuff',1,39,16,6,12,3,6,50,50,0,10,0,3,0,0,0,40,'22'),(41,'zubat',1,NULL,17,7,9,1,4,255,50,0,15,1,2,0,0,0,41,'23'),(42,'golbat',1,41,17,7,9,1,4,90,50,0,15,1,2,0,0,0,42,'24'),(43,'oddish',1,NULL,18,2,7,3,4,255,50,0,20,0,4,0,0,0,43,''),(44,'gloom',1,43,18,2,12,3,4,120,50,0,20,1,4,0,0,0,44,''),(45,'vileplume',1,44,18,8,12,3,4,45,50,0,20,1,4,0,0,0,45,''),(46,'paras',1,NULL,19,8,14,2,4,190,70,0,20,0,2,0,0,0,46,''),(47,'parasect',1,46,19,8,14,2,4,75,70,0,20,0,2,0,0,0,47,''),(48,'venonat',1,NULL,20,7,12,2,4,190,70,0,20,0,2,0,0,0,48,''),(49,'venomoth',1,48,20,7,13,2,4,75,70,0,20,0,2,0,0,0,49,''),(50,'diglett',1,NULL,21,3,5,1,4,255,50,0,20,0,2,0,0,0,50,''),(51,'dugtrio',1,50,21,3,11,1,4,50,50,0,20,0,2,0,0,0,51,''),(52,'meowth',1,NULL,22,10,8,8,4,255,50,0,20,0,2,0,0,0,52,'58'),(53,'persian',1,52,22,10,8,8,4,90,50,0,20,0,2,0,0,0,53,'59'),(54,'psyduck',1,NULL,23,10,6,9,4,190,50,0,20,0,2,0,0,0,54,''),(55,'golduck',1,54,23,2,6,9,4,75,50,0,20,0,2,0,0,0,55,''),(56,'mankey',1,NULL,24,3,6,4,4,190,70,0,20,0,2,0,0,0,56,''),(57,'primeape',1,56,24,3,6,4,4,75,70,0,20,0,2,0,0,0,57,''),(58,'growlithe',1,NULL,25,3,8,3,2,190,50,0,20,0,1,0,0,0,58,''),(59,'arcanine',1,58,25,3,8,3,2,75,50,0,20,0,1,0,0,0,59,''),(60,'poliwag',1,NULL,26,2,7,9,4,255,50,0,20,0,4,0,0,0,60,''),(61,'poliwhirl',1,60,26,2,12,9,4,120,50,0,20,0,4,0,0,0,61,''),(62,'poliwrath',1,61,26,2,12,9,4,45,50,0,20,0,4,0,0,0,62,''),(63,'abra',1,NULL,27,3,6,8,2,200,50,0,20,0,4,0,0,0,63,'127'),(64,'kadabra',1,63,27,3,6,8,2,100,50,0,20,1,4,0,0,0,64,'128'),(65,'alakazam',1,64,27,3,12,8,2,50,50,0,20,1,4,1,0,0,65,'129'),(66,'machop',1,NULL,28,4,6,4,2,180,50,0,20,0,4,0,0,0,66,'98'),(67,'machoke',1,66,28,4,12,4,2,90,50,0,20,0,4,0,0,0,67,'99'),(68,'machamp',1,67,28,4,12,4,2,45,50,0,20,0,4,0,0,0,68,'100'),(69,'bellsprout',1,NULL,29,5,12,2,4,255,70,0,20,0,4,0,0,0,69,''),(70,'weepinbell',1,69,29,5,5,2,4,120,70,0,20,0,4,0,0,0,70,''),(71,'victreebel',1,70,29,5,5,2,4,45,70,0,20,0,4,0,0,0,71,''),(72,'tentacool',1,NULL,30,2,10,7,4,190,50,0,20,0,1,0,0,0,72,''),(73,'tentacruel',1,72,30,2,10,7,4,60,50,0,20,0,1,0,0,0,73,''),(74,'geodude',1,NULL,31,3,4,4,4,255,70,0,15,0,4,0,0,0,74,''),(75,'graveler',1,74,31,3,12,4,4,120,70,0,15,0,4,0,0,0,75,''),(76,'golem',1,75,31,3,12,4,4,45,70,0,15,0,4,0,0,0,76,''),(77,'ponyta',1,NULL,32,10,8,3,4,190,50,0,20,0,2,0,0,0,77,''),(78,'rapidash',1,77,32,10,8,3,4,60,50,0,20,0,2,0,0,0,78,''),(79,'slowpoke',1,NULL,33,6,8,9,4,190,50,0,20,0,2,0,0,0,79,''),(80,'slowbro',1,79,33,6,6,9,4,75,50,0,20,0,2,1,0,0,80,''),(81,'magnemite',1,NULL,34,4,4,6,-1,190,50,0,20,0,2,0,0,0,81,''),(82,'magneton',1,81,34,4,11,6,-1,60,50,0,20,0,2,0,0,0,82,''),(83,'farfetchd',1,NULL,35,3,9,3,4,45,50,0,20,0,2,0,0,0,83,''),(84,'doduo',1,NULL,36,3,7,3,4,190,70,0,20,1,2,0,0,0,84,''),(85,'dodrio',1,84,36,3,7,3,4,45,70,0,20,1,2,0,0,0,85,''),(86,'seel',1,NULL,37,9,3,7,4,190,70,0,20,0,2,0,0,0,86,''),(87,'dewgong',1,86,37,9,3,7,4,75,70,0,20,0,2,0,0,0,87,''),(88,'grimer',1,NULL,38,7,4,8,4,190,70,0,20,0,2,0,0,0,88,''),(89,'muk',1,88,38,7,4,8,4,75,70,0,20,0,2,0,0,0,89,''),(90,'shellder',1,NULL,39,7,1,7,4,190,50,0,20,0,1,0,0,0,90,''),(91,'cloyster',1,90,39,7,1,7,4,60,50,0,20,0,1,0,0,0,91,''),(92,'gastly',1,NULL,40,7,1,1,4,190,50,0,20,0,4,0,0,0,92,'112'),(93,'haunter',1,92,40,7,4,1,4,90,50,0,20,0,4,0,0,0,93,'113'),(94,'gengar',1,93,40,7,6,1,4,45,50,0,20,0,4,1,0,0,94,'114'),(95,'onix',1,NULL,41,4,2,1,4,45,50,0,25,0,2,0,0,0,95,'175'),(96,'drowzee',1,NULL,42,10,12,3,4,190,70,0,20,0,2,0,0,0,96,''),(97,'hypno',1,96,42,10,12,3,4,75,70,0,20,1,2,0,0,0,97,''),(98,'krabby',1,NULL,43,8,14,9,4,225,50,0,20,0,2,0,0,0,98,''),(99,'kingler',1,98,43,8,14,9,4,60,50,0,20,0,2,0,0,0,99,''),(100,'voltorb',1,NULL,44,8,1,8,-1,190,70,0,20,0,2,0,0,0,100,''),(101,'electrode',1,100,44,8,1,8,-1,60,70,0,20,0,2,0,0,0,101,''),(102,'exeggcute',1,NULL,45,6,11,2,4,90,50,0,20,0,1,0,0,0,102,''),(103,'exeggutor',1,102,45,10,7,2,4,45,50,0,20,0,1,0,0,0,103,''),(104,'cubone',1,NULL,46,3,6,4,4,190,50,0,20,0,2,0,0,0,104,''),(105,'marowak',1,104,46,3,6,4,4,75,50,0,20,0,2,0,0,0,105,''),(106,'hitmonlee',1,236,47,3,12,8,0,45,50,0,25,0,2,0,0,0,106,''),(107,'hitmonchan',1,236,47,3,12,8,0,45,50,0,25,0,2,0,0,0,107,''),(108,'lickitung',1,NULL,48,6,6,3,4,45,50,0,20,0,2,0,0,0,108,''),(109,'koffing',1,NULL,49,7,1,8,4,190,50,0,20,0,2,0,0,0,109,''),(110,'weezing',1,109,49,7,11,8,4,60,50,0,20,0,2,0,0,0,110,''),(111,'rhyhorn',1,NULL,50,4,8,6,4,120,50,0,20,1,1,0,0,0,111,'160'),(112,'rhydon',1,111,50,4,6,6,4,60,50,0,20,1,1,0,0,0,112,'161'),(113,'chansey',1,440,51,6,6,8,8,30,140,0,40,0,3,0,0,0,113,''),(114,'tangela',1,NULL,52,2,7,3,4,45,50,0,20,0,2,0,0,0,114,''),(115,'kangaskhan',1,NULL,53,3,6,3,8,45,50,0,20,0,2,1,0,0,115,''),(116,'horsea',1,NULL,54,2,5,7,4,225,50,0,20,0,2,0,0,0,116,''),(117,'seadra',1,116,54,2,5,7,4,75,50,0,20,0,2,0,0,0,117,''),(118,'goldeen',1,NULL,55,8,3,9,4,225,50,0,20,1,2,0,0,0,118,''),(119,'seaking',1,118,55,8,3,9,4,60,50,0,20,1,2,0,0,0,119,''),(120,'staryu',1,NULL,56,3,5,7,-1,225,50,0,20,0,1,0,0,0,120,''),(121,'starmie',1,120,56,7,5,7,-1,60,50,0,20,0,1,0,0,0,121,''),(122,'mr-mime',1,439,57,6,12,8,4,45,50,0,25,0,2,0,0,0,122,''),(123,'scyther',1,NULL,58,5,13,3,4,45,50,0,25,1,2,0,0,0,123,'188'),(124,'jynx',1,238,59,8,12,8,8,45,50,0,25,0,2,0,0,0,124,''),(125,'electabuzz',1,239,60,10,6,3,2,45,50,0,25,0,2,0,0,0,125,''),(126,'magmar',1,240,61,8,6,4,2,45,50,0,25,0,2,0,0,0,126,''),(127,'pinsir',1,NULL,62,3,12,2,4,45,50,0,25,0,1,1,0,0,127,''),(128,'tauros',1,NULL,63,3,8,3,0,45,50,0,20,0,1,0,0,0,128,''),(129,'magikarp',1,NULL,64,8,3,9,4,255,50,0,5,1,1,0,0,0,129,'13'),(130,'gyarados',1,129,64,2,2,9,4,45,50,0,5,1,1,1,0,0,130,'14'),(131,'lapras',1,NULL,65,2,3,7,4,45,50,0,40,0,1,0,0,0,131,'190'),(132,'ditto',1,NULL,66,7,1,8,-1,35,50,0,20,0,2,0,0,0,132,''),(133,'eevee',1,NULL,67,3,8,8,1,45,50,0,35,0,2,0,0,0,133,'1'),(134,'vaporeon',1,133,67,2,8,8,1,45,50,0,35,0,2,0,0,0,134,'2'),(135,'jolteon',1,133,67,10,8,8,1,45,50,0,35,0,2,0,0,0,135,'3'),(136,'flareon',1,133,67,8,8,8,1,45,50,0,35,0,2,0,0,0,136,'4'),(137,'porygon',1,NULL,68,6,7,8,-1,45,50,0,20,0,2,0,0,0,137,''),(138,'omanyte',1,NULL,69,2,10,7,1,45,50,0,30,0,2,0,0,0,138,''),(139,'omastar',1,138,69,2,10,7,1,45,50,0,30,0,2,0,0,0,139,''),(140,'kabuto',1,NULL,70,3,14,7,1,45,50,0,30,0,2,0,0,0,140,''),(141,'kabutops',1,140,70,3,6,7,1,45,50,0,30,0,2,0,0,0,141,''),(142,'aerodactyl',1,NULL,71,7,9,4,1,45,50,0,35,0,1,1,0,0,142,''),(143,'snorlax',1,446,72,1,12,4,1,25,50,0,40,0,1,0,0,0,143,'179'),(144,'articuno',1,NULL,73,2,9,5,-1,3,35,0,80,0,1,0,1,0,144,'192'),(145,'zapdos',1,NULL,74,10,9,5,-1,3,35,0,80,0,1,0,1,0,145,''),(146,'moltres',1,NULL,75,10,9,5,-1,3,35,0,80,0,1,0,1,0,146,''),(147,'dratini',1,NULL,76,2,2,9,4,45,35,0,40,0,1,0,0,0,147,'76'),(148,'dragonair',1,147,76,2,2,9,4,45,35,0,40,0,1,0,0,0,148,'77'),(149,'dragonite',1,148,76,3,6,9,4,45,35,0,40,0,1,0,0,0,149,'78'),(150,'mewtwo',1,NULL,77,7,6,5,-1,3,0,0,120,0,1,1,1,0,150,'196'),(151,'mew',1,NULL,78,6,6,5,-1,45,100,0,120,0,4,0,0,1,151,''),(152,'chikorita',2,NULL,79,5,8,3,1,45,70,0,20,0,4,0,0,0,152,''),(153,'bayleef',2,152,79,5,8,3,1,45,70,0,20,0,4,0,0,0,153,''),(154,'meganium',2,153,79,5,8,3,1,45,70,0,20,1,4,0,0,0,154,''),(155,'cyndaquil',2,NULL,80,10,12,3,1,45,70,0,20,0,4,0,0,0,155,''),(156,'quilava',2,155,80,10,8,3,1,45,70,0,20,0,4,0,0,0,156,''),(157,'typhlosion',2,156,80,10,8,3,1,45,70,0,20,0,4,0,0,0,157,''),(158,'totodile',2,NULL,81,2,6,9,1,45,70,0,20,0,4,0,0,0,158,''),(159,'croconaw',2,158,81,2,6,9,1,45,70,0,20,0,4,0,0,0,159,''),(160,'feraligatr',2,159,81,2,6,9,1,45,70,0,20,0,4,0,0,0,160,''),(161,'sentret',2,NULL,82,3,8,3,4,255,70,0,15,0,2,0,0,0,161,''),(162,'furret',2,161,82,3,8,3,4,90,70,0,15,0,2,0,0,0,162,''),(163,'hoothoot',2,NULL,83,3,9,2,4,255,50,0,15,0,2,0,0,0,163,''),(164,'noctowl',2,163,83,3,9,2,4,90,50,0,15,0,2,0,0,0,164,''),(165,'ledyba',2,NULL,84,8,9,2,4,255,70,0,15,1,3,0,0,0,165,''),(166,'ledian',2,165,84,8,9,2,4,90,70,0,15,1,3,0,0,0,166,''),(167,'spinarak',2,NULL,85,5,14,2,4,255,70,0,15,0,3,0,0,0,167,''),(168,'ariados',2,167,85,8,14,2,4,90,70,0,15,0,3,0,0,0,168,''),(169,'crobat',2,42,17,7,13,1,4,90,50,0,15,0,2,0,0,0,169,'25'),(170,'chinchou',2,NULL,86,2,3,7,4,190,50,0,20,0,1,0,0,0,170,''),(171,'lanturn',2,170,86,2,3,7,4,75,50,0,20,0,1,0,0,0,171,''),(172,'pichu',2,NULL,10,10,8,2,4,190,50,1,10,0,2,0,0,0,172,'15'),(173,'cleffa',2,NULL,14,6,6,4,6,150,140,1,10,0,3,0,0,0,173,''),(174,'igglybuff',2,NULL,16,6,12,3,6,170,50,1,10,0,3,0,0,0,174,'20'),(175,'togepi',2,NULL,87,9,12,2,1,190,50,1,10,0,3,0,0,0,175,''),(176,'togetic',2,175,87,9,12,2,1,75,50,0,10,0,3,0,0,0,176,''),(177,'natu',2,NULL,88,5,9,2,4,190,50,0,20,0,2,0,0,0,177,''),(178,'xatu',2,177,88,5,9,2,4,75,50,0,20,1,2,0,0,0,178,''),(179,'mareep',2,NULL,89,9,8,3,4,235,70,0,20,0,4,0,0,0,179,'45'),(180,'flaaffy',2,179,89,6,6,3,4,120,70,0,20,0,4,0,0,0,180,'46'),(181,'ampharos',2,180,89,10,6,3,4,45,70,0,20,0,4,1,0,0,181,'47'),(182,'bellossom',2,44,18,5,12,3,4,45,50,0,20,0,4,0,0,0,182,''),(183,'marill',2,298,90,2,6,9,4,190,50,0,10,0,3,0,0,0,183,''),(184,'azumarill',2,183,90,2,6,9,4,75,50,0,10,0,3,0,0,0,184,''),(185,'sudowoodo',2,438,91,3,12,2,4,65,50,0,20,1,2,0,0,0,185,''),(186,'politoed',2,61,26,5,12,9,4,45,50,0,20,1,4,0,0,0,186,''),(187,'hoppip',2,NULL,92,6,6,3,4,255,70,0,20,0,4,0,0,0,187,''),(188,'skiploom',2,187,92,5,6,3,4,120,70,0,20,0,4,0,0,0,188,''),(189,'jumpluff',2,188,92,2,6,3,4,45,70,0,20,0,4,0,0,0,189,''),(190,'aipom',2,NULL,93,7,6,2,4,45,70,0,20,1,3,0,0,0,190,''),(191,'sunkern',2,NULL,94,10,1,3,4,235,70,0,20,0,4,0,0,0,191,''),(192,'sunflora',2,191,94,10,12,3,4,120,70,0,20,0,4,0,0,0,192,''),(193,'yanma',2,NULL,95,8,13,2,4,75,70,0,20,0,2,0,0,0,193,''),(194,'wooper',2,NULL,96,2,7,9,4,255,50,0,20,1,2,0,0,0,194,'18'),(195,'quagsire',2,194,96,2,6,9,4,90,50,0,20,1,2,0,0,0,195,'19'),(196,'espeon',2,133,67,7,8,8,1,45,50,0,35,0,2,0,0,0,196,'5'),(197,'umbreon',2,133,67,1,8,8,1,45,35,0,35,0,2,0,0,0,197,'6'),(198,'murkrow',2,NULL,97,1,9,2,4,30,35,0,20,1,4,0,0,0,198,''),(199,'slowking',2,79,33,6,6,9,4,70,50,0,20,0,2,0,0,0,199,''),(200,'misdreavus',2,NULL,98,4,1,1,4,45,35,0,25,0,3,0,0,0,200,'183'),(201,'unown',2,NULL,99,1,1,5,-1,225,70,0,40,0,2,0,0,0,201,''),(202,'wobbuffet',2,360,100,2,5,1,4,45,50,0,20,1,2,0,0,0,202,''),(203,'girafarig',2,NULL,101,10,8,3,4,60,70,0,20,1,2,0,0,0,203,''),(204,'pineco',2,NULL,102,4,1,2,4,190,70,0,20,0,2,0,0,0,204,'56'),(205,'forretress',2,204,102,7,1,2,4,75,70,0,20,0,2,0,0,0,205,'57'),(206,'dunsparce',2,NULL,103,10,2,1,4,190,50,0,20,0,2,0,0,0,206,''),(207,'gligar',2,NULL,104,7,9,4,4,60,70,0,20,1,4,0,0,0,207,''),(208,'steelix',2,95,41,4,2,1,4,25,50,0,25,1,2,1,0,0,208,'176'),(209,'snubbull',2,NULL,105,6,12,8,6,190,70,0,20,0,3,0,0,0,209,''),(210,'granbull',2,209,105,7,6,8,6,75,70,0,20,0,3,0,0,0,210,''),(211,'qwilfish',2,NULL,106,4,3,7,4,45,50,0,20,0,2,0,0,0,211,''),(212,'scizor',2,123,58,8,13,3,4,25,50,0,25,1,2,1,0,0,212,'189'),(213,'shuckle',2,NULL,107,10,14,4,4,190,50,0,20,0,4,0,0,0,213,''),(214,'heracross',2,NULL,108,2,12,2,4,45,50,0,25,1,1,1,0,0,214,''),(215,'sneasel',2,NULL,109,1,6,2,4,60,35,0,20,1,4,0,0,0,215,'181'),(216,'teddiursa',2,NULL,110,3,6,4,4,120,70,0,20,0,2,0,0,0,216,''),(217,'ursaring',2,216,110,3,6,4,4,60,70,0,20,1,2,0,0,0,217,''),(218,'slugma',2,NULL,111,8,2,4,4,190,70,0,20,0,2,0,0,0,218,''),(219,'magcargo',2,218,111,8,2,4,4,75,70,0,20,0,2,0,0,0,219,''),(220,'swinub',2,NULL,112,3,8,1,4,225,50,0,20,0,1,0,0,0,220,''),(221,'piloswine',2,220,112,3,8,1,4,75,50,0,20,1,1,0,0,0,221,''),(222,'corsola',2,NULL,113,6,14,7,6,60,50,0,20,0,3,0,0,0,222,''),(223,'remoraid',2,NULL,114,4,3,7,4,190,50,0,20,0,2,0,0,0,223,''),(224,'octillery',2,223,114,8,10,7,4,75,50,0,20,1,2,0,0,0,224,''),(225,'delibird',2,NULL,115,8,9,4,4,45,50,0,20,0,3,0,0,0,225,''),(226,'mantine',2,458,116,7,9,7,4,25,50,0,25,0,1,0,0,0,226,''),(227,'skarmory',2,NULL,117,4,9,6,4,25,50,0,25,0,1,0,0,0,227,''),(228,'houndour',2,NULL,118,1,8,6,4,120,35,0,20,0,1,0,0,0,228,''),(229,'houndoom',2,228,118,1,8,6,4,45,35,0,20,1,1,1,0,0,229,''),(230,'kingdra',2,117,54,2,5,7,4,45,50,0,20,0,2,0,0,0,230,''),(231,'phanpy',2,NULL,119,2,8,6,4,120,70,0,20,0,2,0,0,0,231,''),(232,'donphan',2,231,119,4,8,6,4,60,70,0,20,1,2,0,0,0,232,''),(233,'porygon2',2,137,68,8,7,8,-1,45,50,0,20,0,2,0,0,0,233,''),(234,'stantler',2,NULL,120,3,8,2,4,45,70,0,20,0,1,0,0,0,234,''),(235,'smeargle',2,NULL,121,9,6,8,4,45,70,0,20,0,3,0,0,0,235,''),(236,'tyrogue',2,NULL,47,7,12,8,0,75,50,1,25,0,2,0,0,0,236,''),(237,'hitmontop',2,236,47,3,6,8,0,45,50,0,25,0,2,0,0,0,237,''),(238,'smoochum',2,NULL,59,6,12,8,8,45,50,1,25,0,2,0,0,0,238,''),(239,'elekid',2,NULL,60,10,12,3,2,45,50,1,25,0,2,0,0,0,239,''),(240,'magby',2,NULL,61,8,6,4,2,45,50,1,25,0,2,0,0,0,240,''),(241,'miltank',2,NULL,122,6,6,3,8,45,50,0,20,0,1,0,0,0,241,''),(242,'blissey',2,113,51,6,12,8,8,30,140,0,40,0,3,0,0,0,242,''),(243,'raikou',2,NULL,123,10,8,3,-1,3,35,0,80,0,1,0,1,0,243,''),(244,'entei',2,NULL,124,3,8,3,-1,3,35,0,80,0,1,0,1,0,244,''),(245,'suicune',2,NULL,125,2,8,3,-1,3,35,0,80,0,1,0,1,0,245,''),(246,'larvitar',2,NULL,126,5,6,4,4,45,35,0,40,0,1,0,0,0,246,'79'),(247,'pupitar',2,246,126,4,2,4,4,45,35,0,40,0,1,0,0,0,247,'80'),(248,'tyranitar',2,247,126,5,6,4,4,45,35,0,40,0,1,1,0,0,248,'81'),(249,'lugia',2,NULL,127,9,9,5,-1,3,0,0,120,0,1,0,1,0,249,''),(250,'ho-oh',2,NULL,128,8,9,5,-1,3,0,0,120,0,1,0,1,0,250,''),(251,'celebi',2,NULL,129,5,12,2,-1,45,100,0,120,0,4,0,0,1,251,''),(252,'treecko',3,NULL,130,5,6,2,1,45,50,0,20,0,4,0,0,0,252,'130'),(253,'grovyle',3,252,130,5,6,2,1,45,50,0,20,0,4,0,0,0,253,'131'),(254,'sceptile',3,253,130,5,6,2,1,45,50,0,20,0,4,1,0,0,254,'132'),(255,'torchic',3,NULL,131,8,7,3,1,45,50,0,20,1,4,0,0,0,255,''),(256,'combusken',3,255,131,8,6,3,1,45,50,0,20,1,4,0,0,0,256,''),(257,'blaziken',3,256,131,8,6,3,1,45,50,0,20,1,4,1,0,0,257,''),(258,'mudkip',3,NULL,132,2,8,9,1,45,50,0,20,0,4,0,0,0,258,''),(259,'marshtomp',3,258,132,2,6,9,1,45,50,0,20,0,4,0,0,0,259,''),(260,'swampert',3,259,132,2,6,9,1,45,50,0,20,0,4,1,0,0,260,''),(261,'poochyena',3,NULL,133,4,8,3,4,255,70,0,15,0,2,0,0,0,261,''),(262,'mightyena',3,261,133,4,8,3,4,127,70,0,15,0,2,0,0,0,262,''),(263,'zigzagoon',3,NULL,134,3,8,3,4,255,50,0,15,0,2,0,0,0,263,''),(264,'linoone',3,263,134,9,8,3,4,90,50,0,15,0,2,0,0,0,264,''),(265,'wurmple',3,NULL,135,8,14,2,4,255,70,0,15,0,2,0,0,0,265,''),(266,'silcoon',3,265,135,9,1,2,4,120,70,0,15,0,2,0,0,0,266,''),(267,'beautifly',3,266,135,10,13,2,4,45,70,0,15,1,2,0,0,0,267,''),(268,'cascoon',3,265,135,7,1,2,4,120,70,0,15,0,2,0,0,0,268,''),(269,'dustox',3,268,135,5,13,2,4,45,70,0,15,1,2,0,0,0,269,''),(270,'lotad',3,NULL,136,5,14,9,4,255,50,0,15,0,4,0,0,0,270,''),(271,'lombre',3,270,136,5,12,9,4,120,50,0,15,0,4,0,0,0,271,''),(272,'ludicolo',3,271,136,5,12,9,4,45,50,0,15,1,4,0,0,0,272,''),(273,'seedot',3,NULL,137,3,7,2,4,255,50,0,15,0,4,0,0,0,273,''),(274,'nuzleaf',3,273,137,3,12,2,4,120,50,0,15,1,4,0,0,0,274,''),(275,'shiftry',3,274,137,3,12,2,4,45,50,0,15,1,4,0,0,0,275,''),(276,'taillow',3,NULL,138,2,9,3,4,200,70,0,15,0,4,0,0,0,276,''),(277,'swellow',3,276,138,2,9,3,4,45,70,0,15,0,4,0,0,0,277,''),(278,'wingull',3,NULL,139,9,9,7,4,190,50,0,20,0,2,0,0,0,278,''),(279,'pelipper',3,278,139,10,9,7,4,45,50,0,20,0,2,0,0,0,279,''),(280,'ralts',3,NULL,140,9,12,8,4,235,35,0,20,0,1,0,0,0,280,'9'),(281,'kirlia',3,280,140,9,12,8,4,120,35,0,20,0,1,0,0,0,281,'10'),(282,'gardevoir',3,281,140,9,12,8,4,45,35,0,20,0,1,1,0,0,282,'11'),(283,'surskit',3,NULL,141,2,14,9,4,200,70,0,15,0,2,0,0,0,283,''),(284,'masquerain',3,283,141,2,13,9,4,75,70,0,15,0,2,0,0,0,284,''),(285,'shroomish',3,NULL,142,3,7,2,4,255,70,0,15,0,6,0,0,0,285,''),(286,'breloom',3,285,142,5,6,2,4,90,70,0,15,0,6,0,0,0,286,''),(287,'slakoth',3,NULL,143,3,8,2,4,255,70,0,15,0,1,0,0,0,287,''),(288,'vigoroth',3,287,143,9,6,2,4,120,70,0,15,0,1,0,0,0,288,''),(289,'slaking',3,288,143,3,12,2,4,45,70,0,15,0,1,0,0,0,289,''),(290,'nincada',3,NULL,144,4,14,2,4,255,50,0,15,0,5,0,0,0,290,''),(291,'ninjask',3,290,144,10,13,2,4,120,50,0,15,0,5,0,0,0,291,''),(292,'shedinja',3,290,144,3,5,2,-1,45,50,0,15,0,5,0,0,0,292,''),(293,'whismur',3,NULL,145,6,6,1,4,190,50,0,20,0,4,0,0,0,293,''),(294,'loudred',3,293,145,2,6,1,4,120,50,0,20,0,4,0,0,0,294,''),(295,'exploud',3,294,145,2,6,1,4,45,50,0,20,0,4,0,0,0,295,''),(296,'makuhita',3,NULL,146,10,12,4,2,180,70,0,20,0,6,0,0,0,296,''),(297,'hariyama',3,296,146,3,12,4,2,200,70,0,20,0,6,0,0,0,297,''),(298,'azurill',3,NULL,90,2,7,9,6,150,50,1,10,0,3,0,0,0,298,''),(299,'nosepass',3,NULL,147,4,12,1,4,255,70,0,20,0,2,0,0,0,299,''),(300,'skitty',3,NULL,148,6,8,2,6,255,70,0,15,0,3,0,0,0,300,''),(301,'delcatty',3,300,148,7,8,2,6,60,70,0,15,0,3,0,0,0,301,''),(302,'sableye',3,NULL,149,7,12,1,4,45,35,0,25,0,4,1,0,0,302,''),(303,'mawile',3,NULL,150,1,12,1,4,45,50,0,20,0,3,1,0,0,303,''),(304,'aron',3,NULL,151,4,8,4,4,180,35,0,35,0,1,0,0,0,304,'149'),(305,'lairon',3,304,151,4,8,4,4,90,35,0,35,0,1,0,0,0,305,'150'),(306,'aggron',3,305,151,4,6,4,4,45,35,0,35,0,1,1,0,0,306,'151'),(307,'meditite',3,NULL,152,2,12,4,4,180,70,0,20,1,2,0,0,0,307,''),(308,'medicham',3,307,152,8,12,4,4,90,70,0,20,1,2,1,0,0,308,''),(309,'electrike',3,NULL,153,5,8,3,4,120,50,0,20,0,1,0,0,0,309,''),(310,'manectric',3,309,153,10,8,3,4,45,50,0,20,0,1,1,0,0,310,''),(311,'plusle',3,NULL,154,10,6,3,4,200,70,0,20,0,2,0,0,0,311,''),(312,'minun',3,NULL,155,10,6,3,4,200,70,0,20,0,2,0,0,0,312,''),(313,'volbeat',3,NULL,156,4,6,2,0,150,70,0,15,0,5,0,0,0,313,''),(314,'illumise',3,NULL,157,7,12,2,8,150,70,0,15,0,6,0,0,0,314,''),(315,'roselia',3,406,158,5,12,3,4,150,50,0,20,1,4,0,0,0,315,''),(316,'gulpin',3,NULL,159,5,4,3,4,225,70,0,20,1,6,0,0,0,316,''),(317,'swalot',3,316,159,7,4,3,4,75,70,0,20,1,6,0,0,0,317,''),(318,'carvanha',3,NULL,160,8,3,7,4,225,35,0,20,0,1,0,0,0,318,''),(319,'sharpedo',3,318,160,2,3,7,4,60,35,0,20,0,1,1,0,0,319,''),(320,'wailmer',3,NULL,161,2,3,7,4,125,50,0,40,0,6,0,0,0,320,''),(321,'wailord',3,320,161,2,3,7,4,60,50,0,40,0,6,0,0,0,321,''),(322,'numel',3,NULL,162,10,8,4,4,255,70,0,20,1,2,0,0,0,322,''),(323,'camerupt',3,322,162,8,8,4,4,150,70,0,20,1,2,1,0,0,323,''),(324,'torkoal',3,NULL,163,3,8,4,4,90,50,0,20,0,2,0,0,0,324,''),(325,'spoink',3,NULL,164,1,4,4,4,255,70,0,20,0,3,0,0,0,325,''),(326,'grumpig',3,325,164,7,6,4,4,60,70,0,20,0,3,0,0,0,326,''),(327,'spinda',3,NULL,165,3,6,4,4,255,70,0,15,0,3,0,0,0,327,''),(328,'trapinch',3,NULL,166,3,14,6,4,255,50,0,20,0,4,0,0,0,328,''),(329,'vibrava',3,328,166,5,13,6,4,120,50,0,20,0,4,0,0,0,329,''),(330,'flygon',3,329,166,5,9,6,4,45,50,0,20,0,4,0,0,0,330,''),(331,'cacnea',3,NULL,167,5,12,6,4,190,35,0,20,0,4,0,0,0,331,''),(332,'cacturne',3,331,167,5,12,6,4,60,35,0,20,1,4,0,0,0,332,''),(333,'swablu',3,NULL,168,2,9,2,4,255,50,0,20,0,5,0,0,0,333,''),(334,'altaria',3,333,168,2,9,2,4,45,50,0,20,0,5,1,0,0,334,''),(335,'zangoose',3,NULL,169,9,6,3,4,90,70,0,20,0,5,0,0,0,335,''),(336,'seviper',3,NULL,170,1,2,3,4,90,70,0,20,0,6,0,0,0,336,''),(337,'lunatone',3,NULL,171,10,1,1,-1,45,50,0,25,0,3,0,0,0,337,''),(338,'solrock',3,NULL,172,8,1,1,-1,45,50,0,25,0,3,0,0,0,338,''),(339,'barboach',3,NULL,173,4,3,9,4,190,50,0,20,0,2,0,0,0,339,''),(340,'whiscash',3,339,173,2,3,9,4,75,50,0,20,0,2,0,0,0,340,''),(341,'corphish',3,NULL,174,8,14,9,4,205,50,0,15,0,6,0,0,0,341,''),(342,'crawdaunt',3,341,174,8,14,9,4,155,50,0,15,0,6,0,0,0,342,''),(343,'baltoy',3,NULL,175,3,4,6,-1,255,50,0,20,0,2,0,0,0,343,''),(344,'claydol',3,343,175,1,4,6,-1,90,50,0,20,0,2,0,0,0,344,''),(345,'lileep',3,NULL,176,7,5,7,1,45,50,0,30,0,5,0,0,0,345,''),(346,'cradily',3,345,176,5,5,7,1,45,50,0,30,0,5,0,0,0,346,''),(347,'anorith',3,NULL,177,4,14,9,1,45,50,0,30,0,5,0,0,0,347,'171'),(348,'armaldo',3,347,177,4,6,9,1,45,50,0,30,0,5,0,0,0,348,'172'),(349,'feebas',3,NULL,178,3,3,9,4,255,50,0,20,0,5,0,0,0,349,''),(350,'milotic',3,349,178,6,2,9,4,60,50,0,20,1,5,0,0,0,350,''),(351,'castform',3,NULL,179,4,1,3,4,45,70,0,25,0,2,1,0,0,351,''),(352,'kecleon',3,NULL,180,5,6,2,4,200,70,0,20,0,4,0,0,0,352,''),(353,'shuppet',3,NULL,181,1,1,8,4,225,35,0,25,0,3,0,0,0,353,''),(354,'banette',3,353,181,1,6,8,4,45,35,0,25,0,3,1,0,0,354,''),(355,'duskull',3,NULL,182,1,4,2,4,190,35,0,25,0,3,0,0,0,355,'69'),(356,'dusclops',3,355,182,1,12,2,4,90,35,0,25,0,3,0,0,0,356,'70'),(357,'tropius',3,NULL,183,5,8,2,4,200,70,0,25,0,1,0,0,0,357,''),(358,'chimecho',3,433,184,2,4,3,4,45,70,0,25,0,3,0,0,0,358,'53'),(359,'absol',3,NULL,185,9,8,4,4,30,35,0,25,0,4,1,0,0,359,''),(360,'wynaut',3,NULL,100,2,6,1,4,125,50,1,20,0,2,0,0,0,360,''),(361,'snorunt',3,NULL,186,4,12,1,4,190,50,0,20,0,2,0,0,0,361,'93'),(362,'glalie',3,361,186,4,1,1,4,75,50,0,20,0,2,1,0,0,362,'94'),(363,'spheal',3,NULL,187,2,3,7,4,255,50,0,20,0,4,0,0,0,363,'60'),(364,'sealeo',3,363,187,2,3,7,4,120,50,0,20,0,4,0,0,0,364,'61'),(365,'walrein',3,364,187,2,8,7,4,45,50,0,20,0,4,0,0,0,365,'62'),(366,'clamperl',3,NULL,188,2,1,7,4,255,70,0,20,0,5,0,0,0,366,''),(367,'huntail',3,366,188,2,2,7,4,60,70,0,20,0,5,0,0,0,367,''),(368,'gorebyss',3,366,188,6,2,7,4,60,70,0,20,0,5,0,0,0,368,''),(369,'relicanth',3,NULL,189,4,3,7,1,25,50,0,40,1,1,0,0,0,369,''),(370,'luvdisc',3,NULL,190,6,3,7,6,225,70,0,20,0,3,0,0,0,370,''),(371,'bagon',3,NULL,191,2,12,6,4,45,35,0,40,0,1,0,0,0,371,''),(372,'shelgon',3,371,191,9,8,6,4,45,35,0,40,0,1,0,0,0,372,''),(373,'salamence',3,372,191,2,8,6,4,45,35,0,40,0,1,1,0,0,373,''),(374,'beldum',3,NULL,192,2,5,6,-1,3,35,0,40,0,1,0,0,0,374,'82'),(375,'metang',3,374,192,2,4,6,-1,3,35,0,40,0,1,0,0,0,375,'83'),(376,'metagross',3,375,192,2,11,6,-1,3,35,0,40,0,1,1,0,0,376,'84'),(377,'regirock',3,NULL,193,3,12,1,-1,3,35,0,80,0,1,0,1,0,377,''),(378,'regice',3,NULL,194,2,12,1,-1,3,35,0,80,0,1,0,1,0,378,''),(379,'registeel',3,NULL,195,4,12,1,-1,3,35,0,80,0,1,0,1,0,379,'193'),(380,'latias',3,NULL,196,8,9,9,8,3,90,0,120,0,1,1,1,0,380,''),(381,'latios',3,NULL,197,2,9,9,0,3,90,0,120,0,1,1,1,0,381,''),(382,'kyogre',3,NULL,198,2,3,7,-1,3,0,0,120,0,1,1,1,0,382,''),(383,'groudon',3,NULL,199,8,6,6,-1,3,0,0,120,0,1,1,1,0,383,'194'),(384,'rayquaza',3,NULL,200,5,2,5,-1,45,0,0,120,0,1,1,1,0,384,'200'),(385,'jirachi',3,NULL,201,10,12,4,-1,3,100,0,120,0,1,0,0,1,385,''),(386,'deoxys',3,NULL,202,8,12,5,-1,3,0,0,120,0,1,1,0,1,386,''),(387,'turtwig',4,NULL,203,5,8,NULL,1,45,70,0,20,0,4,0,0,0,387,''),(388,'grotle',4,387,203,5,8,NULL,1,45,70,0,20,0,4,0,0,0,388,''),(389,'torterra',4,388,203,5,8,NULL,1,45,70,0,20,0,4,0,0,0,389,''),(390,'chimchar',4,NULL,204,3,6,NULL,1,45,70,0,20,0,4,0,0,0,390,'115'),(391,'monferno',4,390,204,3,6,NULL,1,45,70,0,20,0,4,0,0,0,391,'116'),(392,'infernape',4,391,204,3,6,NULL,1,45,70,0,20,0,4,0,0,0,392,'117'),(393,'piplup',4,NULL,205,2,12,NULL,1,45,70,0,20,0,4,0,0,0,393,'133'),(394,'prinplup',4,393,205,2,6,NULL,1,45,70,0,20,0,4,0,0,0,394,'134'),(395,'empoleon',4,394,205,2,6,NULL,1,45,70,0,20,0,4,0,0,0,395,'135'),(396,'starly',4,NULL,206,3,9,NULL,4,255,70,0,15,1,4,0,0,0,396,'26'),(397,'staravia',4,396,206,3,9,NULL,4,120,70,0,15,1,4,0,0,0,397,'27'),(398,'staraptor',4,397,206,3,9,NULL,4,45,70,0,15,1,4,0,0,0,398,'28'),(399,'bidoof',4,NULL,207,3,8,NULL,4,255,70,0,15,1,2,0,0,0,399,'29'),(400,'bibarel',4,399,207,3,6,NULL,4,127,70,0,15,1,2,0,0,0,400,'30'),(401,'kricketot',4,NULL,208,8,12,NULL,4,255,70,0,15,1,4,0,0,0,401,''),(402,'kricketune',4,401,208,8,13,NULL,4,45,70,0,15,1,4,0,0,0,402,''),(403,'shinx',4,NULL,209,2,8,NULL,4,235,50,0,20,1,4,0,0,0,403,'34'),(404,'luxio',4,403,209,2,8,NULL,4,120,100,0,20,1,4,0,0,0,404,'35'),(405,'luxray',4,404,209,2,8,NULL,4,45,50,0,20,1,4,0,0,0,405,'36'),(406,'budew',4,NULL,158,5,12,NULL,4,255,50,1,20,0,4,0,0,0,406,''),(407,'roserade',4,315,158,5,12,NULL,4,75,50,0,20,1,4,0,0,0,407,''),(408,'cranidos',4,NULL,211,2,6,NULL,1,45,70,0,30,0,5,0,0,0,408,''),(409,'rampardos',4,408,211,2,6,NULL,1,45,70,0,30,0,5,0,0,0,409,''),(410,'shieldon',4,NULL,212,4,8,NULL,1,45,70,0,30,0,5,0,0,0,410,'163'),(411,'bastiodon',4,410,212,4,8,NULL,1,45,70,0,30,0,5,0,0,0,411,'164'),(412,'burmy',4,NULL,213,5,5,NULL,4,120,70,0,15,0,2,1,0,0,412,''),(413,'wormadam',4,412,213,5,5,NULL,8,45,70,0,15,0,2,0,0,0,413,''),(414,'mothim',4,412,213,10,13,NULL,0,45,70,0,15,0,2,0,0,0,414,''),(415,'combee',4,NULL,214,10,11,NULL,1,120,50,0,15,1,4,0,0,0,415,''),(416,'vespiquen',4,415,214,10,13,NULL,8,45,50,0,15,0,4,0,0,0,416,''),(417,'pachirisu',4,NULL,215,9,8,NULL,4,200,100,0,10,1,2,0,0,0,417,''),(418,'buizel',4,NULL,216,3,8,NULL,4,190,70,0,20,1,2,0,0,0,418,''),(419,'floatzel',4,418,216,3,8,NULL,4,75,70,0,20,1,2,0,0,0,419,''),(420,'cherubi',4,NULL,217,6,11,NULL,4,190,50,0,20,0,2,0,0,0,420,''),(421,'cherrim',4,420,217,7,7,NULL,4,75,50,0,20,0,2,1,0,0,421,''),(422,'shellos',4,NULL,218,7,2,NULL,4,190,50,0,20,0,2,0,0,0,422,''),(423,'gastrodon',4,422,218,7,2,NULL,4,75,50,0,20,0,2,0,0,0,423,''),(424,'ambipom',4,190,93,7,6,NULL,4,45,100,0,20,1,3,0,0,0,424,''),(425,'drifloon',4,NULL,219,7,4,NULL,4,125,50,0,30,0,6,0,0,0,425,'167'),(426,'drifblim',4,425,219,7,4,NULL,4,60,50,0,30,0,6,0,0,0,426,'168'),(427,'buneary',4,NULL,220,3,6,NULL,4,190,0,0,20,0,2,0,0,0,427,''),(428,'lopunny',4,427,220,3,6,NULL,4,60,140,0,20,0,2,1,0,0,428,''),(429,'mismagius',4,200,98,7,1,NULL,4,45,35,0,25,0,3,0,0,0,429,'184'),(430,'honchkrow',4,198,97,1,9,NULL,4,30,35,0,20,0,4,0,0,0,430,''),(431,'glameow',4,NULL,221,4,8,NULL,6,190,70,0,20,0,3,0,0,0,431,''),(432,'purugly',4,431,221,4,8,NULL,6,75,70,0,20,0,3,0,0,0,432,''),(433,'chingling',4,NULL,184,10,12,NULL,4,120,70,1,25,0,3,0,0,0,433,'52'),(434,'stunky',4,NULL,223,7,8,NULL,4,225,50,0,20,0,2,0,0,0,434,''),(435,'skuntank',4,434,223,7,8,NULL,4,60,50,0,20,0,2,0,0,0,435,''),(436,'bronzor',4,NULL,224,5,1,NULL,-1,255,50,0,20,0,2,0,0,0,436,''),(437,'bronzong',4,436,224,5,4,NULL,-1,90,50,0,20,0,2,0,0,0,437,''),(438,'bonsly',4,NULL,91,3,7,NULL,4,255,50,1,20,0,2,0,0,0,438,''),(439,'mime-jr',4,NULL,57,6,12,NULL,4,145,50,1,25,0,2,0,0,0,439,''),(440,'happiny',4,NULL,51,6,12,NULL,8,130,140,1,40,0,3,0,0,0,440,''),(441,'chatot',4,NULL,228,1,9,NULL,4,30,35,0,20,0,4,0,0,0,441,''),(442,'spiritomb',4,NULL,229,7,5,NULL,4,100,50,0,30,0,2,0,0,0,442,'187'),(443,'gible',4,NULL,230,2,6,NULL,4,45,50,0,40,1,1,0,0,0,443,'85'),(444,'gabite',4,443,230,2,6,NULL,4,45,50,0,40,1,1,0,0,0,444,'86'),(445,'garchomp',4,444,230,2,6,NULL,4,45,50,0,40,1,1,1,0,0,445,'87'),(446,'munchlax',4,NULL,72,1,12,NULL,1,50,50,1,40,0,1,0,0,0,446,'178'),(447,'riolu',4,NULL,232,2,6,NULL,1,75,50,1,25,0,4,0,0,0,447,'50'),(448,'lucario',4,447,232,2,6,NULL,1,45,50,0,25,0,4,1,0,0,448,'51'),(449,'hippopotas',4,NULL,233,3,8,NULL,4,140,50,0,30,1,1,0,0,0,449,''),(450,'hippowdon',4,449,233,3,8,NULL,4,60,50,0,30,1,1,0,0,0,450,''),(451,'skorupi',4,NULL,234,7,14,NULL,4,120,50,0,20,0,1,0,0,0,451,'156'),(452,'drapion',4,451,234,7,14,NULL,4,45,50,0,20,0,1,0,0,0,452,'157'),(453,'croagunk',4,NULL,235,2,12,NULL,4,140,100,0,10,1,2,0,0,0,453,'88'),(454,'toxicroak',4,453,235,2,12,NULL,4,75,50,0,20,1,2,0,0,0,454,'89'),(455,'carnivine',4,NULL,236,5,10,NULL,4,200,70,0,25,0,1,0,0,0,455,'186'),(456,'finneon',4,NULL,237,2,3,NULL,4,190,70,0,20,1,5,0,0,0,456,''),(457,'lumineon',4,456,237,2,3,NULL,4,75,70,0,20,1,5,0,0,0,457,''),(458,'mantyke',4,NULL,116,2,9,NULL,4,25,50,1,25,0,1,0,0,0,458,''),(459,'snover',4,NULL,239,9,6,NULL,4,120,50,0,20,1,1,0,0,0,459,''),(460,'abomasnow',4,459,239,9,6,NULL,4,60,50,0,20,1,1,1,0,0,460,''),(461,'weavile',4,215,109,1,6,NULL,4,45,35,0,20,1,4,0,0,0,461,'182'),(462,'magnezone',4,82,34,4,4,NULL,-1,30,50,0,20,0,2,0,0,0,462,''),(463,'lickilicky',4,108,48,6,12,NULL,4,30,50,0,20,0,2,0,0,0,463,''),(464,'rhyperior',4,112,50,4,6,NULL,4,30,50,0,20,1,1,0,0,0,464,'162'),(465,'tangrowth',4,114,52,2,12,NULL,4,30,50,0,20,1,2,0,0,0,465,''),(466,'electivire',4,125,60,10,6,NULL,2,30,50,0,25,0,2,0,0,0,466,''),(467,'magmortar',4,126,61,8,6,NULL,2,30,50,0,25,0,2,0,0,0,467,''),(468,'togekiss',4,176,87,9,9,NULL,1,30,50,0,10,0,3,0,0,0,468,''),(469,'yanmega',4,193,95,5,13,NULL,4,30,70,0,20,0,2,0,0,0,469,''),(470,'leafeon',4,133,67,5,8,NULL,1,45,35,0,35,0,2,0,0,0,470,'7'),(471,'glaceon',4,133,67,2,8,NULL,1,45,35,0,35,0,2,0,0,0,471,'8'),(472,'gliscor',4,207,104,7,9,NULL,4,30,70,0,20,0,4,0,0,0,472,''),(473,'mamoswine',4,221,112,3,8,NULL,4,50,50,0,20,1,1,0,0,0,473,''),(474,'porygon-z',4,233,68,8,4,NULL,-1,30,50,0,20,0,2,0,0,0,474,''),(475,'gallade',4,281,140,9,12,NULL,0,45,35,0,20,0,1,1,0,0,475,'12'),(476,'probopass',4,299,147,4,11,NULL,4,60,70,0,20,0,2,0,0,0,476,''),(477,'dusknoir',4,356,182,1,4,NULL,4,45,35,0,25,0,3,0,0,0,477,'71'),(478,'froslass',4,361,186,9,4,NULL,8,75,50,0,20,0,2,0,0,0,478,'95'),(479,'rotom',4,NULL,240,8,1,NULL,-1,45,50,0,20,0,2,1,0,0,479,''),(480,'uxie',4,NULL,241,10,6,NULL,-1,3,140,0,80,0,1,0,1,0,480,''),(481,'mesprit',4,NULL,242,6,6,NULL,-1,3,140,0,80,0,1,0,1,0,481,''),(482,'azelf',4,NULL,243,2,6,NULL,-1,3,140,0,80,0,1,0,1,0,482,''),(483,'dialga',4,NULL,244,9,8,NULL,-1,3,0,0,120,0,1,0,1,0,483,'195'),(484,'palkia',4,NULL,245,7,6,NULL,-1,3,0,0,120,0,1,0,1,0,484,''),(485,'heatran',4,NULL,246,3,8,NULL,4,3,100,0,10,0,1,0,1,0,485,''),(486,'regigigas',4,NULL,247,9,12,NULL,-1,3,0,0,120,0,1,0,1,0,486,''),(487,'giratina',4,NULL,248,1,10,NULL,-1,3,0,0,120,0,1,1,1,0,487,''),(488,'cresselia',4,NULL,249,10,2,NULL,8,3,100,0,120,0,1,0,1,0,488,''),(489,'phione',4,NULL,250,2,4,NULL,-1,30,70,0,40,0,1,0,0,1,489,''),(490,'manaphy',4,NULL,250,2,12,NULL,-1,3,70,0,10,0,1,0,0,1,490,''),(491,'darkrai',4,NULL,252,1,12,NULL,-1,3,0,0,120,0,1,0,0,1,491,''),(492,'shaymin',4,NULL,253,5,8,NULL,-1,45,100,0,120,0,4,1,0,1,492,''),(493,'arceus',4,NULL,254,9,8,NULL,-1,3,0,0,120,0,1,1,0,1,493,'199'),(494,'victini',5,NULL,255,10,12,NULL,-1,3,100,0,120,0,1,0,0,1,494,''),(495,'snivy',5,NULL,256,5,6,NULL,1,45,70,0,20,0,4,0,0,0,495,'118'),(496,'servine',5,495,256,5,6,NULL,1,45,70,0,20,0,4,0,0,0,496,'119'),(497,'serperior',5,496,256,5,2,NULL,1,45,70,0,20,0,4,0,0,0,497,'120'),(498,'tepig',5,NULL,257,8,8,NULL,1,45,70,0,20,0,4,0,0,0,498,'121'),(499,'pignite',5,498,257,8,6,NULL,1,45,70,0,20,0,4,0,0,0,499,'122'),(500,'emboar',5,499,257,8,6,NULL,1,45,70,0,20,0,4,0,0,0,500,'123'),(501,'oshawott',5,NULL,258,2,6,NULL,1,45,70,0,20,0,4,0,0,0,501,'106'),(502,'dewott',5,501,258,2,6,NULL,1,45,70,0,20,0,4,0,0,0,502,'107'),(503,'samurott',5,502,258,2,8,NULL,1,45,70,0,20,0,4,0,0,0,503,'108'),(504,'patrat',5,NULL,259,3,8,NULL,4,255,70,0,15,0,2,0,0,0,504,''),(505,'watchog',5,504,259,3,6,NULL,4,255,70,0,20,0,2,0,0,0,505,''),(506,'lillipup',5,NULL,260,3,8,NULL,4,255,50,0,15,0,4,0,0,0,506,''),(507,'herdier',5,506,260,4,8,NULL,4,120,50,0,15,0,4,0,0,0,507,''),(508,'stoutland',5,507,260,4,8,NULL,4,45,50,0,15,0,4,0,0,0,508,''),(509,'purrloin',5,NULL,261,7,8,NULL,4,255,50,0,20,0,2,0,0,0,509,''),(510,'liepard',5,509,261,7,8,NULL,4,90,50,0,20,0,2,0,0,0,510,''),(511,'pansage',5,NULL,262,5,6,NULL,1,190,70,0,20,0,2,0,0,0,511,'136'),(512,'simisage',5,511,262,5,6,NULL,1,75,70,0,20,0,2,0,0,0,512,'137'),(513,'pansear',5,NULL,263,8,6,NULL,1,190,70,0,20,0,2,0,0,0,513,'138'),(514,'simisear',5,513,263,8,6,NULL,1,75,70,0,20,0,2,0,0,0,514,'139'),(515,'panpour',5,NULL,264,2,6,NULL,1,190,70,0,20,0,2,0,0,0,515,'140'),(516,'simipour',5,515,264,2,6,NULL,1,75,70,0,20,0,2,0,0,0,516,'141'),(517,'munna',5,NULL,265,6,8,NULL,4,190,50,0,10,0,3,0,0,0,517,'72'),(518,'musharna',5,517,265,6,12,NULL,4,75,50,0,10,0,3,0,0,0,518,'73'),(519,'pidove',5,NULL,266,4,9,NULL,4,255,50,0,15,0,4,0,0,0,519,''),(520,'tranquill',5,519,266,4,9,NULL,4,120,50,0,15,0,4,0,0,0,520,''),(521,'unfezant',5,520,266,4,9,NULL,4,45,50,0,15,1,4,0,0,0,521,''),(522,'blitzle',5,NULL,267,1,8,NULL,4,190,70,0,20,0,2,0,0,0,522,'74'),(523,'zebstrika',5,522,267,1,8,NULL,4,75,70,0,20,0,2,0,0,0,523,'75'),(524,'roggenrola',5,NULL,268,2,7,NULL,4,255,50,0,15,0,4,0,0,0,524,'40'),(525,'boldore',5,524,268,2,10,NULL,4,120,50,0,15,0,4,0,0,0,525,'41'),(526,'gigalith',5,525,268,2,10,NULL,4,45,50,0,15,0,4,0,0,0,526,'42'),(527,'woobat',5,NULL,269,2,9,NULL,4,190,50,0,15,0,2,0,0,0,527,''),(528,'swoobat',5,527,269,2,9,NULL,4,45,50,0,15,0,2,0,0,0,528,''),(529,'drilbur',5,NULL,270,4,6,NULL,4,120,50,0,20,0,2,0,0,0,529,'152'),(530,'excadrill',5,529,270,4,12,NULL,4,60,50,0,20,0,2,0,0,0,530,'153'),(531,'audino',5,NULL,271,6,6,NULL,4,255,50,0,20,0,3,1,0,0,531,'185'),(532,'timburr',5,NULL,272,4,12,NULL,2,180,70,0,20,0,4,0,0,0,532,'101'),(533,'gurdurr',5,532,272,4,12,NULL,2,90,50,0,20,0,4,0,0,0,533,'102'),(534,'conkeldurr',5,533,272,3,12,NULL,2,45,50,0,20,0,4,0,0,0,534,'103'),(535,'tympole',5,NULL,273,2,3,NULL,4,255,50,0,20,0,4,0,0,0,535,''),(536,'palpitoad',5,535,273,2,6,NULL,4,120,50,0,20,0,4,0,0,0,536,''),(537,'seismitoad',5,536,273,2,12,NULL,4,45,50,0,20,0,4,0,0,0,537,''),(538,'throh',5,NULL,274,8,12,NULL,0,45,50,0,20,0,2,0,0,0,538,''),(539,'sawk',5,NULL,275,2,12,NULL,0,45,50,0,20,0,2,0,0,0,539,''),(540,'sewaddle',5,NULL,276,10,14,NULL,4,255,70,0,15,0,4,0,0,0,540,'124'),(541,'swadloon',5,540,276,5,4,NULL,4,120,70,0,15,0,4,0,0,0,541,'125'),(542,'leavanny',5,541,276,10,12,NULL,4,45,70,0,15,0,4,0,0,0,542,'126'),(543,'venipede',5,NULL,277,8,14,NULL,4,255,50,0,15,0,4,0,0,0,543,'31'),(544,'whirlipede',5,543,277,4,1,NULL,4,120,50,0,15,0,4,0,0,0,544,'32'),(545,'scolipede',5,544,277,8,14,NULL,4,45,50,0,20,0,4,0,0,0,545,'33'),(546,'cottonee',5,NULL,278,5,1,NULL,4,190,50,0,20,0,2,0,0,0,546,'48'),(547,'whimsicott',5,546,278,5,12,NULL,4,75,50,0,20,0,2,0,0,0,547,'49'),(548,'petilil',5,NULL,279,5,5,NULL,8,190,50,0,20,0,2,0,0,0,548,'43'),(549,'lilligant',5,548,279,5,5,NULL,8,75,50,0,20,0,2,0,0,0,549,'44'),(550,'basculin',5,NULL,280,5,3,NULL,4,25,50,0,40,0,2,0,0,0,550,''),(551,'sandile',5,NULL,281,3,8,NULL,4,180,50,0,20,0,4,0,0,0,551,'66'),(552,'krokorok',5,551,281,3,8,NULL,4,90,50,0,20,0,4,0,0,0,552,'67'),(553,'krookodile',5,552,281,8,6,NULL,4,45,50,0,20,0,4,0,0,0,553,'68'),(554,'darumaka',5,NULL,282,8,12,NULL,4,120,50,0,20,0,4,0,0,0,554,'142'),(555,'darmanitan',5,554,282,8,8,NULL,4,60,50,0,20,0,4,1,0,0,555,'143'),(556,'maractus',5,NULL,283,5,5,NULL,4,255,50,0,20,0,2,0,0,0,556,''),(557,'dwebble',5,NULL,284,8,14,NULL,4,190,50,0,20,0,2,0,0,0,557,''),(558,'crustle',5,557,284,8,14,NULL,4,75,50,0,20,0,2,0,0,0,558,''),(559,'scraggy',5,NULL,285,10,6,NULL,4,180,35,0,15,0,2,0,0,0,559,'165'),(560,'scrafty',5,559,285,8,6,NULL,4,90,50,0,15,0,2,0,0,0,560,'166'),(561,'sigilyph',5,NULL,286,1,9,NULL,4,45,50,0,20,0,2,0,0,0,561,''),(562,'yamask',5,NULL,287,1,4,NULL,4,190,50,0,25,0,2,0,0,0,562,''),(563,'cofagrigus',5,562,287,10,5,NULL,4,90,50,0,25,0,2,0,0,0,563,''),(564,'tirtouga',5,NULL,288,2,8,NULL,1,45,50,0,30,0,2,0,0,0,564,''),(565,'carracosta',5,564,288,2,6,NULL,1,45,50,0,30,0,2,0,0,0,565,''),(566,'archen',5,NULL,289,10,9,NULL,1,45,50,0,30,0,2,0,0,0,566,''),(567,'archeops',5,566,289,10,9,NULL,1,45,50,0,30,0,2,0,0,0,567,''),(568,'trubbish',5,NULL,290,5,12,NULL,4,190,50,0,20,0,2,0,0,0,568,''),(569,'garbodor',5,568,290,5,12,NULL,4,60,50,0,20,0,2,0,0,0,569,''),(570,'zorua',5,NULL,291,4,8,NULL,1,75,50,0,25,0,4,0,0,0,570,'154'),(571,'zoroark',5,570,291,4,6,NULL,1,45,50,0,20,0,4,0,0,0,571,'155'),(572,'minccino',5,NULL,292,4,8,NULL,6,255,50,0,15,0,3,0,0,0,572,'96'),(573,'cinccino',5,572,292,4,8,NULL,6,60,50,0,15,0,3,0,0,0,573,'97'),(574,'gothita',5,NULL,293,7,12,NULL,6,200,50,0,20,0,4,0,0,0,574,'63'),(575,'gothorita',5,574,293,7,12,NULL,6,100,50,0,20,0,4,0,0,0,575,'64'),(576,'gothitelle',5,575,293,7,12,NULL,6,50,50,0,20,0,4,0,0,0,576,'65'),(577,'solosis',5,NULL,294,5,1,NULL,4,200,50,0,20,0,4,0,0,0,577,''),(578,'duosion',5,577,294,5,1,NULL,4,100,50,0,20,0,4,0,0,0,578,''),(579,'reuniclus',5,578,294,5,4,NULL,4,50,50,0,20,0,4,0,0,0,579,''),(580,'ducklett',5,NULL,295,2,9,NULL,4,190,70,0,20,0,2,0,0,0,580,''),(581,'swanna',5,580,295,9,9,NULL,4,45,70,0,20,0,2,0,0,0,581,''),(582,'vanillite',5,NULL,296,9,5,NULL,4,255,50,0,20,0,1,0,0,0,582,''),(583,'vanillish',5,582,296,9,5,NULL,4,120,50,0,20,0,1,0,0,0,583,''),(584,'vanilluxe',5,583,296,9,11,NULL,4,45,50,0,20,0,1,0,0,0,584,''),(585,'deerling',5,NULL,297,6,8,NULL,4,190,70,0,20,0,2,1,0,0,585,''),(586,'sawsbuck',5,585,297,3,8,NULL,4,75,70,0,20,0,2,1,0,0,586,''),(587,'emolga',5,NULL,298,9,8,NULL,4,200,50,0,20,0,2,0,0,0,587,'180'),(588,'karrablast',5,NULL,299,2,12,NULL,4,200,50,0,15,0,2,0,0,0,588,''),(589,'escavalier',5,588,299,4,4,NULL,4,75,50,0,15,0,2,0,0,0,589,''),(590,'foongus',5,NULL,300,9,4,NULL,4,190,50,0,20,0,2,0,0,0,590,''),(591,'amoonguss',5,590,300,9,4,NULL,4,75,50,0,20,0,2,0,0,0,591,''),(592,'frillish',5,NULL,301,9,10,NULL,4,190,50,0,20,1,2,0,0,0,592,''),(593,'jellicent',5,592,301,9,10,NULL,4,60,50,0,20,1,2,0,0,0,593,''),(594,'alomomola',5,NULL,302,6,3,NULL,4,75,70,0,40,0,3,0,0,0,594,''),(595,'joltik',5,NULL,303,10,14,NULL,4,190,50,0,20,0,2,0,0,0,595,'147'),(596,'galvantula',5,595,303,10,14,NULL,4,75,50,0,20,0,2,0,0,0,596,'148'),(597,'ferroseed',5,NULL,304,4,1,NULL,4,255,50,0,20,0,2,0,0,0,597,''),(598,'ferrothorn',5,597,304,4,10,NULL,4,90,50,0,20,0,2,0,0,0,598,''),(599,'klink',5,NULL,305,4,11,NULL,-1,130,50,0,20,0,4,0,0,0,599,''),(600,'klang',5,599,305,4,11,NULL,-1,60,50,0,20,0,4,0,0,0,600,''),(601,'klinklang',5,600,305,4,11,NULL,-1,30,50,0,20,0,4,0,0,0,601,''),(602,'tynamo',5,NULL,306,9,3,NULL,4,190,70,0,20,0,1,0,0,0,602,''),(603,'eelektrik',5,602,306,2,3,NULL,4,60,70,0,20,0,1,0,0,0,603,''),(604,'eelektross',5,603,306,2,3,NULL,4,30,70,0,20,0,1,0,0,0,604,''),(605,'elgyem',5,NULL,307,2,6,NULL,4,255,50,0,20,0,2,0,0,0,605,''),(606,'beheeyem',5,605,307,3,12,NULL,4,90,50,0,20,0,2,0,0,0,606,''),(607,'litwick',5,NULL,308,9,5,NULL,4,190,50,0,20,0,4,0,0,0,607,'37'),(608,'lampent',5,607,308,1,4,NULL,4,90,50,0,20,0,4,0,0,0,608,'38'),(609,'chandelure',5,608,308,1,4,NULL,4,45,50,0,20,0,4,0,0,0,609,'39'),(610,'axew',5,NULL,309,5,6,NULL,4,75,35,0,40,0,1,0,0,0,610,'144'),(611,'fraxure',5,610,309,5,6,NULL,4,60,35,0,40,0,1,0,0,0,611,'145'),(612,'haxorus',5,611,309,10,6,NULL,4,45,35,0,40,0,1,0,0,0,612,'146'),(613,'cubchoo',5,NULL,310,9,6,NULL,4,120,50,0,20,0,2,0,0,0,613,'104'),(614,'beartic',5,613,310,9,8,NULL,4,60,50,0,20,0,2,0,0,0,614,'105'),(615,'cryogonal',5,NULL,311,2,1,NULL,-1,25,50,0,25,0,2,0,0,0,615,''),(616,'shelmet',5,NULL,312,8,1,NULL,4,200,50,0,15,0,2,0,0,0,616,''),(617,'accelgor',5,616,312,8,4,NULL,4,75,50,0,15,0,2,0,0,0,617,''),(618,'stunfisk',5,NULL,313,3,3,NULL,4,75,70,0,20,0,2,0,0,0,618,''),(619,'mienfoo',5,NULL,314,10,6,NULL,4,180,50,0,25,0,4,0,0,0,619,''),(620,'mienshao',5,619,314,7,6,NULL,4,45,50,0,25,0,4,0,0,0,620,''),(621,'druddigon',5,NULL,315,8,6,NULL,4,45,50,0,30,0,2,0,0,0,621,''),(622,'golett',5,NULL,316,5,12,NULL,-1,190,50,0,25,0,2,0,0,0,622,''),(623,'golurk',5,622,316,5,12,NULL,-1,90,50,0,25,0,2,0,0,0,623,''),(624,'pawniard',5,NULL,317,8,12,NULL,4,120,35,0,20,0,2,0,0,0,624,'158'),(625,'bisharp',5,624,317,8,12,NULL,4,45,35,0,20,0,2,0,0,0,625,'159'),(626,'bouffalant',5,NULL,318,3,8,NULL,4,45,50,0,20,0,2,0,0,0,626,''),(627,'rufflet',5,NULL,319,9,9,NULL,0,190,50,0,20,0,1,0,0,0,627,'169'),(628,'braviary',5,627,319,8,9,NULL,0,60,50,0,20,0,1,0,0,0,628,'170'),(629,'vullaby',5,NULL,320,3,9,NULL,8,190,35,0,20,0,1,0,0,0,629,''),(630,'mandibuzz',5,629,320,3,9,NULL,8,60,35,0,20,0,1,0,0,0,630,''),(631,'heatmor',5,NULL,321,8,6,NULL,4,90,50,0,20,0,2,0,0,0,631,''),(632,'durant',5,NULL,322,4,14,NULL,4,90,50,0,20,0,2,0,0,0,632,''),(633,'deino',5,NULL,323,2,8,NULL,4,45,35,0,40,0,1,0,0,0,633,'90'),(634,'zweilous',5,633,323,2,8,NULL,4,45,35,0,40,0,1,0,0,0,634,'91'),(635,'hydreigon',5,634,323,2,6,NULL,4,45,35,0,40,0,1,0,0,0,635,'92'),(636,'larvesta',5,NULL,324,9,14,NULL,4,45,50,0,40,0,1,0,0,0,636,'173'),(637,'volcarona',5,636,324,9,13,NULL,4,15,50,0,40,0,1,0,0,0,637,'174'),(638,'cobalion',5,NULL,325,2,8,NULL,-1,3,35,0,80,0,1,0,1,0,638,''),(639,'terrakion',5,NULL,326,4,8,NULL,-1,3,35,0,80,0,1,0,1,0,639,'191'),(640,'virizion',5,NULL,327,5,8,NULL,-1,3,35,0,80,0,1,0,1,0,640,''),(641,'tornadus',5,NULL,328,5,4,NULL,0,3,90,0,120,0,1,1,1,0,641,''),(642,'thundurus',5,NULL,329,2,4,NULL,0,3,90,0,120,0,1,1,1,0,642,''),(643,'reshiram',5,NULL,330,9,9,NULL,-1,3,0,0,120,0,1,0,1,0,643,'197'),(644,'zekrom',5,NULL,331,1,6,NULL,-1,3,0,0,120,0,1,0,1,0,644,'198'),(645,'landorus',5,NULL,332,3,4,NULL,0,3,90,0,120,0,1,1,1,0,645,''),(646,'kyurem',5,NULL,333,4,6,NULL,-1,3,0,0,120,0,1,1,1,0,646,''),(647,'keldeo',5,NULL,334,10,8,NULL,-1,3,35,0,80,0,1,1,0,1,647,''),(648,'meloetta',5,NULL,335,9,12,NULL,-1,3,100,0,120,0,1,1,0,1,648,''),(649,'genesect',5,NULL,336,7,12,NULL,-1,3,0,0,120,0,1,1,0,1,649,''),(650,'chespin',6,NULL,337,5,6,NULL,1,45,70,0,20,0,4,0,0,0,650,''),(651,'quilladin',6,650,337,5,6,NULL,1,45,70,0,20,0,4,0,0,0,651,''),(652,'chesnaught',6,651,337,5,6,NULL,1,45,70,0,20,0,4,0,0,0,652,''),(653,'fennekin',6,NULL,338,8,8,NULL,1,45,70,0,20,0,4,0,0,0,653,''),(654,'braixen',6,653,338,8,6,NULL,1,45,70,0,20,0,4,0,0,0,654,''),(655,'delphox',6,654,338,8,6,NULL,1,45,70,0,20,0,4,0,0,0,655,''),(656,'froakie',6,NULL,339,2,8,NULL,1,45,70,0,20,0,4,0,0,0,656,''),(657,'frogadier',6,656,339,2,12,NULL,1,45,70,0,20,0,4,0,0,0,657,''),(658,'greninja',6,657,339,2,12,NULL,1,45,70,0,20,0,4,0,0,0,658,''),(659,'bunnelby',6,NULL,340,3,6,NULL,4,255,50,0,15,0,2,0,0,0,659,''),(660,'diggersby',6,659,340,3,6,NULL,4,127,50,0,15,0,2,0,0,0,660,''),(661,'fletchling',6,NULL,341,8,9,NULL,4,255,50,0,15,0,4,0,0,0,661,''),(662,'fletchinder',6,661,341,8,9,NULL,4,120,50,0,15,0,4,0,0,0,662,''),(663,'talonflame',6,662,341,8,9,NULL,4,45,50,0,15,0,4,0,0,0,663,''),(664,'scatterbug',6,NULL,342,1,14,NULL,4,255,70,0,15,0,2,0,0,0,664,''),(665,'spewpa',6,664,342,1,5,NULL,4,120,70,0,15,0,2,0,0,0,665,''),(666,'vivillon',6,665,342,9,13,NULL,4,45,70,0,15,0,2,0,0,0,666,''),(667,'litleo',6,NULL,343,3,8,NULL,7,220,70,0,20,0,4,0,0,0,667,''),(668,'pyroar',6,667,343,3,8,NULL,7,65,70,0,20,1,4,0,0,0,668,''),(669,'flabebe',6,NULL,344,9,4,NULL,8,225,70,0,20,0,2,0,0,0,669,''),(670,'floette',6,669,344,9,4,NULL,8,120,70,0,20,0,2,0,0,0,670,''),(671,'florges',6,670,344,9,4,NULL,8,45,70,0,20,0,2,0,0,0,671,''),(672,'skiddo',6,NULL,345,3,8,NULL,4,200,70,0,20,0,2,0,0,0,672,''),(673,'gogoat',6,672,345,3,8,NULL,4,45,70,0,20,0,2,0,0,0,673,''),(674,'pancham',6,NULL,346,9,6,NULL,4,220,50,0,25,0,2,0,0,0,674,''),(675,'pangoro',6,674,346,9,12,NULL,4,65,50,0,25,0,2,0,0,0,675,''),(676,'furfrou',6,NULL,347,9,8,NULL,4,160,70,0,20,0,2,1,0,0,676,''),(677,'espurr',6,NULL,348,4,6,NULL,4,190,50,0,20,0,2,0,0,0,677,''),(678,'meowstic',6,677,348,2,6,NULL,0,75,50,0,20,1,2,0,0,0,678,''),(679,'honedge',6,NULL,349,3,5,NULL,4,180,50,0,20,0,2,0,0,0,679,''),(680,'doublade',6,679,349,3,11,NULL,4,90,50,0,20,0,2,0,0,0,680,''),(681,'aegislash',6,680,349,3,5,NULL,4,45,50,0,20,0,2,1,0,0,681,''),(682,'spritzee',6,NULL,350,6,4,NULL,4,200,50,0,20,0,2,0,0,0,682,''),(683,'aromatisse',6,682,350,6,12,NULL,4,140,50,0,20,0,2,0,0,0,683,''),(684,'swirlix',6,NULL,351,9,7,NULL,4,200,50,0,20,0,2,0,0,0,684,''),(685,'slurpuff',6,684,351,9,12,NULL,4,140,50,0,20,0,2,0,0,0,685,''),(686,'inkay',6,NULL,352,2,10,NULL,4,190,50,0,20,0,2,0,0,0,686,''),(687,'malamar',6,686,352,2,5,NULL,4,80,50,0,20,0,2,0,0,0,687,''),(688,'binacle',6,NULL,353,3,11,NULL,4,120,50,0,20,0,2,0,0,0,688,''),(689,'barbaracle',6,688,353,3,11,NULL,4,45,50,0,20,0,2,0,0,0,689,''),(690,'skrelp',6,NULL,354,3,5,NULL,4,225,50,0,20,0,2,0,0,0,690,''),(691,'dragalge',6,690,354,3,5,NULL,4,55,50,0,20,0,2,0,0,0,691,''),(692,'clauncher',6,NULL,355,2,14,NULL,4,225,50,0,15,0,1,0,0,0,692,''),(693,'clawitzer',6,692,355,2,2,NULL,4,55,50,0,15,0,1,0,0,0,693,''),(694,'helioptile',6,NULL,356,10,6,NULL,4,190,50,0,20,0,2,0,0,0,694,''),(695,'heliolisk',6,694,356,10,6,NULL,4,75,50,0,20,0,2,0,0,0,695,''),(696,'tyrunt',6,NULL,357,3,6,NULL,1,45,50,0,30,0,2,0,0,0,696,''),(697,'tyrantrum',6,696,357,8,6,NULL,1,45,50,0,30,0,2,0,0,0,697,''),(698,'amaura',6,NULL,358,2,8,NULL,1,45,50,0,30,0,2,0,0,0,698,''),(699,'aurorus',6,698,358,2,8,NULL,1,45,50,0,30,0,2,0,0,0,699,''),(700,'sylveon',6,133,67,6,8,NULL,1,45,50,0,35,0,2,0,0,0,700,''),(701,'hawlucha',6,NULL,359,5,12,NULL,4,100,50,0,20,0,2,0,0,0,701,''),(702,'dedenne',6,NULL,360,10,6,NULL,4,180,50,0,20,0,2,0,0,0,702,''),(703,'carbink',6,NULL,361,4,1,NULL,-1,60,50,0,25,0,1,0,0,0,703,''),(704,'goomy',6,NULL,362,7,2,NULL,4,45,35,0,40,0,1,0,0,0,704,''),(705,'sliggoo',6,704,362,7,2,NULL,4,45,35,0,40,0,1,0,0,0,705,''),(706,'goodra',6,705,362,7,6,NULL,4,45,35,0,40,0,1,0,0,0,706,''),(707,'klefki',6,NULL,363,4,1,NULL,4,75,50,0,20,0,3,0,0,0,707,''),(708,'phantump',6,NULL,364,3,4,NULL,4,120,50,0,20,0,2,0,0,0,708,''),(709,'trevenant',6,708,364,3,10,NULL,4,60,50,0,20,0,2,0,0,0,709,''),(710,'pumpkaboo',6,NULL,365,3,1,NULL,4,120,50,0,20,0,2,0,0,0,710,''),(711,'gourgeist',6,710,365,3,5,NULL,4,60,50,0,20,0,2,0,0,0,711,''),(712,'bergmite',6,NULL,366,2,8,NULL,4,190,50,0,20,0,2,0,0,0,712,''),(713,'avalugg',6,712,366,2,8,NULL,4,55,50,0,20,0,2,0,0,0,713,''),(714,'noibat',6,NULL,367,7,9,NULL,4,190,50,0,20,0,2,0,0,0,714,''),(715,'noivern',6,714,367,7,9,NULL,4,45,50,0,20,0,2,0,0,0,715,''),(716,'xerneas',6,NULL,368,2,8,NULL,-1,45,0,0,120,0,1,1,1,0,716,''),(717,'yveltal',6,NULL,369,8,9,NULL,-1,45,0,0,120,0,1,0,1,0,717,''),(718,'zygarde',6,NULL,370,5,2,NULL,-1,3,0,0,120,0,1,0,1,0,718,''),(719,'diancie',6,NULL,371,6,4,NULL,-1,3,50,0,25,0,1,1,0,1,719,''),(720,'hoopa',6,NULL,372,7,4,NULL,-1,3,100,0,120,0,1,0,0,1,720,''),(721,'volcanion',6,NULL,373,3,8,NULL,-1,3,100,0,120,0,1,0,0,1,721,''),(722,'rowlet',7,NULL,374,3,9,NULL,1,45,50,0,15,0,4,0,0,0,722,''),(723,'dartrix',7,722,374,3,9,NULL,1,45,50,0,15,0,4,0,0,0,723,''),(724,'decidueye',7,723,374,3,9,NULL,1,45,50,0,15,0,4,0,0,0,724,''),(725,'litten',7,NULL,375,8,8,NULL,1,45,50,0,15,0,4,0,0,0,725,''),(726,'torracat',7,725,375,8,8,NULL,1,45,50,0,15,0,4,0,0,0,726,''),(727,'incineroar',7,726,375,8,6,NULL,1,45,50,0,15,0,4,0,0,0,727,''),(728,'popplio',7,NULL,376,2,3,NULL,1,45,50,0,15,0,4,0,0,0,728,''),(729,'brionne',7,728,376,2,3,NULL,1,45,50,0,15,0,4,0,0,0,729,''),(730,'primarina',7,729,376,2,3,NULL,1,45,50,0,15,0,4,0,0,0,730,''),(731,'pikipek',7,NULL,377,1,9,NULL,4,255,70,0,15,0,2,0,0,0,731,''),(732,'trumbeak',7,731,377,1,9,NULL,4,120,70,0,15,0,2,0,0,0,732,''),(733,'toucannon',7,732,377,1,9,NULL,4,45,70,0,15,0,2,0,0,0,733,''),(734,'yungoos',7,NULL,378,3,8,NULL,4,255,70,0,15,0,2,0,0,0,734,''),(735,'gumshoos',7,734,378,3,8,NULL,4,127,70,0,15,0,2,0,0,0,735,''),(736,'grubbin',7,NULL,379,4,14,NULL,4,255,50,0,15,0,2,0,0,0,736,''),(737,'charjabug',7,736,379,5,2,NULL,4,120,50,0,15,0,2,0,0,0,737,''),(738,'vikavolt',7,737,379,2,14,NULL,4,45,50,0,15,0,2,0,0,0,738,''),(739,'crabrawler',7,NULL,380,7,14,NULL,4,225,70,0,20,0,2,0,0,0,739,''),(740,'crabominable',7,739,380,9,14,NULL,4,60,70,0,20,0,2,0,0,0,740,''),(741,'oricorio',7,NULL,381,8,9,NULL,6,45,70,0,20,0,2,0,0,0,741,''),(742,'cutiefly',7,NULL,382,10,14,NULL,4,190,50,0,20,0,2,0,0,0,742,''),(743,'ribombee',7,742,382,10,13,NULL,4,75,50,0,20,0,2,0,0,0,743,''),(744,'rockruff',7,NULL,383,3,8,NULL,4,190,50,0,15,0,2,0,0,0,744,''),(745,'lycanroc',7,744,383,3,8,NULL,4,90,50,0,15,0,2,0,0,0,745,''),(746,'wishiwashi',7,NULL,384,2,3,NULL,4,60,50,0,15,0,3,0,0,0,746,''),(747,'mareanie',7,NULL,385,2,5,NULL,4,190,50,0,20,0,2,0,0,0,747,''),(748,'toxapex',7,747,385,2,10,NULL,4,75,50,0,20,0,2,0,0,0,748,''),(749,'mudbray',7,NULL,386,3,8,NULL,4,190,50,0,20,0,2,0,0,0,749,''),(750,'mudsdale',7,749,386,3,8,NULL,4,60,50,0,20,0,2,0,0,0,750,''),(751,'dewpider',7,NULL,387,5,7,NULL,4,200,50,0,15,0,2,0,0,0,751,''),(752,'araquanid',7,751,387,5,14,NULL,4,100,50,0,15,0,2,0,0,0,752,''),(753,'fomantis',7,NULL,388,6,6,NULL,4,190,50,0,20,0,2,0,0,0,753,''),(754,'lurantis',7,753,388,6,12,NULL,4,75,50,0,20,0,2,0,0,0,754,''),(755,'morelull',7,NULL,389,7,5,NULL,4,190,50,0,20,0,2,0,0,0,755,''),(756,'shiinotic',7,755,389,7,12,NULL,4,75,50,0,20,0,2,0,0,0,756,''),(757,'salandit',7,NULL,390,1,8,NULL,1,120,50,0,20,0,2,0,0,0,757,''),(758,'salazzle',7,757,390,1,8,NULL,8,45,50,0,20,0,2,0,0,0,758,''),(759,'stufful',7,NULL,391,6,8,NULL,4,140,50,0,15,0,2,0,0,0,759,''),(760,'bewear',7,759,391,6,6,NULL,4,70,50,0,15,0,2,0,0,0,760,''),(761,'bounsweet',7,NULL,392,7,7,NULL,8,235,50,0,20,0,4,0,0,0,761,''),(762,'steenee',7,761,392,7,12,NULL,8,120,50,0,20,0,4,0,0,0,762,''),(763,'tsareena',7,762,392,7,12,NULL,8,45,50,0,20,0,4,0,0,0,763,''),(764,'comfey',7,NULL,393,5,1,NULL,6,60,50,0,20,0,3,0,0,0,764,''),(765,'oranguru',7,NULL,394,9,12,NULL,4,45,50,0,20,0,1,0,0,0,765,''),(766,'passimian',7,NULL,395,9,6,NULL,4,45,50,0,20,0,1,0,0,0,766,''),(767,'wimpod',7,NULL,396,4,10,NULL,4,90,50,0,20,0,2,0,0,0,767,''),(768,'golisopod',7,767,396,4,12,NULL,4,45,50,0,20,0,2,0,0,0,768,''),(769,'sandygast',7,NULL,397,3,2,NULL,4,140,50,0,15,0,2,0,0,0,769,''),(770,'palossand',7,769,397,3,2,NULL,4,60,50,0,15,0,2,0,0,0,770,''),(771,'pyukumuku',7,NULL,398,1,2,NULL,4,60,50,0,15,0,3,0,0,0,771,''),(772,'type-null',7,NULL,399,4,8,NULL,-1,3,0,0,120,0,1,0,0,0,772,''),(773,'silvally',7,772,399,4,8,NULL,-1,3,0,0,120,0,1,0,0,0,773,''),(774,'minior',7,NULL,400,3,1,NULL,-1,30,70,0,25,0,4,0,0,0,774,''),(775,'komala',7,NULL,401,2,12,NULL,4,45,70,0,20,0,1,0,0,0,775,''),(776,'turtonator',7,NULL,402,8,6,NULL,4,70,50,0,20,0,2,0,0,0,776,''),(777,'togedemaru',7,NULL,403,4,6,NULL,4,180,50,0,10,0,2,0,0,0,777,''),(778,'mimikyu',7,NULL,404,10,2,NULL,4,45,50,0,20,0,2,0,0,0,778,''),(779,'bruxish',7,NULL,405,6,3,NULL,4,80,70,0,15,0,2,0,0,0,779,''),(780,'drampa',7,NULL,406,9,2,NULL,4,70,50,0,20,0,2,0,0,0,780,''),(781,'dhelmise',7,NULL,407,5,5,NULL,-1,25,50,0,25,0,2,0,0,0,781,''),(782,'jangmo-o',7,NULL,408,4,8,NULL,4,45,50,0,40,0,1,0,0,0,782,''),(783,'hakamo-o',7,782,408,4,6,NULL,4,45,50,0,40,0,1,0,0,0,783,''),(784,'kommo-o',7,783,408,4,6,NULL,4,45,50,0,40,0,1,0,0,0,784,''),(785,'tapu-koko',7,NULL,409,10,4,NULL,-1,3,50,0,15,0,1,0,1,0,785,''),(786,'tapu-lele',7,NULL,410,6,4,NULL,-1,3,50,0,15,0,1,0,1,0,786,''),(787,'tapu-bulu',7,NULL,411,8,4,NULL,-1,3,50,0,15,0,1,0,1,0,787,''),(788,'tapu-fini',7,NULL,412,7,4,NULL,-1,3,50,0,15,0,1,0,1,0,788,''),(789,'cosmog',7,NULL,413,2,1,NULL,-1,45,0,0,120,0,1,0,1,0,789,''),(790,'cosmoem',7,789,413,2,1,NULL,-1,45,0,0,120,0,1,0,1,0,790,''),(791,'solgaleo',7,790,413,9,8,NULL,-1,45,0,0,120,0,1,0,1,0,791,''),(792,'lunala',7,790,413,7,9,NULL,-1,45,0,0,120,0,1,0,1,0,792,''),(793,'nihilego',7,NULL,414,9,10,NULL,-1,45,0,0,120,0,1,0,0,0,793,''),(794,'buzzwole',7,NULL,415,8,10,NULL,-1,45,0,0,120,0,1,0,0,0,794,''),(795,'pheromosa',7,NULL,416,9,12,NULL,-1,45,0,0,120,0,1,0,0,0,795,''),(796,'xurkitree',7,NULL,417,1,6,NULL,-1,45,0,0,120,0,1,0,0,0,796,''),(797,'celesteela',7,NULL,418,5,12,NULL,-1,45,0,0,120,0,1,0,0,0,797,''),(798,'kartana',7,NULL,419,9,12,NULL,-1,45,0,0,120,0,1,0,0,0,798,''),(799,'guzzlord',7,NULL,420,1,6,NULL,-1,45,0,0,120,0,1,0,0,0,799,''),(800,'necrozma',7,NULL,421,1,4,NULL,-1,255,0,0,120,0,1,0,1,0,800,''),(801,'magearna',7,NULL,422,4,12,NULL,-1,3,0,0,120,0,1,0,0,1,801,''),(802,'marshadow',7,NULL,423,4,12,NULL,-1,3,0,0,120,0,1,0,0,1,802,''),(803,'poipole',7,NULL,424,7,6,NULL,-1,45,0,0,120,0,1,0,0,0,803,''),(804,'naganadel',7,803,424,7,9,NULL,-1,45,0,0,120,0,1,0,0,0,804,''),(805,'stakataka',7,NULL,425,4,8,NULL,-1,30,0,0,120,0,1,0,0,0,805,''),(806,'blacephalon',7,NULL,426,9,12,NULL,-1,30,0,0,120,0,1,0,0,0,806,''),(807,'zeraora',7,NULL,427,10,12,NULL,-1,3,0,0,120,0,1,0,0,1,807,''),(808,'meltan',7,NULL,428,4,NULL,NULL,-1,3,0,0,120,0,1,0,0,1,808,''),(809,'melmetal',7,NULL,429,4,NULL,NULL,-1,3,0,0,120,0,1,0,0,1,809,''),(810,'grookey',8,NULL,430,5,NULL,NULL,1,45,50,0,20,0,4,0,0,0,810,''),(811,'thwackey',8,810,430,5,NULL,NULL,1,45,50,0,20,0,4,0,0,0,811,''),(812,'rillaboom',8,811,430,5,NULL,NULL,1,45,50,0,20,0,4,0,0,0,812,''),(813,'scorbunny',8,NULL,431,9,NULL,NULL,1,45,50,0,20,0,4,0,0,0,813,''),(814,'raboot',8,813,431,4,NULL,NULL,1,45,50,0,20,0,4,0,0,0,814,''),(815,'cinderace',8,814,431,9,NULL,NULL,1,45,50,0,20,0,4,0,0,0,815,''),(816,'sobble',8,NULL,432,2,NULL,NULL,1,45,50,0,20,0,4,0,0,0,816,''),(817,'drizzile',8,816,432,2,NULL,NULL,1,45,50,0,20,0,4,0,0,0,817,''),(818,'inteleon',8,817,432,2,NULL,NULL,1,45,50,0,20,0,4,0,0,0,818,''),(819,'skwovet',8,NULL,433,3,NULL,NULL,4,255,50,0,20,0,2,0,0,0,819,''),(820,'greedent',8,819,433,3,NULL,NULL,4,90,50,0,20,0,2,0,0,0,820,''),(821,'rookidee',8,NULL,434,2,NULL,NULL,4,255,50,0,15,0,4,0,0,0,821,''),(822,'corvisquire',8,821,434,2,NULL,NULL,4,120,50,0,15,0,4,0,0,0,822,''),(823,'corviknight',8,822,434,7,NULL,NULL,4,45,50,0,15,0,4,0,0,0,823,''),(824,'blipbug',8,NULL,435,2,NULL,NULL,4,255,50,0,15,0,2,0,0,0,824,''),(825,'dottler',8,824,435,10,NULL,NULL,4,120,50,0,15,0,2,0,0,0,825,''),(826,'orbeetle',8,825,435,8,NULL,NULL,4,45,50,0,15,0,2,0,0,0,826,''),(827,'nickit',8,NULL,436,3,NULL,NULL,4,255,50,0,15,0,3,0,0,0,827,''),(828,'thievul',8,827,436,3,NULL,NULL,4,127,50,0,15,0,3,0,0,0,828,''),(829,'gossifleur',8,NULL,437,5,NULL,NULL,4,190,50,0,20,0,2,0,0,0,829,''),(830,'eldegoss',8,829,437,5,NULL,NULL,4,75,50,0,20,0,2,0,0,0,830,''),(831,'wooloo',8,NULL,438,9,NULL,NULL,4,255,50,0,15,0,2,0,0,0,831,''),(832,'dubwool',8,831,438,9,NULL,NULL,4,127,50,0,15,0,2,0,0,0,832,''),(833,'chewtle',8,NULL,439,5,NULL,NULL,4,255,50,0,20,0,2,0,0,0,833,''),(834,'drednaw',8,833,439,5,NULL,NULL,4,75,50,0,20,0,2,0,0,0,834,''),(835,'yamper',8,NULL,440,10,NULL,NULL,4,255,50,0,20,0,3,0,0,0,835,''),(836,'boltund',8,835,440,10,NULL,NULL,4,45,50,0,20,0,3,0,0,0,836,''),(837,'rolycoly',8,NULL,441,1,NULL,NULL,4,255,50,0,15,0,4,0,0,0,837,''),(838,'carkol',8,837,441,1,NULL,NULL,4,120,50,0,15,0,4,0,0,0,838,''),(839,'coalossal',8,838,441,1,NULL,NULL,4,45,50,0,15,0,4,0,0,0,839,''),(840,'applin',8,NULL,442,5,NULL,NULL,4,255,50,0,20,0,5,0,0,0,840,''),(841,'flapple',8,840,442,5,NULL,NULL,4,45,50,0,20,0,5,0,0,0,841,''),(842,'appletun',8,840,442,5,NULL,NULL,4,45,50,0,20,0,5,0,0,0,842,''),(843,'silicobra',8,NULL,443,5,NULL,NULL,4,255,50,0,20,0,2,0,0,0,843,''),(844,'sandaconda',8,843,443,5,NULL,NULL,4,120,50,0,20,0,2,0,0,0,844,''),(845,'cramorant',8,NULL,444,2,NULL,NULL,4,45,50,0,20,0,2,0,0,0,845,''),(846,'arrokuda',8,NULL,445,3,NULL,NULL,4,255,50,0,20,0,1,0,0,0,846,''),(847,'barraskewda',8,846,445,3,NULL,NULL,4,60,50,0,20,0,1,0,0,0,847,''),(848,'toxel',8,NULL,446,7,NULL,NULL,4,75,50,1,25,0,4,0,0,0,848,''),(849,'toxtricity',8,848,446,7,NULL,NULL,4,45,50,0,25,0,4,0,0,0,849,''),(850,'sizzlipede',8,NULL,447,8,NULL,NULL,4,190,50,0,20,0,2,0,0,0,850,''),(851,'centiskorch',8,850,447,8,NULL,NULL,4,75,50,0,20,0,2,0,0,0,851,''),(852,'clobbopus',8,NULL,448,3,NULL,NULL,4,180,50,0,25,0,4,0,0,0,852,''),(853,'grapploct',8,852,448,2,NULL,NULL,4,45,50,0,25,0,4,0,0,0,853,''),(854,'sinistea',8,NULL,449,7,NULL,NULL,-1,120,50,0,20,0,2,0,0,0,854,''),(855,'polteageist',8,854,449,7,NULL,NULL,-1,60,50,0,20,0,2,0,0,0,855,''),(856,'hatenna',8,NULL,450,6,NULL,NULL,8,235,50,0,20,0,1,0,0,0,856,''),(857,'hattrem',8,856,450,6,NULL,NULL,8,120,50,0,20,0,1,0,0,0,857,''),(858,'hatterene',8,857,450,6,NULL,NULL,8,45,50,0,20,0,1,0,0,0,858,''),(859,'impidimp',8,NULL,451,6,NULL,NULL,0,255,50,0,20,0,2,0,0,0,859,''),(860,'morgrem',8,859,451,6,NULL,NULL,0,120,50,0,20,0,2,0,0,0,860,''),(861,'grimmsnarl',8,860,451,7,NULL,NULL,0,45,50,0,20,0,2,0,0,0,861,''),(862,'obstagoon',8,264,134,4,NULL,NULL,4,45,50,0,15,0,2,0,0,0,862,''),(863,'perrserker',8,52,22,3,NULL,NULL,4,90,50,0,20,0,2,0,0,0,863,''),(864,'cursola',8,222,113,9,NULL,NULL,6,30,50,0,20,0,3,0,0,0,864,''),(865,'sirfetchd',8,83,35,9,NULL,NULL,4,45,50,0,20,0,2,0,0,0,865,''),(866,'mr-rime',8,122,57,7,NULL,NULL,4,45,50,0,25,0,2,0,0,0,866,''),(867,'runerigus',8,562,287,4,NULL,NULL,4,90,50,0,25,0,2,0,0,0,867,''),(868,'milcery',8,NULL,452,9,NULL,NULL,8,200,50,0,20,0,2,0,0,0,868,''),(869,'alcremie',8,868,452,9,NULL,NULL,8,100,50,0,20,0,2,0,0,0,869,''),(870,'falinks',8,NULL,453,10,NULL,NULL,-1,45,50,0,25,0,2,0,0,0,870,''),(871,'pincurchin',8,NULL,454,7,NULL,NULL,4,75,50,0,20,0,2,0,0,0,871,''),(872,'snom',8,NULL,455,9,NULL,NULL,4,190,50,0,20,0,2,0,0,0,872,''),(873,'frosmoth',8,872,455,9,NULL,NULL,4,75,50,0,20,0,2,0,0,0,873,''),(874,'stonjourner',8,NULL,456,4,NULL,NULL,4,60,50,0,25,0,1,0,0,0,874,''),(875,'eiscue',8,NULL,457,2,NULL,NULL,4,60,50,0,25,0,1,0,0,0,875,''),(876,'indeedee',8,NULL,458,7,NULL,NULL,0,30,140,0,40,0,3,0,0,0,876,''),(877,'morpeko',8,NULL,459,10,NULL,NULL,4,180,50,0,10,0,2,0,0,0,877,''),(878,'cufant',8,NULL,460,10,NULL,NULL,4,190,50,0,25,0,2,0,0,0,878,''),(879,'copperajah',8,878,460,5,NULL,NULL,4,90,50,0,25,0,2,0,0,0,879,''),(880,'dracozolt',8,NULL,461,5,NULL,NULL,-1,45,50,0,35,0,1,0,0,0,880,''),(881,'arctozolt',8,NULL,462,2,NULL,NULL,-1,45,50,0,35,0,1,0,0,0,881,''),(882,'dracovish',8,NULL,463,5,NULL,NULL,-1,45,50,0,35,0,1,0,0,0,882,''),(883,'arctovish',8,NULL,464,2,NULL,NULL,-1,45,50,0,35,0,1,0,0,0,883,''),(884,'duraludon',8,NULL,465,9,NULL,NULL,4,45,50,0,30,0,2,0,0,0,884,''),(885,'dreepy',8,NULL,466,5,NULL,NULL,4,45,50,0,40,0,1,0,0,0,885,''),(886,'drakloak',8,885,466,5,NULL,NULL,4,45,50,0,40,0,1,0,0,0,886,''),(887,'dragapult',8,886,466,5,NULL,NULL,4,45,50,0,40,0,1,0,0,0,887,''),(888,'zacian',8,NULL,467,2,NULL,NULL,-1,10,0,0,120,0,1,0,1,0,888,''),(889,'zamazenta',8,NULL,468,8,NULL,NULL,-1,10,0,0,120,0,1,0,1,0,889,''),(890,'eternatus',8,NULL,469,7,NULL,NULL,-1,255,0,0,120,0,1,0,1,0,890,''),(891,'kubfu',8,NULL,470,4,NULL,NULL,1,3,50,0,120,0,1,0,1,0,891,''),(892,'urshifu',8,891,470,4,NULL,NULL,1,3,50,0,120,0,1,0,1,0,892,''),(893,'zarude',8,NULL,471,5,NULL,NULL,-1,3,0,0,120,0,1,0,0,1,893,''),(894,'regieleki',8,NULL,472,10,NULL,NULL,-1,3,35,0,120,0,1,0,1,0,894,''),(895,'regidrago',8,NULL,473,5,NULL,NULL,-1,3,35,0,120,0,1,0,1,0,895,''),(896,'glastrier',8,NULL,474,9,NULL,NULL,-1,3,35,0,120,0,1,0,1,0,896,''),(897,'spectrier',8,NULL,475,1,NULL,NULL,-1,3,35,0,120,0,1,0,1,0,897,''),(898,'calyrex',8,NULL,476,5,NULL,NULL,-1,3,100,0,120,0,1,0,1,0,898,'');
/*!40000 ALTER TABLE `pokemon_species` ENABLE KEYS */;
UNLOCK TABLES;

--
-- Table structure for table `pokemon_species_names`
--

DROP TABLE IF EXISTS `pokemon_species_names`;
/*!40101 SET @saved_cs_client     = @@character_set_client */;
/*!40101 SET character_set_client = utf8 */;
CREATE TABLE `pokemon_species_names` (
  `pokemon_species_id` int(3) NOT NULL,
  `local_language_id` int(2) NOT NULL,
  `name` varchar(12) DEFAULT NULL,
  `genus` varchar(24) DEFAULT NULL,
  PRIMARY KEY (`pokemon_species_id`,`local_language_id`),
  KEY `FK_pokemon_species_lang` (`local_language_id`),
  CONSTRAINT `FK_pokemon_species_lang` FOREIGN KEY (`local_language_id`) REFERENCES `languages` (`id`) ON DELETE NO ACTION ON UPDATE CASCADE,
  CONSTRAINT `FK_pokemon_species_pokemon_species` FOREIGN KEY (`pokemon_species_id`) REFERENCES `pokemon_species` (`id`) ON DELETE NO ACTION ON UPDATE CASCADE
) ENGINE=InnoDB DEFAULT CHARSET=utf8mb3 COLLATE=utf8mb3_general_ci;
/*!40101 SET character_set_client = @saved_cs_client */;

--
-- Dumping data for table `pokemon_species_names`
--

LOCK TABLES `pokemon_species_names` WRITE;
/*!40000 ALTER TABLE `pokemon_species_names` DISABLE KEYS */;
INSERT INTO `pokemon_species_names` VALUES (1,1,'フシギダネ','たねポケモン'),(1,2,'Fushigidane',''),(1,3,'이상해씨','씨앗포켓몬'),(1,4,'妙蛙種子','種子寶可夢'),(1,5,'Bulbizarre','Pokémon Graine'),(1,6,'Bisasam','Samen-Pokémon'),(1,7,'Bulbasaur','Pokémon Semilla'),(1,8,'Bulbasaur','Pokémon Seme'),(1,9,'Bulbasaur','Seed Pokémon'),(1,11,'フシギダネ','たねポケモン'),(1,12,'妙蛙种子','种子宝可梦'),(2,1,'フシギソウ','たねポケモン'),(2,2,'Fushigisou',''),(2,3,'이상해풀','씨앗포켓몬'),(2,4,'妙蛙草','種子寶可夢'),(2,5,'Herbizarre','Pokémon Graine'),(2,6,'Bisaknosp','Samen-Pokémon'),(2,7,'Ivysaur','Pokémon Semilla'),(2,8,'Ivysaur','Pokémon Seme'),(2,9,'Ivysaur','Seed Pokémon'),(2,11,'フシギソウ','たねポケモン'),(2,12,'妙蛙草','种子宝可梦'),(3,1,'フシギバナ','たねポケモン'),(3,2,'Fushigibana',''),(3,3,'이상해꽃','씨앗포켓몬'),(3,4,'妙蛙花','種子寶可夢'),(3,5,'Florizarre','Pokémon Graine'),(3,6,'Bisaflor','Samen-Pokémon'),(3,7,'Venusaur','Pokémon Semilla'),(3,8,'Venusaur','Pokémon Seme'),(3,9,'Venusaur','Seed Pokémon'),(3,11,'フシギバナ','たねポケモン'),(3,12,'妙蛙花','种子宝可梦'),(4,1,'ヒトカゲ','とかげポケモン'),(4,2,'Hitokage',''),(4,3,'파이리','도롱뇽포켓몬'),(4,4,'小火龍','蜥蜴寶可夢'),(4,5,'Salamèche','Pokémon Lézard'),(4,6,'Glumanda','Echsen-Pokémon'),(4,7,'Charmander','Pokémon Lagartija'),(4,8,'Charmander','Pokémon Lucertola'),(4,9,'Charmander','Lizard Pokémon'),(4,11,'ヒトカゲ','とかげポケモン'),(4,12,'小火龙','蜥蜴宝可梦'),(5,1,'リザード','かえんポケモン'),(5,2,'Lizardo',''),(5,3,'리자드','화염포켓몬'),(5,4,'火恐龍','火焰寶可夢'),(5,5,'Reptincel','Pokémon Flamme'),(5,6,'Glutexo','Flammen-Pokémon'),(5,7,'Charmeleon','Pokémon Llama'),(5,8,'Charmeleon','Pokémon Fiamma'),(5,9,'Charmeleon','Flame Pokémon'),(5,11,'リザード','かえんポケモン'),(5,12,'火恐龙','火焰宝可梦'),(6,1,'リザードン','かえんポケモン'),(6,2,'Lizardon',''),(6,3,'리자몽','화염포켓몬'),(6,4,'噴火龍','火焰寶可夢'),(6,5,'Dracaufeu','Pokémon Flamme'),(6,6,'Glurak','Flammen-Pokémon'),(6,7,'Charizard','Pokémon Llama'),(6,8,'Charizard','Pokémon Fiamma'),(6,9,'Charizard','Flame Pokémon'),(6,11,'リザードン','かえんポケモン'),(6,12,'喷火龙','火焰宝可梦'),(7,1,'ゼニガメ','かめのこポケモン'),(7,2,'Zenigame',''),(7,3,'꼬부기','꼬마거북포켓몬'),(7,4,'傑尼龜','小龜寶可夢'),(7,5,'Carapuce','Pokémon Minitortue'),(7,6,'Schiggy','Minikröten-Pokémon'),(7,7,'Squirtle','Pokémon Tortuguita'),(7,8,'Squirtle','Pokémon Tartaghina'),(7,9,'Squirtle','Tiny Turtle Pokémon'),(7,11,'ゼニガメ','かめのこポケモン'),(7,12,'杰尼龟','小龟宝可梦'),(8,1,'カメール','かめポケモン'),(8,2,'Kameil',''),(8,3,'어니부기','거북포켓몬'),(8,4,'卡咪龜','龜寶可夢'),(8,5,'Carabaffe','Pokémon Tortue'),(8,6,'Schillok','Kröten-Pokémon'),(8,7,'Wartortle','Pokémon Tortuga'),(8,8,'Wartortle','Pokémon Tartaruga'),(8,9,'Wartortle','Turtle Pokémon'),(8,11,'カメール','かめポケモン'),(8,12,'卡咪龟','龟宝可梦'),(9,1,'カメックス','こうらポケモン'),(9,2,'Kamex',''),(9,3,'거북왕','껍질포켓몬'),(9,4,'水箭龜','甲殼寶可夢'),(9,5,'Tortank','Pokémon Carapace'),(9,6,'Turtok','Panzertier-Pokémon'),(9,7,'Blastoise','Pokémon Armazón'),(9,8,'Blastoise','Pokémon Crostaceo'),(9,9,'Blastoise','Shellfish Pokémon'),(9,11,'カメックス','こうらポケモン'),(9,12,'水箭龟','甲壳宝可梦'),(10,1,'キャタピー','いもむしポケモン'),(10,2,'Caterpie',''),(10,3,'캐터피','애벌레포켓몬'),(10,4,'綠毛蟲','蟲寶寶寶可夢'),(10,5,'Chenipan','Pokémon Ver'),(10,6,'Raupy','Wurm-Pokémon'),(10,7,'Caterpie','Pokémon Gusano'),(10,8,'Caterpie','Pokémon Baco'),(10,9,'Caterpie','Worm Pokémon'),(10,11,'キャタピー','いもむしポケモン'),(10,12,'绿毛虫','虫宝宝宝可梦'),(11,1,'トランセル','さなぎポケモン'),(11,2,'Trancell',''),(11,3,'단데기','번데기포켓몬'),(11,4,'鐵甲蛹','蛹寶可夢'),(11,5,'Chrysacier','Pokémon Cocon'),(11,6,'Safcon','Kokon-Pokémon'),(11,7,'Metapod','Pokémon Capullo'),(11,8,'Metapod','Pokémon Bozzolo'),(11,9,'Metapod','Cocoon Pokémon'),(11,11,'トランセル','さなぎポケモン'),(11,12,'铁甲蛹','蛹宝可梦'),(12,1,'バタフリー','ちょうちょポケモン'),(12,2,'Butterfree',''),(12,3,'버터플','나비포켓몬'),(12,4,'巴大蝶','蝴蝶寶可夢'),(12,5,'Papilusion','Pokémon Papillon'),(12,6,'Smettbo','Falter-Pokémon'),(12,7,'Butterfree','Pokémon Mariposa'),(12,8,'Butterfree','Pokémon Farfalla'),(12,9,'Butterfree','Butterfly Pokémon'),(12,11,'バタフリー','ちょうちょポケモン'),(12,12,'巴大蝶','蝴蝶宝可梦'),(13,1,'ビードル','けむしポケモン'),(13,2,'Beedle',''),(13,3,'뿔충이','송충이포켓몬'),(13,4,'獨角蟲','毛毛蟲寶可夢'),(13,5,'Aspicot','Pokémon Insectopic'),(13,6,'Hornliu','Raupe'),(13,7,'Weedle','Pokémon Oruga'),(13,8,'Weedle','Pokémon Millepiedi'),(13,9,'Weedle','Hairy Bug Pokémon'),(13,11,'ビードル','けむしポケモン'),(13,12,'独角虫','毛毛虫宝可梦'),(14,1,'コクーン','さなぎポケモン'),(14,2,'Cocoon',''),(14,3,'딱충이','번데기포켓몬'),(14,4,'鐵殼蛹','蛹寶可夢'),(14,5,'Coconfort','Pokémon Cocon'),(14,6,'Kokuna','Kokon'),(14,7,'Kakuna','Pokémon Capullo'),(14,8,'Kakuna','Pokémon Bozzolo'),(14,9,'Kakuna','Cocoon Pokémon'),(14,11,'コクーン','さなぎポケモン'),(14,12,'铁壳蛹','蛹宝可梦'),(15,1,'スピアー','どくばちポケモン'),(15,2,'Spear',''),(15,3,'독침붕','독벌포켓몬'),(15,4,'大針蜂','毒蜂寶可夢'),(15,5,'Dardargnan','Pokémon Guêpoison'),(15,6,'Bibor','Giftbiene'),(15,7,'Beedrill','Pokémon Abeja Veneno'),(15,8,'Beedrill','Pokémon Velenape'),(15,9,'Beedrill','Poison Bee Pokémon'),(15,11,'スピアー','どくばちポケモン'),(15,12,'大针蜂','毒蜂宝可梦'),(16,1,'ポッポ','ことりポケモン'),(16,2,'Poppo',''),(16,3,'구구','아기새포켓몬'),(16,4,'波波','小鳥寶可夢'),(16,5,'Roucool','Pokémon Minoiseau'),(16,6,'Taubsi','Kleinvogel'),(16,7,'Pidgey','Pokémon Pajarito'),(16,8,'Pidgey','Pokémon Uccellino'),(16,9,'Pidgey','Tiny Bird Pokémon'),(16,11,'ポッポ','ことりポケモン'),(16,12,'波波','小鸟宝可梦'),(17,1,'ピジョン','とりポケモン'),(17,2,'Pigeon',''),(17,3,'피죤','새포켓몬'),(17,4,'比比鳥','鳥寶可夢'),(17,5,'Roucoups','Pokémon Oiseau'),(17,6,'Tauboga','Vogel'),(17,7,'Pidgeotto','Pokémon Pájaro'),(17,8,'Pidgeotto','Pokémon Uccello'),(17,9,'Pidgeotto','Bird Pokémon'),(17,11,'ピジョン','とりポケモン'),(17,12,'比比鸟','鸟宝可梦'),(18,1,'ピジョット','とりポケモン'),(18,2,'Pigeot',''),(18,3,'피죤투','새포켓몬'),(18,4,'大比鳥','鳥寶可夢'),(18,5,'Roucarnage','Pokémon Oiseau'),(18,6,'Tauboss','Vogel'),(18,7,'Pidgeot','Pokémon Pájaro'),(18,8,'Pidgeot','Pokémon Uccello'),(18,9,'Pidgeot','Bird Pokémon'),(18,11,'ピジョット','とりポケモン'),(18,12,'大比鸟','鸟宝可梦'),(19,1,'コラッタ','ねずみポケモン'),(19,2,'Koratta',''),(19,3,'꼬렛','쥐포켓몬'),(19,4,'小拉達','鼠寶可夢'),(19,5,'Rattata','Pokémon Souris'),(19,6,'Rattfratz','Maus'),(19,7,'Rattata','Pokémon Ratón'),(19,8,'Rattata','Pokémon Topo'),(19,9,'Rattata','Mouse Pokémon'),(19,11,'コラッタ','ねずみポケモン'),(19,12,'小拉达','鼠宝可梦'),(20,1,'ラッタ','ねずみポケモン'),(20,2,'Ratta',''),(20,3,'레트라','쥐포켓몬'),(20,4,'拉達','鼠寶可夢'),(20,5,'Rattatac','Pokémon Souris'),(20,6,'Rattikarl','Maus'),(20,7,'Raticate','Pokémon Ratón'),(20,8,'Raticate','Pokémon Topo'),(20,9,'Raticate','Mouse Pokémon'),(20,11,'ラッタ','ねずみポケモン'),(20,12,'拉达','鼠宝可梦'),(21,1,'オニスズメ','ことりポケモン'),(21,2,'Onisuzume',''),(21,3,'깨비참','아기새포켓몬'),(21,4,'烈雀','小鳥寶可夢'),(21,5,'Piafabec','Pokémon Minoiseau'),(21,6,'Habitak','Kleinvogel'),(21,7,'Spearow','Pokémon Pajarito'),(21,8,'Spearow','Pokémon Uccellino'),(21,9,'Spearow','Tiny Bird Pokémon'),(21,11,'オニスズメ','ことりポケモン'),(21,12,'烈雀','小鸟宝可梦'),(22,1,'オニドリル','くちばしポケモン'),(22,2,'Onidrill',''),(22,3,'깨비드릴조','부리포켓몬'),(22,4,'大嘴雀','鳥嘴寶可夢'),(22,5,'Rapasdepic','Pokémon Bec-Oiseau'),(22,6,'Ibitak','Pickvogel'),(22,7,'Fearow','Pokémon Pico'),(22,8,'Fearow','Pokémon Becco'),(22,9,'Fearow','Beak Pokémon'),(22,11,'オニドリル','くちばしポケモン'),(22,12,'大嘴雀','鸟嘴宝可梦'),(23,1,'アーボ','へびポケモン'),(23,2,'Arbo',''),(23,3,'아보','뱀포켓몬'),(23,4,'阿柏蛇','蛇寶可夢'),(23,5,'Abo','Pokémon Serpent'),(23,6,'Rettan','Schlange'),(23,7,'Ekans','Pokémon Serpiente'),(23,8,'Ekans','Pokémon Serpente'),(23,9,'Ekans','Snake Pokémon'),(23,11,'アーボ','へびポケモン'),(23,12,'阿柏蛇','蛇宝可梦'),(24,1,'アーボック','コブラポケモン'),(24,2,'Arbok',''),(24,3,'아보크','코브라포켓몬'),(24,4,'阿柏怪','眼鏡蛇寶可夢'),(24,5,'Arbok','Pokémon Cobra'),(24,6,'Arbok','Kobra'),(24,7,'Arbok','Pokémon Cobra'),(24,8,'Arbok','Pokémon Cobra'),(24,9,'Arbok','Cobra Pokémon'),(24,11,'アーボック','コブラポケモン'),(24,12,'阿柏怪','眼镜蛇宝可梦'),(25,1,'ピカチュウ','ねずみポケモン'),(25,2,'Pikachu',''),(25,3,'피카츄','쥐포켓몬'),(25,4,'皮卡丘','鼠寶可夢'),(25,5,'Pikachu','Pokémon Souris'),(25,6,'Pikachu','Maus-Pokémon'),(25,7,'Pikachu','Pokémon Ratón'),(25,8,'Pikachu','Pokémon Topo'),(25,9,'Pikachu','Mouse Pokémon'),(25,11,'ピカチュウ','ねずみポケモン'),(25,12,'皮卡丘','鼠宝可梦'),(26,1,'ライチュウ','ねずみポケモン'),(26,2,'Raichu',''),(26,3,'라이츄','쥐포켓몬'),(26,4,'雷丘','鼠寶可夢'),(26,5,'Raichu','Pokémon Souris'),(26,6,'Raichu','Maus-Pokémon'),(26,7,'Raichu','Pokémon Ratón'),(26,8,'Raichu','Pokémon Topo'),(26,9,'Raichu','Mouse Pokémon'),(26,11,'ライチュウ','ねずみポケモン'),(26,12,'雷丘','鼠宝可梦'),(27,1,'サンド','ねずみポケモン'),(27,2,'Sand',''),(27,3,'모래두지','쥐포켓몬'),(27,4,'穿山鼠','鼠寶可夢'),(27,5,'Sabelette','Pokémon Souris'),(27,6,'Sandan','Maus-Pokémon'),(27,7,'Sandshrew','Pokémon Ratón'),(27,8,'Sandshrew','Pokémon Topo'),(27,9,'Sandshrew','Mouse Pokémon'),(27,11,'サンド','ねずみポケモン'),(27,12,'穿山鼠','鼠宝可梦'),(28,1,'サンドパン','ねずみポケモン'),(28,2,'Sandpan',''),(28,3,'고지','쥐포켓몬'),(28,4,'穿山王','鼠寶可夢'),(28,5,'Sablaireau','Pokémon Souris'),(28,6,'Sandamer','Maus-Pokémon'),(28,7,'Sandslash','Pokémon Ratón'),(28,8,'Sandslash','Pokémon Topo'),(28,9,'Sandslash','Mouse Pokémon'),(28,11,'サンドパン','ねずみポケモン'),(28,12,'穿山王','鼠宝可梦'),(29,1,'ニドラン♀','どくばりポケモン'),(29,2,'Nidoran♀',''),(29,3,'니드런♀','독침포켓몬'),(29,4,'尼多蘭','毒針寶可夢'),(29,5,'Nidoran♀','Pokémon Vénépic'),(29,6,'Nidoran♀','Giftdorn-Pokémon'),(29,7,'Nidoran♀','Pokémon Pin Veneno'),(29,8,'Nidoran♀','Pokémon Velenago'),(29,9,'Nidoran♀','Poison Pin Pokémon'),(29,11,'ニドラン♀','どくばりポケモン'),(29,12,'尼多兰','毒针宝可梦'),(30,1,'ニドリーナ','どくばりポケモン'),(30,2,'Nidorina',''),(30,3,'니드리나','독침포켓몬'),(30,4,'尼多娜','毒針寶可夢'),(30,5,'Nidorina','Pokémon Vénépic'),(30,6,'Nidorina','Giftdorn-Pokémon'),(30,7,'Nidorina','Pokémon Pin Veneno'),(30,8,'Nidorina','Pokémon Velenago'),(30,9,'Nidorina','Poison Pin Pokémon'),(30,11,'ニドリーナ','どくばりポケモン'),(30,12,'尼多娜','毒针宝可梦'),(31,1,'ニドクイン','ドリルポケモン'),(31,2,'Nidoqueen',''),(31,3,'니드퀸','드릴포켓몬'),(31,4,'尼多后','鑽錐寶可夢'),(31,5,'Nidoqueen','Pokémon Perceur'),(31,6,'Nidoqueen','Bohrer-Pokémon'),(31,7,'Nidoqueen','Pokémon Taladro'),(31,8,'Nidoqueen','Pokémon Trapano'),(31,9,'Nidoqueen','Drill Pokémon'),(31,11,'ニドクイン','ドリルポケモン'),(31,12,'尼多后','钻锥宝可梦'),(32,1,'ニドラン♂','どくばりポケモン'),(32,2,'Nidoran♂',''),(32,3,'니드런♂','독침포켓몬'),(32,4,'尼多朗','毒針寶可夢'),(32,5,'Nidoran♂','Pokémon Vénépic'),(32,6,'Nidoran♂','Giftdorn-Pokémon'),(32,7,'Nidoran♂','Pokémon Pin Veneno'),(32,8,'Nidoran♂','Pokémon Velenago'),(32,9,'Nidoran♂','Poison Pin Pokémon'),(32,11,'ニドラン♂','どくばりポケモン'),(32,12,'尼多朗','毒针宝可梦'),(33,1,'ニドリーノ','どくばりポケモン'),(33,2,'Nidorino',''),(33,3,'니드리노','독침포켓몬'),(33,4,'尼多力諾','毒針寶可夢'),(33,5,'Nidorino','Pokémon Vénépic'),(33,6,'Nidorino','Giftdorn-Pokémon'),(33,7,'Nidorino','Pokémon Pin Veneno'),(33,8,'Nidorino','Pokémon Velenago'),(33,9,'Nidorino','Poison Pin Pokémon'),(33,11,'ニドリーノ','どくばりポケモン'),(33,12,'尼多力诺','毒针宝可梦'),(34,1,'ニドキング','ドリルポケモン'),(34,2,'Nidoking',''),(34,3,'니드킹','드릴포켓몬'),(34,4,'尼多王','鑽錐寶可夢'),(34,5,'Nidoking','Pokémon Perceur'),(34,6,'Nidoking','Bohrer-Pokémon'),(34,7,'Nidoking','Pokémon Taladro'),(34,8,'Nidoking','Pokémon Trapano'),(34,9,'Nidoking','Drill Pokémon'),(34,11,'ニドキング','ドリルポケモン'),(34,12,'尼多王','钻锥宝可梦'),(35,1,'ピッピ','ようせいポケモン'),(35,2,'Pippi',''),(35,3,'삐삐','요정포켓몬'),(35,4,'皮皮','妖精寶可夢'),(35,5,'Mélofée','Pokémon Fée'),(35,6,'Piepi','Feen-Pokémon'),(35,7,'Clefairy','Pokémon Hada'),(35,8,'Clefairy','Pokémon Fata'),(35,9,'Clefairy','Fairy Pokémon'),(35,11,'ピッピ','ようせいポケモン'),(35,12,'皮皮','妖精宝可梦'),(36,1,'ピクシー','ようせいポケモン'),(36,2,'Pixy',''),(36,3,'픽시','요정포켓몬'),(36,4,'皮可西','妖精寶可夢'),(36,5,'Mélodelfe','Pokémon Fée'),(36,6,'Pixi','Feen-Pokémon'),(36,7,'Clefable','Pokémon Hada'),(36,8,'Clefable','Pokémon Fata'),(36,9,'Clefable','Fairy Pokémon'),(36,11,'ピクシー','ようせいポケモン'),(36,12,'皮可西','妖精宝可梦'),(37,1,'ロコン','きつねポケモン'),(37,2,'Rokon',''),(37,3,'식스테일','여우포켓몬'),(37,4,'六尾','狐狸寶可夢'),(37,5,'Goupix','Pokémon Renard'),(37,6,'Vulpix','Fuchs-Pokémon'),(37,7,'Vulpix','Pokémon Zorro'),(37,8,'Vulpix','Pokémon Volpe'),(37,9,'Vulpix','Fox Pokémon'),(37,11,'ロコン','きつねポケモン'),(37,12,'六尾','狐狸宝可梦'),(38,1,'キュウコン','きつねポケモン'),(38,2,'Kyukon',''),(38,3,'나인테일','여우포켓몬'),(38,4,'九尾','狐狸寶可夢'),(38,5,'Feunard','Pokémon Renard'),(38,6,'Vulnona','Fuchs-Pokémon'),(38,7,'Ninetales','Pokémon Zorro'),(38,8,'Ninetales','Pokémon Volpe'),(38,9,'Ninetales','Fox Pokémon'),(38,11,'キュウコン','きつねポケモン'),(38,12,'九尾','狐狸宝可梦'),(39,1,'プリン','ふうせんポケモン'),(39,2,'Purin',''),(39,3,'푸린','풍선포켓몬'),(39,4,'胖丁','氣球寶可夢'),(39,5,'Rondoudou','Pokémon Bouboule'),(39,6,'Pummeluff','Ballon-Pokémon'),(39,7,'Jigglypuff','Pokémon Globo'),(39,8,'Jigglypuff','Pokémon Pallone'),(39,9,'Jigglypuff','Balloon Pokémon'),(39,11,'プリン','ふうせんポケモン'),(39,12,'胖丁','气球宝可梦'),(40,1,'プクリン','ふうせんポケモン'),(40,2,'Pukurin',''),(40,3,'푸크린','풍선포켓몬'),(40,4,'胖可丁','氣球寶可夢'),(40,5,'Grodoudou','Pokémon Bouboule'),(40,6,'Knuddeluff','Ballon-Pokémon'),(40,7,'Wigglytuff','Pokémon Globo'),(40,8,'Wigglytuff','Pokémon Pallone'),(40,9,'Wigglytuff','Balloon Pokémon'),(40,11,'プクリン','ふうせんポケモン'),(40,12,'胖可丁','气球宝可梦'),(41,1,'ズバット','こうもりポケモン'),(41,2,'Zubat',''),(41,3,'주뱃','박쥐포켓몬'),(41,4,'超音蝠','蝙蝠寶可夢'),(41,5,'Nosferapti','Pokémon Chovsouris'),(41,6,'Zubat','Fledermaus-Pokémon'),(41,7,'Zubat','Pokémon Murciélago'),(41,8,'Zubat','Pokémon Pipistrello'),(41,9,'Zubat','Bat Pokémon'),(41,11,'ズバット','こうもりポケモン'),(41,12,'超音蝠','蝙蝠宝可梦'),(42,1,'ゴルバット','こうもりポケモン'),(42,2,'Golbat',''),(42,3,'골뱃','박쥐포켓몬'),(42,4,'大嘴蝠','蝙蝠寶可夢'),(42,5,'Nosferalto','Pokémon Chovsouris'),(42,6,'Golbat','Fledermaus-Pokémon'),(42,7,'Golbat','Pokémon Murciélago'),(42,8,'Golbat','Pokémon Pipistrello'),(42,9,'Golbat','Bat Pokémon'),(42,11,'ゴルバット','こうもりポケモン'),(42,12,'大嘴蝠','蝙蝠宝可梦'),(43,1,'ナゾノクサ','ざっそうポケモン'),(43,2,'Nazonokusa',''),(43,3,'뚜벅쵸','잡초포켓몬'),(43,4,'走路草','雜草寶可夢'),(43,5,'Mystherbe','Pokémon Racine'),(43,6,'Myrapla','Unkraut-Pokémon'),(43,7,'Oddish','Pokémon Hierbajo'),(43,8,'Oddish','Pokémon Malerba'),(43,9,'Oddish','Weed Pokémon'),(43,11,'ナゾノクサ','ざっそうポケモン'),(43,12,'走路草','杂草宝可梦'),(44,1,'クサイハナ','ざっそうポケモン'),(44,2,'Kusaihana',''),(44,3,'냄새꼬','잡초포켓몬'),(44,4,'臭臭花','雜草寶可夢'),(44,5,'Ortide','Pokémon Racine'),(44,6,'Duflor','Unkraut-Pokémon'),(44,7,'Gloom','Pokémon Hierbajo'),(44,8,'Gloom','Pokémon Malerba'),(44,9,'Gloom','Weed Pokémon'),(44,11,'クサイハナ','ざっそうポケモン'),(44,12,'臭臭花','杂草宝可梦'),(45,1,'ラフレシア','フラワーポケモン'),(45,2,'Ruffresia',''),(45,3,'라플레시아','꽃포켓몬'),(45,4,'霸王花','花寶可夢'),(45,5,'Rafflesia','Pokémon Fleur'),(45,6,'Giflor','Blumen-Pokémon'),(45,7,'Vileplume','Pokémon Flor'),(45,8,'Vileplume','Pokémon Fiore'),(45,9,'Vileplume','Flower Pokémon'),(45,11,'ラフレシア','フラワーポケモン'),(45,12,'霸王花','花宝可梦'),(46,1,'パラス','きのこポケモン'),(46,2,'Paras',''),(46,3,'파라스','버섯포켓몬'),(46,4,'派拉斯','蘑菇寶可夢'),(46,5,'Paras','Pokémon Champignon'),(46,6,'Paras','Pilz'),(46,7,'Paras','Pokémon Hongo'),(46,8,'Paras','Pokémon Fungo'),(46,9,'Paras','Mushroom Pokémon'),(46,11,'パラス','きのこポケモン'),(46,12,'派拉斯','蘑菇宝可梦'),(47,1,'パラセクト','きのこポケモン'),(47,2,'Parasect',''),(47,3,'파라섹트','버섯포켓몬'),(47,4,'派拉斯特','蘑菇寶可夢'),(47,5,'Parasect','Pokémon Champignon'),(47,6,'Parasek','Pilz'),(47,7,'Parasect','Pokémon Hongo'),(47,8,'Parasect','Pokémon Fungo'),(47,9,'Parasect','Mushroom Pokémon'),(47,11,'パラセクト','きのこポケモン'),(47,12,'派拉斯特','蘑菇宝可梦'),(48,1,'コンパン','こんちゅうポケモン'),(48,2,'Kongpang',''),(48,3,'콘팡','곤충포켓몬'),(48,4,'毛球','昆蟲寶可夢'),(48,5,'Mimitoss','Pokémon Vermine'),(48,6,'Bluzuk','Insekt'),(48,7,'Venonat','Pokémon Insecto'),(48,8,'Venonat','Pokémon Insetto'),(48,9,'Venonat','Insect Pokémon'),(48,11,'コンパン','こんちゅうポケモン'),(48,12,'毛球','昆虫宝可梦'),(49,1,'モルフォン','どくがポケモン'),(49,2,'Morphon',''),(49,3,'도나리','독나방포켓몬'),(49,4,'摩魯蛾','毒蛾寶可夢'),(49,5,'Aéromite','Pokémon Papipoison'),(49,6,'Omot','Giftmotte'),(49,7,'Venomoth','Pokémon Polilla Ven.'),(49,8,'Venomoth','Pokémon Velentarma'),(49,9,'Venomoth','Poison Moth Pokémon'),(49,11,'モルフォン','どくがポケモン'),(49,12,'摩鲁蛾','毒蛾宝可梦'),(50,1,'ディグダ','もぐらポケモン'),(50,2,'Digda',''),(50,3,'디그다','두더지포켓몬'),(50,4,'地鼠','鼴鼠寶可夢'),(50,5,'Taupiqueur','Pokémon Taupe'),(50,6,'Digda','Maulwurf-Pokémon'),(50,7,'Diglett','Pokémon Topo'),(50,8,'Diglett','Pokémon Talpa'),(50,9,'Diglett','Mole Pokémon'),(50,11,'ディグダ','もぐらポケモン'),(50,12,'地鼠','鼹鼠宝可梦'),(51,1,'ダグトリオ','もぐらポケモン'),(51,2,'Dugtrio',''),(51,3,'닥트리오','두더지포켓몬'),(51,4,'三地鼠','鼴鼠寶可夢'),(51,5,'Triopikeur','Pokémon Taupe'),(51,6,'Digdri','Maulwurf-Pokémon'),(51,7,'Dugtrio','Pokémon Topo'),(51,8,'Dugtrio','Pokémon Talpa'),(51,9,'Dugtrio','Mole Pokémon'),(51,11,'ダグトリオ','もぐらポケモン'),(51,12,'三地鼠','鼹鼠宝可梦'),(52,1,'ニャース','ばけねこポケモン'),(52,2,'Nyarth',''),(52,3,'나옹','요괴고양이포켓몬'),(52,4,'喵喵','妖怪貓寶可夢'),(52,5,'Miaouss','Pokémon Chadégout'),(52,6,'Mauzi','Katzen-Pokémon'),(52,7,'Meowth','Pokémon Gato Araña'),(52,8,'Meowth','Pokémon Graffimiao'),(52,9,'Meowth','Scratch Cat Pokémon'),(52,11,'ニャース','ばけねこポケモン'),(52,12,'喵喵','妖怪猫宝可梦'),(53,1,'ペルシアン','シャムネコポケモン'),(53,2,'Persian',''),(53,3,'페르시온','샴고양이포켓몬'),(53,4,'貓老大','暹羅貓寶可夢'),(53,5,'Persian','Pokémon Chadeville'),(53,6,'Snobilikat','Rassekatzen-Pokémon'),(53,7,'Persian','Pokémon Gato Fino'),(53,8,'Persian','Pokémon Nobilgatto'),(53,9,'Persian','Classy Cat Pokémon'),(53,11,'ペルシアン','シャムネコポケモン'),(53,12,'猫老大','暹罗猫宝可梦'),(54,1,'コダック','あひるポケモン'),(54,2,'Koduck',''),(54,3,'고라파덕','오리포켓몬'),(54,4,'可達鴨','鴨寶可夢'),(54,5,'Psykokwak','Pokémon Canard'),(54,6,'Enton','Enten-Pokémon'),(54,7,'Psyduck','Pokémon Pato'),(54,8,'Psyduck','Pokémon Papero'),(54,9,'Psyduck','Duck Pokémon'),(54,11,'コダック','あひるポケモン'),(54,12,'可达鸭','鸭宝可梦'),(55,1,'ゴルダック','あひるポケモン'),(55,2,'Golduck',''),(55,3,'골덕','오리포켓몬'),(55,4,'哥達鴨','鴨寶可夢'),(55,5,'Akwakwak','Pokémon Canard'),(55,6,'Entoron','Enten-Pokémon'),(55,7,'Golduck','Pokémon Pato'),(55,8,'Golduck','Pokémon Papero'),(55,9,'Golduck','Duck Pokémon'),(55,11,'ゴルダック','あひるポケモン'),(55,12,'哥达鸭','鸭宝可梦'),(56,1,'マンキー','ぶたざるポケモン'),(56,2,'Mankey',''),(56,3,'망키','돈숭이포켓몬'),(56,4,'猴怪','豬猴寶可夢'),(56,5,'Férosinge','Pokémon Porsinge'),(56,6,'Menki','Schwein/Affe'),(56,7,'Mankey','Pokémon Mono Cerdo'),(56,8,'Mankey','Pokémon Suinpanzé'),(56,9,'Mankey','Pig Monkey Pokémon'),(56,11,'マンキー','ぶたざるポケモン'),(56,12,'猴怪','猪猴宝可梦'),(57,1,'オコリザル','ぶたざるポケモン'),(57,2,'Okorizaru',''),(57,3,'성원숭','돈숭이포켓몬'),(57,4,'火爆猴','豬猴寶可夢'),(57,5,'Colossinge','Pokémon Porsinge'),(57,6,'Rasaff','Schwein/Affe'),(57,7,'Primeape','Pokémon Mono Cerdo'),(57,8,'Primeape','Pokémon Suinpanzé'),(57,9,'Primeape','Pig Monkey Pokémon'),(57,11,'オコリザル','ぶたざるポケモン'),(57,12,'火暴猴','猪猴宝可梦'),(58,1,'ガーディ','こいぬポケモン'),(58,2,'Gardie',''),(58,3,'가디','강아지포켓몬'),(58,4,'卡蒂狗','小狗寶可夢'),(58,5,'Caninos','Pokémon Chiot'),(58,6,'Fukano','Welpen-Pokémon'),(58,7,'Growlithe','Pokémon Perrito'),(58,8,'Growlithe','Pokémon Cagnolino'),(58,9,'Growlithe','Puppy Pokémon'),(58,11,'ガーディ','こいぬポケモン'),(58,12,'卡蒂狗','小狗宝可梦'),(59,1,'ウインディ','でんせつポケモン'),(59,2,'Windie',''),(59,3,'윈디','전설포켓몬'),(59,4,'風速狗','傳說寶可夢'),(59,5,'Arcanin','Pokémon Légendaire'),(59,6,'Arkani','Legendär-Pokémon'),(59,7,'Arcanine','Pokémon Leyenda'),(59,8,'Arcanine','Pokémon Leggenda'),(59,9,'Arcanine','Legendary Pokémon'),(59,11,'ウインディ','でんせつポケモン'),(59,12,'风速狗','传说宝可梦'),(60,1,'ニョロモ','おたまポケモン'),(60,2,'Nyoromo',''),(60,3,'발챙이','올챙이포켓몬'),(60,4,'蚊香蝌蚪','蝌蚪寶可夢'),(60,5,'Ptitard','Pokémon Têtard'),(60,6,'Quapsel','Kaulquappen-Pokémon'),(60,7,'Poliwag','Pokémon Renacuajo'),(60,8,'Poliwag','Pokémon Girino'),(60,9,'Poliwag','Tadpole Pokémon'),(60,11,'ニョロモ','おたまポケモン'),(60,12,'蚊香蝌蚪','蝌蚪宝可梦'),(61,1,'ニョロゾ','おたまポケモン'),(61,2,'Nyorozo',''),(61,3,'슈륙챙이','올챙이포켓몬'),(61,4,'蚊香君','蝌蚪寶可夢'),(61,5,'Têtarte','Pokémon Têtard'),(61,6,'Quaputzi','Kaulquappen-Pokémon'),(61,7,'Poliwhirl','Pokémon Renacuajo'),(61,8,'Poliwhirl','Pokémon Girino'),(61,9,'Poliwhirl','Tadpole Pokémon'),(61,11,'ニョロゾ','おたまポケモン'),(61,12,'蚊香君','蝌蚪宝可梦'),(62,1,'ニョロボン','おたまポケモン'),(62,2,'Nyorobon',''),(62,3,'강챙이','올챙이포켓몬'),(62,4,'蚊香泳士','蝌蚪寶可夢'),(62,5,'Tartard','Pokémon Têtard'),(62,6,'Quappo','Kaulquappen-Pokémon'),(62,7,'Poliwrath','Pokémon Renacuajo'),(62,8,'Poliwrath','Pokémon Girino'),(62,9,'Poliwrath','Tadpole Pokémon'),(62,11,'ニョロボン','おたまポケモン'),(62,12,'蚊香泳士','蝌蚪宝可梦'),(63,1,'ケーシィ','ねんりきポケモン'),(63,2,'Casey',''),(63,3,'캐이시','초능력포켓몬'),(63,4,'凱西','念力寶可夢'),(63,5,'Abra','Pokémon Psy'),(63,6,'Abra','Psi-Pokémon'),(63,7,'Abra','Pokémon Psi'),(63,8,'Abra','Pokémon Psico'),(63,9,'Abra','Psi Pokémon'),(63,11,'ケーシィ','ねんりきポケモン'),(63,12,'凯西','念力宝可梦'),(64,1,'ユンゲラー','ねんりきポケモン'),(64,2,'Yungerer',''),(64,3,'윤겔라','초능력포켓몬'),(64,4,'勇基拉','念力寶可夢'),(64,5,'Kadabra','Pokémon Psy'),(64,6,'Kadabra','Psi-Pokémon'),(64,7,'Kadabra','Pokémon Psi'),(64,8,'Kadabra','Pokémon Psico'),(64,9,'Kadabra','Psi Pokémon'),(64,11,'ユンゲラー','ねんりきポケモン'),(64,12,'勇基拉','念力宝可梦'),(65,1,'フーディン','ねんりきポケモン'),(65,2,'Foodin',''),(65,3,'후딘','초능력포켓몬'),(65,4,'胡地','念力寶可夢'),(65,5,'Alakazam','Pokémon Psy'),(65,6,'Simsala','Psi-Pokémon'),(65,7,'Alakazam','Pokémon Psi'),(65,8,'Alakazam','Pokémon Psico'),(65,9,'Alakazam','Psi Pokémon'),(65,11,'フーディン','ねんりきポケモン'),(65,12,'胡地','念力宝可梦'),(66,1,'ワンリキー','かいりきポケモン'),(66,2,'Wanriky',''),(66,3,'알통몬','괴력포켓몬'),(66,4,'腕力','怪力寶可夢'),(66,5,'Machoc','Pokémon Colosse'),(66,6,'Machollo','Kraftprotz-Pokémon'),(66,7,'Machop','Pokémon Superpoder'),(66,8,'Machop','Pokémon Megaforza'),(66,9,'Machop','Superpower Pokémon'),(66,11,'ワンリキー','かいりきポケモン'),(66,12,'腕力','怪力宝可梦'),(67,1,'ゴーリキー','かいりきポケモン'),(67,2,'Goriky',''),(67,3,'근육몬','괴력포켓몬'),(67,4,'豪力','怪力寶可夢'),(67,5,'Machopeur','Pokémon Colosse'),(67,6,'Maschock','Kraftprotz-Pokémon'),(67,7,'Machoke','Pokémon Superpoder'),(67,8,'Machoke','Pokémon Megaforza'),(67,9,'Machoke','Superpower Pokémon'),(67,11,'ゴーリキー','かいりきポケモン'),(67,12,'豪力','怪力宝可梦'),(68,1,'カイリキー','かいりきポケモン'),(68,2,'Kairiky',''),(68,3,'괴력몬','괴력포켓몬'),(68,4,'怪力','怪力寶可夢'),(68,5,'Mackogneur','Pokémon Colosse'),(68,6,'Machomei','Kraftprotz-Pokémon'),(68,7,'Machamp','Pokémon Superpoder'),(68,8,'Machamp','Pokémon Megaforza'),(68,9,'Machamp','Superpower Pokémon'),(68,11,'カイリキー','かいりきポケモン'),(68,12,'怪力','怪力宝可梦'),(69,1,'マダツボミ','フラワーポケモン'),(69,2,'Madatsubomi',''),(69,3,'모다피','꽃포켓몬'),(69,4,'喇叭芽','花寶可夢'),(69,5,'Chétiflor','Pokémon Fleur'),(69,6,'Knofensa','Blume'),(69,7,'Bellsprout','Pokémon Flor'),(69,8,'Bellsprout','Pokémon Fiore'),(69,9,'Bellsprout','Flower Pokémon'),(69,11,'マダツボミ','フラワーポケモン'),(69,12,'喇叭芽','花宝可梦'),(70,1,'ウツドン','ハエとりポケモン'),(70,2,'Utsudon',''),(70,3,'우츠동','파리잡이포켓몬'),(70,4,'口呆花','捕蠅寶可夢'),(70,5,'Boustiflor','Pokémon Carnivore'),(70,6,'Ultrigaria','Fliegentod'),(70,7,'Weepinbell','Pokémon Matamoscas'),(70,8,'Weepinbell','Pokémon Moschivoro'),(70,9,'Weepinbell','Flycatcher Pokémon'),(70,11,'ウツドン','ハエとりポケモン'),(70,12,'口呆花','捕蝇宝可梦'),(71,1,'ウツボット','ハエとりポケモン'),(71,2,'Utsubot',''),(71,3,'우츠보트','파리잡이포켓몬'),(71,4,'大食花','捕蠅寶可夢'),(71,5,'Empiflor','Pokémon Carnivore'),(71,6,'Sarzenia','Fliegentod'),(71,7,'Victreebel','Pokémon Matamoscas'),(71,8,'Victreebel','Pokémon Moschivoro'),(71,9,'Victreebel','Flycatcher Pokémon'),(71,11,'ウツボット','ハエとりポケモン'),(71,12,'大食花','捕蝇宝可梦'),(72,1,'メノクラゲ','くらげポケモン'),(72,2,'Menokurage',''),(72,3,'왕눈해','해파리포켓몬'),(72,4,'瑪瑙水母','水母寶可夢'),(72,5,'Tentacool','Pokémon Mollusque'),(72,6,'Tentacha','Quallen-Pokémon'),(72,7,'Tentacool','Pokémon Medusa'),(72,8,'Tentacool','Pokémon Medusa'),(72,9,'Tentacool','Jellyfish Pokémon'),(72,11,'メノクラゲ','くらげポケモン'),(72,12,'玛瑙水母','水母宝可梦'),(73,1,'ドククラゲ','くらげポケモン'),(73,2,'Dokukurage',''),(73,3,'독파리','해파리포켓몬'),(73,4,'毒刺水母','水母寶可夢'),(73,5,'Tentacruel','Pokémon Mollusque'),(73,6,'Tentoxa','Quallen-Pokémon'),(73,7,'Tentacruel','Pokémon Medusa'),(73,8,'Tentacruel','Pokémon Medusa'),(73,9,'Tentacruel','Jellyfish Pokémon'),(73,11,'ドククラゲ','くらげポケモン'),(73,12,'毒刺水母','水母宝可梦'),(74,1,'イシツブテ','がんせきポケモン'),(74,2,'Isitsubute',''),(74,3,'꼬마돌','암석포켓몬'),(74,4,'小拳石','岩石寶可夢'),(74,5,'Racaillou','Pokémon Roche'),(74,6,'Kleinstein','Gestein'),(74,7,'Geodude','Pokémon Roca'),(74,8,'Geodude','Pokémon Roccia'),(74,9,'Geodude','Rock Pokémon'),(74,11,'イシツブテ','がんせきポケモン'),(74,12,'小拳石','岩石宝可梦'),(75,1,'ゴローン','がんせきポケモン'),(75,2,'Golone',''),(75,3,'데구리','암석포켓몬'),(75,4,'隆隆石','岩石寶可夢'),(75,5,'Gravalanch','Pokémon Roche'),(75,6,'Georok','Gestein'),(75,7,'Graveler','Pokémon Roca'),(75,8,'Graveler','Pokémon Roccia'),(75,9,'Graveler','Rock Pokémon'),(75,11,'ゴローン','がんせきポケモン'),(75,12,'隆隆石','岩石宝可梦'),(76,1,'ゴローニャ','メガトンポケモン'),(76,2,'Golonya',''),(76,3,'딱구리','메가톤포켓몬'),(76,4,'隆隆岩','重量級寶可夢'),(76,5,'Grolem','Pokémon Titanesque'),(76,6,'Geowaz','Urgestein'),(76,7,'Golem','Pokémon Megatón'),(76,8,'Golem','Pokémon Megatone'),(76,9,'Golem','Megaton Pokémon'),(76,11,'ゴローニャ','メガトンポケモン'),(76,12,'隆隆岩','重量级宝可梦'),(77,1,'ポニータ','ひのうまポケモン'),(77,2,'Ponyta',''),(77,3,'포니타','불의말포켓몬'),(77,4,'小火馬','火馬寶可夢'),(77,5,'Ponyta','Pokémon Cheval Feu'),(77,6,'Ponita','Feuerpferd-Pokémon'),(77,7,'Ponyta','Pokémon Caballo Fuego'),(77,8,'Ponyta','Pokémon Cavalfuoco'),(77,9,'Ponyta','Fire Horse Pokémon'),(77,11,'ポニータ','ひのうまポケモン'),(77,12,'小火马','火马宝可梦'),(78,1,'ギャロップ','ひのうまポケモン'),(78,2,'Gallop',''),(78,3,'날쌩마','불의말포켓몬'),(78,4,'烈焰馬','火馬寶可夢'),(78,5,'Galopa','Pokémon Cheval Feu'),(78,6,'Gallopa','Feuerpferd-Pokémon'),(78,7,'Rapidash','Pokémon Caballo Fuego'),(78,8,'Rapidash','Pokémon Cavalfuoco'),(78,9,'Rapidash','Fire Horse Pokémon'),(78,11,'ギャロップ','ひのうまポケモン'),(78,12,'烈焰马','火马宝可梦'),(79,1,'ヤドン','まぬけポケモン'),(79,2,'Yadon',''),(79,3,'야돈','얼간이포켓몬'),(79,4,'呆呆獸','憨憨寶可夢'),(79,5,'Ramoloss','Pokémon Crétin'),(79,6,'Flegmon','Schnarcher-Pokémon'),(79,7,'Slowpoke','Pokémon Atontado'),(79,8,'Slowpoke','Pokémon Ronfone'),(79,9,'Slowpoke','Dopey Pokémon'),(79,11,'ヤドン','まぬけポケモン'),(79,12,'呆呆兽','憨憨宝可梦'),(80,1,'ヤドラン','やどかりポケモン'),(80,2,'Yadoran',''),(80,3,'야도란','기생포켓몬'),(80,4,'呆殼獸','寄居蟹寶可夢'),(80,5,'Flagadoss','Pokémon Symbiose'),(80,6,'Lahmus','Symbiose-Pokémon'),(80,7,'Slowbro','Pokémon Ermitaño'),(80,8,'Slowbro','Pokémon Paguro'),(80,9,'Slowbro','Hermit Crab Pokémon'),(80,11,'ヤドラン','やどかりポケモン'),(80,12,'呆壳兽','寄居蟹宝可梦'),(81,1,'コイル','じしゃくポケモン'),(81,2,'Coil',''),(81,3,'코일','자석포켓몬'),(81,4,'小磁怪','磁鐵寶可夢'),(81,5,'Magnéti','Pokémon Magnétique'),(81,6,'Magnetilo','Magnet-Pokémon'),(81,7,'Magnemite','Pokémon Imán'),(81,8,'Magnemite','Pokémon Calamita'),(81,9,'Magnemite','Magnet Pokémon'),(81,11,'コイル','じしゃくポケモン'),(81,12,'小磁怪','磁铁宝可梦'),(82,1,'レアコイル','じしゃくポケモン'),(82,2,'Rarecoil',''),(82,3,'레어코일','자석포켓몬'),(82,4,'三合一磁怪','磁鐵寶可夢'),(82,5,'Magnéton','Pokémon Magnétique'),(82,6,'Magneton','Magnet-Pokémon'),(82,7,'Magneton','Pokémon Imán'),(82,8,'Magneton','Pokémon Calamita'),(82,9,'Magneton','Magnet Pokémon'),(82,11,'レアコイル','じしゃくポケモン'),(82,12,'三合一磁怪','磁铁宝可梦'),(83,1,'カモネギ','かるがもポケモン'),(83,2,'Kamonegi',''),(83,3,'파오리','청둥오리포켓몬'),(83,4,'大蔥鴨','黃嘴鴨寶可夢'),(83,5,'Canarticho','Pokémon Canard Fou'),(83,6,'Porenta','Wildenten-Pokémon'),(83,7,'Farfetch’d','Pokémon Pato Salvaje'),(83,8,'Farfetch’d','Pokémon Selvanatra'),(83,9,'Farfetch’d','Wild Duck Pokémon'),(83,11,'カモネギ','かるがもポケモン'),(83,12,'大葱鸭','黄嘴鸭宝可梦'),(84,1,'ドードー','ふたごどりポケモン'),(84,2,'Dodo',''),(84,3,'두두','쌍둥이새포켓몬'),(84,4,'嘟嘟','兩頭鳥寶可夢'),(84,5,'Doduo','Pokémon Duoiseau'),(84,6,'Dodu','Duovogel'),(84,7,'Doduo','Pokémon Ave Gemela'),(84,8,'Doduo','Pokémon Biuccello'),(84,9,'Doduo','Twin Bird Pokémon'),(84,11,'ドードー','ふたごどりポケモン'),(84,12,'嘟嘟','两头鸟宝可梦'),(85,1,'ドードリオ','みつごどりポケモン'),(85,2,'Dodorio',''),(85,3,'두트리오','세쌍둥이새포켓몬'),(85,4,'嘟嘟利','三頭鳥寶可夢'),(85,5,'Dodrio','Pokémon Trioiseau'),(85,6,'Dodri','Trivogel'),(85,7,'Dodrio','Pokémon Ave Triple'),(85,8,'Dodrio','Pokémon Triuccello'),(85,9,'Dodrio','Triple Bird Pokémon'),(85,11,'ドードリオ','みつごどりポケモン'),(85,12,'嘟嘟利','三头鸟宝可梦'),(86,1,'パウワウ','あしかポケモン'),(86,2,'Pawou',''),(86,3,'쥬쥬','강치포켓몬'),(86,4,'小海獅','海獅寶可夢'),(86,5,'Otaria','Pokémon Otarie'),(86,6,'Jurob','Seehund'),(86,7,'Seel','Pokémon León Marino'),(86,8,'Seel','Pokémon Otaria'),(86,9,'Seel','Sea Lion Pokémon'),(86,11,'パウワウ','あしかポケモン'),(86,12,'小海狮','海狮宝可梦'),(87,1,'ジュゴン','あしかポケモン'),(87,2,'Jugon',''),(87,3,'쥬레곤','강치포켓몬'),(87,4,'白海獅','海獅寶可夢'),(87,5,'Lamantine','Pokémon Otarie'),(87,6,'Jugong','Seehund'),(87,7,'Dewgong','Pokémon León Marino'),(87,8,'Dewgong','Pokémon Otaria'),(87,9,'Dewgong','Sea Lion Pokémon'),(87,11,'ジュゴン','あしかポケモン'),(87,12,'白海狮','海狮宝可梦'),(88,1,'ベトベター','ヘドロポケモン'),(88,2,'Betbeter',''),(88,3,'질퍽이','진흙포켓몬'),(88,4,'臭泥','污泥寶可夢'),(88,5,'Tadmorv','Pokémon Dégueu'),(88,6,'Sleima','Schlamm'),(88,7,'Grimer','Pokémon Lodo'),(88,8,'Grimer','Pokémon Melma'),(88,9,'Grimer','Sludge Pokémon'),(88,11,'ベトベター','ヘドロポケモン'),(88,12,'臭泥','污泥宝可梦'),(89,1,'ベトベトン','ヘドロポケモン'),(89,2,'Betbeton',''),(89,3,'질뻐기','진흙포켓몬'),(89,4,'臭臭泥','污泥寶可夢'),(89,5,'Grotadmorv','Pokémon Dégueu'),(89,6,'Sleimok','Schlamm'),(89,7,'Muk','Pokémon Lodo'),(89,8,'Muk','Pokémon Melma'),(89,9,'Muk','Sludge Pokémon'),(89,11,'ベトベトン','ヘドロポケモン'),(89,12,'臭臭泥','污泥宝可梦'),(90,1,'シェルダー','２まいがいポケモン'),(90,2,'Shellder',''),(90,3,'셀러','두조개포켓몬'),(90,4,'大舌貝','雙殼貝寶可夢'),(90,5,'Kokiyas','Pokémon Bivalve'),(90,6,'Muschas','Muschel-Pokémon'),(90,7,'Shellder','Pokémon Bivalvo'),(90,8,'Shellder','Pokémon Bivalve'),(90,9,'Shellder','Bivalve Pokémon'),(90,11,'シェルダー','２まいがいポケモン'),(90,12,'大舌贝','双壳贝宝可梦'),(91,1,'パルシェン','２まいがいポケモン'),(91,2,'Parshen',''),(91,3,'파르셀','두조개포켓몬'),(91,4,'刺甲貝','雙殼貝寶可夢'),(91,5,'Crustabri','Pokémon Bivalve'),(91,6,'Austos','Muschel-Pokémon'),(91,7,'Cloyster','Pokémon Bivalvo'),(91,8,'Cloyster','Pokémon Bivalve'),(91,9,'Cloyster','Bivalve Pokémon'),(91,11,'パルシェン','２まいがいポケモン'),(91,12,'刺甲贝','双壳贝宝可梦'),(92,1,'ゴース','ガスじょうポケモン'),(92,2,'Ghos',''),(92,3,'고오스','가스포켓몬'),(92,4,'鬼斯','氣體狀寶可夢'),(92,5,'Fantominus','Pokémon Gaz'),(92,6,'Nebulak','Gas-Pokémon'),(92,7,'Gastly','Pokémon Gas'),(92,8,'Gastly','Pokémon Gas'),(92,9,'Gastly','Gas Pokémon'),(92,11,'ゴース','ガスじょうポケモン'),(92,12,'鬼斯','气体状宝可梦'),(93,1,'ゴースト','ガスじょうポケモン'),(93,2,'Ghost',''),(93,3,'고우스트','가스포켓몬'),(93,4,'鬼斯通','氣體狀寶可夢'),(93,5,'Spectrum','Pokémon Gaz'),(93,6,'Alpollo','Gas-Pokémon'),(93,7,'Haunter','Pokémon Gas'),(93,8,'Haunter','Pokémon Gas'),(93,9,'Haunter','Gas Pokémon'),(93,11,'ゴースト','ガスじょうポケモン'),(93,12,'鬼斯通','气体状宝可梦'),(94,1,'ゲンガー','シャドーポケモン'),(94,2,'Gangar',''),(94,3,'팬텀','그림자포켓몬'),(94,4,'耿鬼','影子寶可夢'),(94,5,'Ectoplasma','Pokémon Ombre'),(94,6,'Gengar','Schatten-Pokémon'),(94,7,'Gengar','Pokémon Sombra'),(94,8,'Gengar','Pokémon Ombra'),(94,9,'Gengar','Shadow Pokémon'),(94,11,'ゲンガー','シャドーポケモン'),(94,12,'耿鬼','影子宝可梦'),(95,1,'イワーク','いわへびポケモン'),(95,2,'Iwark',''),(95,3,'롱스톤','돌뱀포켓몬'),(95,4,'大岩蛇','岩蛇寶可夢'),(95,5,'Onix','Pokémon Serpenroc'),(95,6,'Onix','Felsnatter-Pokémon'),(95,7,'Onix','Pokémon Serpiente Roca'),(95,8,'Onix','Pokémon Serpesasso'),(95,9,'Onix','Rock Snake Pokémon'),(95,11,'イワーク','いわへびポケモン'),(95,12,'大岩蛇','岩蛇宝可梦'),(96,1,'スリープ','さいみんポケモン'),(96,2,'Sleep',''),(96,3,'슬리프','최면포켓몬'),(96,4,'催眠貘','催眠寶可夢'),(96,5,'Soporifik','Pokémon Hypnose'),(96,6,'Traumato','Hypnose'),(96,7,'Drowzee','Pokémon Hipnosis'),(96,8,'Drowzee','Pokémon Ipnosi'),(96,9,'Drowzee','Hypnosis Pokémon'),(96,11,'スリープ','さいみんポケモン'),(96,12,'催眠貘','催眠宝可梦'),(97,1,'スリーパー','さいみんポケモン'),(97,2,'Sleeper',''),(97,3,'슬리퍼','최면포켓몬'),(97,4,'引夢貘人','催眠寶可夢'),(97,5,'Hypnomade','Pokémon Hypnose'),(97,6,'Hypno','Hypnose'),(97,7,'Hypno','Pokémon Hipnosis'),(97,8,'Hypno','Pokémon Ipnosi'),(97,9,'Hypno','Hypnosis Pokémon'),(97,11,'スリーパー','さいみんポケモン'),(97,12,'引梦貘人','催眠宝可梦'),(98,1,'クラブ','さわがにポケモン'),(98,2,'Crab',''),(98,3,'크랩','게포켓몬'),(98,4,'大鉗蟹','清水蟹寶可夢'),(98,5,'Krabby','Pokémon Doux Crabe'),(98,6,'Krabby','Krabben-Pokémon'),(98,7,'Krabby','Pokémon Cangrejo'),(98,8,'Krabby','Pokémon Granchio'),(98,9,'Krabby','River Crab Pokémon'),(98,11,'クラブ','さわがにポケモン'),(98,12,'大钳蟹','清水蟹宝可梦'),(99,1,'キングラー','はさみポケモン'),(99,2,'Kingler',''),(99,3,'킹크랩','집게포켓몬'),(99,4,'巨鉗蟹','鉗子寶可夢'),(99,5,'Krabboss','Pokémon Pince'),(99,6,'Kingler','Kneifer-Pokémon'),(99,7,'Kingler','Pokémon Tenaza'),(99,8,'Kingler','Pokémon Chela'),(99,9,'Kingler','Pincer Pokémon'),(99,11,'キングラー','はさみポケモン'),(99,12,'巨钳蟹','钳子宝可梦'),(100,1,'ビリリダマ','ボールポケモン'),(100,2,'Biriridama',''),(100,3,'찌리리공','볼포켓몬'),(100,4,'霹靂電球','球寶可夢'),(100,5,'Voltorbe','Pokémon Balle'),(100,6,'Voltobal','Ball'),(100,7,'Voltorb','Pokémon Bola'),(100,8,'Voltorb','Pokémon Ball'),(100,9,'Voltorb','Ball Pokémon'),(100,11,'ビリリダマ','ボールポケモン'),(100,12,'霹雳电球','球宝可梦'),(101,1,'マルマイン','ボールポケモン'),(101,2,'Marumine',''),(101,3,'붐볼','볼포켓몬'),(101,4,'頑皮雷彈','球寶可夢'),(101,5,'Électrode','Pokémon Balle'),(101,6,'Lektrobal','Ball'),(101,7,'Electrode','Pokémon Bola'),(101,8,'Electrode','Pokémon Ball'),(101,9,'Electrode','Ball Pokémon'),(101,11,'マルマイン','ボールポケモン'),(101,12,'顽皮雷弹','球宝可梦'),(102,1,'タマタマ','たまごポケモン'),(102,2,'Tamatama',''),(102,3,'아라리','알포켓몬'),(102,4,'蛋蛋','蛋寶可夢'),(102,5,'Noeunoeuf','Pokémon Œuf'),(102,6,'Owei','Ei-Pokémon'),(102,7,'Exeggcute','Pokémon Huevo'),(102,8,'Exeggcute','Pokémon Uovo'),(102,9,'Exeggcute','Egg Pokémon'),(102,11,'タマタマ','たまごポケモン'),(102,12,'蛋蛋','蛋宝可梦'),(103,1,'ナッシー','やしのみポケモン'),(103,2,'Nassy',''),(103,3,'나시','야자열매포켓몬'),(103,4,'椰蛋樹','椰子寶可夢'),(103,5,'Noadkoko','Pokémon Fruitpalme'),(103,6,'Kokowei','Palmfrucht-Pokémon'),(103,7,'Exeggutor','Pokémon Coco'),(103,8,'Exeggutor','Pokémon Nocecocco'),(103,9,'Exeggutor','Coconut Pokémon'),(103,11,'ナッシー','やしのみポケモン'),(103,12,'椰蛋树','椰子宝可梦'),(104,1,'カラカラ','こどくポケモン'),(104,2,'Karakara',''),(104,3,'탕구리','고독포켓몬'),(104,4,'卡拉卡拉','孤獨寶可夢'),(104,5,'Osselait','Pokémon Solitaire'),(104,6,'Tragosso','Einsam-Pokémon'),(104,7,'Cubone','Pokémon Solitario'),(104,8,'Cubone','Pokémon Solitario'),(104,9,'Cubone','Lonely Pokémon'),(104,11,'カラカラ','こどくポケモン'),(104,12,'卡拉卡拉','孤独宝可梦'),(105,1,'ガラガラ','ほねずきポケモン'),(105,2,'Garagara',''),(105,3,'텅구리','뼈다귀포켓몬'),(105,4,'嘎啦嘎啦','愛骨寶可夢'),(105,5,'Ossatueur','Pokémon Gard’Os'),(105,6,'Knogga','Knochenfan-Pokémon'),(105,7,'Marowak','Pokémon Apilahueso'),(105,8,'Marowak','Pokémon Guardaossi'),(105,9,'Marowak','Bone Keeper Pokémon'),(105,11,'ガラガラ','ほねずきポケモン'),(105,12,'嘎啦嘎啦','爱骨宝可梦'),(106,1,'サワムラー','キックポケモン'),(106,2,'Sawamular',''),(106,3,'시라소몬','킥포켓몬'),(106,4,'飛腿郎','踢腿寶可夢'),(106,5,'Kicklee','Pokémon Latteur'),(106,6,'Kicklee','Kicker-Pokémon'),(106,7,'Hitmonlee','Pokémon Patada'),(106,8,'Hitmonlee','Pokémon Tiracalci'),(106,9,'Hitmonlee','Kicking Pokémon'),(106,11,'サワムラー','キックポケモン'),(106,12,'飞腿郎','踢腿宝可梦'),(107,1,'エビワラー','パンチポケモン'),(107,2,'Ebiwalar',''),(107,3,'홍수몬','펀치포켓몬'),(107,4,'快拳郎','拳擊寶可夢'),(107,5,'Tygnon','Pokémon Puncheur'),(107,6,'Nockchan','Puncher-Pokémon'),(107,7,'Hitmonchan','Pokémon Puñetazo'),(107,8,'Hitmonchan','Pokémon Tirapugni'),(107,9,'Hitmonchan','Punching Pokémon'),(107,11,'エビワラー','パンチポケモン'),(107,12,'快拳郎','拳击宝可梦'),(108,1,'ベロリンガ','なめまわしポケモン'),(108,2,'Beroringa',''),(108,3,'내루미','핥기포켓몬'),(108,4,'大舌頭','舔舔寶可夢'),(108,5,'Excelangue','Pokémon Lécheur'),(108,6,'Schlurp','Schlecker-Pokémon'),(108,7,'Lickitung','Pokémon Lametazo'),(108,8,'Lickitung','Pokémon Linguaccia'),(108,9,'Lickitung','Licking Pokémon'),(108,11,'ベロリンガ','なめまわしポケモン'),(108,12,'大舌头','舔舔宝可梦'),(109,1,'ドガース','どくガスポケモン'),(109,2,'Dogars',''),(109,3,'또가스','독가스포켓몬'),(109,4,'瓦斯彈','毒氣寶可夢'),(109,5,'Smogo','Pokémon Gaz Mortel'),(109,6,'Smogon','Giftwolken-Pokémon'),(109,7,'Koffing','Pokémon Gas Venenoso'),(109,8,'Koffing','Pokémon Velenuvola'),(109,9,'Koffing','Poison Gas Pokémon'),(109,11,'ドガース','どくガスポケモン'),(109,12,'瓦斯弹','毒气宝可梦'),(110,1,'マタドガス','どくガスポケモン'),(110,2,'Matadogas',''),(110,3,'또도가스','독가스포켓몬'),(110,4,'雙彈瓦斯','毒氣寶可夢'),(110,5,'Smogogo','Pokémon Gaz Mortel'),(110,6,'Smogmog','Giftwolken-Pokémon'),(110,7,'Weezing','Pokémon Gas Venenoso'),(110,8,'Weezing','Pokémon Velenuvola'),(110,9,'Weezing','Poison Gas Pokémon'),(110,11,'マタドガス','どくガスポケモン'),(110,12,'双弹瓦斯','毒气宝可梦'),(111,1,'サイホーン','とげとげポケモン'),(111,2,'Sihorn',''),(111,3,'뿔카노','뿔포켓몬'),(111,4,'獨角犀牛','尖尖寶可夢'),(111,5,'Rhinocorne','Pokémon Piquant'),(111,6,'Rihorn','Stachler-Pokémon'),(111,7,'Rhyhorn','Pokémon Clavos'),(111,8,'Rhyhorn','Pokémon Punzoni'),(111,9,'Rhyhorn','Spikes Pokémon'),(111,11,'サイホーン','とげとげポケモン'),(111,12,'独角犀牛','尖尖宝可梦'),(112,1,'サイドン','ドリルポケモン'),(112,2,'Sidon',''),(112,3,'코뿌리','드릴포켓몬'),(112,4,'鑽角犀獸','鑽錐寶可夢'),(112,5,'Rhinoféros','Pokémon Perceur'),(112,6,'Rizeros','Bohrer-Pokémon'),(112,7,'Rhydon','Pokémon Taladro'),(112,8,'Rhydon','Pokémon Trapano'),(112,9,'Rhydon','Drill Pokémon'),(112,11,'サイドン','ドリルポケモン'),(112,12,'钻角犀兽','钻锥宝可梦'),(113,1,'ラッキー','たまごポケモン'),(113,2,'Lucky',''),(113,3,'럭키','알포켓몬'),(113,4,'吉利蛋','蛋寶可夢'),(113,5,'Leveinard','Pokémon Œuf'),(113,6,'Chaneira','Ei-Pokémon'),(113,7,'Chansey','Pokémon Huevo'),(113,8,'Chansey','Pokémon Uovo'),(113,9,'Chansey','Egg Pokémon'),(113,11,'ラッキー','たまごポケモン'),(113,12,'吉利蛋','蛋宝可梦'),(114,1,'モンジャラ','ツルじょうポケモン'),(114,2,'Monjara',''),(114,3,'덩쿠리','넝쿨포켓몬'),(114,4,'蔓藤怪','藤蔓狀寶可夢'),(114,5,'Saquedeneu','Pokémon Vigne'),(114,6,'Tangela','Ranken-Pokémon'),(114,7,'Tangela','Pokémon Enredadera'),(114,8,'Tangela','Pokémon Liana'),(114,9,'Tangela','Vine Pokémon'),(114,11,'モンジャラ','ツルじょうポケモン'),(114,12,'蔓藤怪','藤蔓状宝可梦'),(115,1,'ガルーラ','おやこポケモン'),(115,2,'Garura',''),(115,3,'캥카','가족포켓몬'),(115,4,'袋獸','親子寶可夢'),(115,5,'Kangourex','Pokémon Maternel'),(115,6,'Kangama','Muttertier-Pokémon'),(115,7,'Kangaskhan','Pokémon Maternal'),(115,8,'Kangaskhan','Pokémon Genitore'),(115,9,'Kangaskhan','Parent Pokémon'),(115,11,'ガルーラ','おやこポケモン'),(115,12,'袋兽','亲子宝可梦'),(116,1,'タッツー','ドラゴンポケモン'),(116,2,'Tattu',''),(116,3,'쏘드라','드래곤포켓몬'),(116,4,'墨海馬','龍寶可夢'),(116,5,'Hypotrempe','Pokémon Dragon'),(116,6,'Seeper','Drachen-Pokémon'),(116,7,'Horsea','Pokémon Dragón'),(116,8,'Horsea','Pokémon Drago'),(116,9,'Horsea','Dragon Pokémon'),(116,11,'タッツー','ドラゴンポケモン'),(116,12,'墨海马','龙宝可梦'),(117,1,'シードラ','ドラゴンポケモン'),(117,2,'Seadra',''),(117,3,'시드라','드래곤포켓몬'),(117,4,'海刺龍','龍寶可夢'),(117,5,'Hypocéan','Pokémon Dragon'),(117,6,'Seemon','Drachen-Pokémon'),(117,7,'Seadra','Pokémon Dragón'),(117,8,'Seadra','Pokémon Drago'),(117,9,'Seadra','Dragon Pokémon'),(117,11,'シードラ','ドラゴンポケモン'),(117,12,'海刺龙','龙宝可梦'),(118,1,'トサキント','きんぎょポケモン'),(118,2,'Tosakinto',''),(118,3,'콘치','금붕어포켓몬'),(118,4,'角金魚','金魚寶可夢'),(118,5,'Poissirène','Pokémon Poisson'),(118,6,'Goldini','Goldfisch-Pokémon'),(118,7,'Goldeen','Pokémon Pez Color'),(118,8,'Goldeen','Pokémon Pescerosso'),(118,9,'Goldeen','Goldfish Pokémon'),(118,11,'トサキント','きんぎょポケモン'),(118,12,'角金鱼','金鱼宝可梦'),(119,1,'アズマオウ','きんぎょポケモン'),(119,2,'Azumao',''),(119,3,'왕콘치','금붕어포켓몬'),(119,4,'金魚王','金魚寶可夢'),(119,5,'Poissoroy','Pokémon Poisson'),(119,6,'Golking','Goldfisch-Pokémon'),(119,7,'Seaking','Pokémon Pez Color'),(119,8,'Seaking','Pokémon Pescerosso'),(119,9,'Seaking','Goldfish Pokémon'),(119,11,'アズマオウ','きんぎょポケモン'),(119,12,'金鱼王','金鱼宝可梦'),(120,1,'ヒトデマン','ほしがたポケモン'),(120,2,'Hitodeman',''),(120,3,'별가사리','별포켓몬'),(120,4,'海星星','星形寶可夢'),(120,5,'Stari','Pokémon Étoile'),(120,6,'Sterndu','Sternform-Pokémon'),(120,7,'Staryu','Pokémon Estrella'),(120,8,'Staryu','Pokémon Stella'),(120,9,'Staryu','Star Shape Pokémon'),(120,11,'ヒトデマン','ほしがたポケモン'),(120,12,'海星星','星形宝可梦'),(121,1,'スターミー','なぞのポケモン'),(121,2,'Starmie',''),(121,3,'아쿠스타','수수께끼포켓몬'),(121,4,'寶石海星','謎寶可夢'),(121,5,'Staross','Pokémon Mystérieux'),(121,6,'Starmie','Mysteriös-Pokémon'),(121,7,'Starmie','Pokémon Misterioso'),(121,8,'Starmie','Pokémon Misterioso'),(121,9,'Starmie','Mysterious Pokémon'),(121,11,'スターミー','なぞのポケモン'),(121,12,'宝石海星','谜宝可梦'),(122,1,'バリヤード','バリアーポケモン'),(122,2,'Barrierd',''),(122,3,'마임맨','배리어포켓몬'),(122,4,'魔牆人偶','屏障寶可夢'),(122,5,'M. Mime','Pokémon Bloqueur'),(122,6,'Pantimos','Sperren-Pokémon'),(122,7,'Mr. Mime','Pokémon Barrera'),(122,8,'Mr. Mime','Pokémon Barriera'),(122,9,'Mr. Mime','Barrier Pokémon'),(122,11,'バリヤード','バリアーポケモン'),(122,12,'魔墙人偶','屏障宝可梦'),(123,1,'ストライク','かまきりポケモン'),(123,2,'Strike',''),(123,3,'스라크','버마재비포켓몬'),(123,4,'飛天螳螂','螳螂寶可夢'),(123,5,'Insécateur','Pokémon Mante'),(123,6,'Sichlor','Mantis-Pokémon'),(123,7,'Scyther','Pokémon Mantis'),(123,8,'Scyther','Pokémon Mantide'),(123,9,'Scyther','Mantis Pokémon'),(123,11,'ストライク','かまきりポケモン'),(123,12,'飞天螳螂','螳螂宝可梦'),(124,1,'ルージュラ','ひとがたポケモン'),(124,2,'Rougela',''),(124,3,'루주라','인간형태포켓몬'),(124,4,'迷唇姐','人形寶可夢'),(124,5,'Lippoutou','Pokémon Humanoïde'),(124,6,'Rossana','Humanotyp-Pokémon'),(124,7,'Jynx','Pokémon Forma Humana'),(124,8,'Jynx','Pokémon Umanoide'),(124,9,'Jynx','Human Shape Pokémon'),(124,11,'ルージュラ','ひとがたポケモン'),(124,12,'迷唇姐','人形宝可梦'),(125,1,'エレブー','でんげきポケモン'),(125,2,'Eleboo',''),(125,3,'에레브','전기포켓몬'),(125,4,'電擊獸','電擊寶可夢'),(125,5,'Élektek','Pokémon Électrique'),(125,6,'Elektek','Elektro-Pokémon'),(125,7,'Electabuzz','Pokémon Eléctrico'),(125,8,'Electabuzz','Pokémon Elettrico'),(125,9,'Electabuzz','Electric Pokémon'),(125,11,'エレブー','でんげきポケモン'),(125,12,'电击兽','电击宝可梦'),(126,1,'ブーバー','ひふきポケモン'),(126,2,'Boober',''),(126,3,'마그마','불뿜기포켓몬'),(126,4,'鴨嘴火獸','吐火寶可夢'),(126,5,'Magmar','Pokémon Crache-Feu'),(126,6,'Magmar','Brenner-Pokémon'),(126,7,'Magmar','Pokémon Escupefuego'),(126,8,'Magmar','Pokémon Sputafuoco'),(126,9,'Magmar','Spitfire Pokémon'),(126,11,'ブーバー','ひふきポケモン'),(126,12,'鸭嘴火兽','吐火宝可梦'),(127,1,'カイロス','くわがたポケモン'),(127,2,'Kailios',''),(127,3,'쁘사이저','뿔집게포켓몬'),(127,4,'凱羅斯','鍬形蟲寶可夢'),(127,5,'Scarabrute','Pokémon Scarabée'),(127,6,'Pinsir','Kneifkäfer-Pokémon'),(127,7,'Pinsir','Pokémon Escarabajo'),(127,8,'Pinsir','Pokémon Cervolante'),(127,9,'Pinsir','Stag Beetle Pokémon'),(127,11,'カイロス','くわがたポケモン'),(127,12,'凯罗斯','锹形虫宝可梦'),(128,1,'ケンタロス','あばれうしポケモン'),(128,2,'Kentauros',''),(128,3,'켄타로스','성난소포켓몬'),(128,4,'肯泰羅','暴牛寶可夢'),(128,5,'Tauros','Pokémon Buffle'),(128,6,'Tauros','Wildbullen-Pokémon'),(128,7,'Tauros','Pokémon Toro Bravo'),(128,8,'Tauros','Pokémon Torobrado'),(128,9,'Tauros','Wild Bull Pokémon'),(128,11,'ケンタロス','あばれうしポケモン'),(128,12,'肯泰罗','暴牛宝可梦'),(129,1,'コイキング','さかなポケモン'),(129,2,'Koiking',''),(129,3,'잉어킹','물고기포켓몬'),(129,4,'鯉魚王','魚寶可夢'),(129,5,'Magicarpe','Pokémon Poisson'),(129,6,'Karpador','Fisch-Pokémon'),(129,7,'Magikarp','Pokémon Pez'),(129,8,'Magikarp','Pokémon Pesce'),(129,9,'Magikarp','Fish Pokémon'),(129,11,'コイキング','さかなポケモン'),(129,12,'鲤鱼王','鱼宝可梦'),(130,1,'ギャラドス','きょうあくポケモン'),(130,2,'Gyarados',''),(130,3,'갸라도스','흉악포켓몬'),(130,4,'暴鯉龍','凶惡寶可夢'),(130,5,'Léviator','Pokémon Terrifiant'),(130,6,'Garados','Grausam-Pokémon'),(130,7,'Gyarados','Pokémon Atrocidad'),(130,8,'Gyarados','Pokémon Atroce'),(130,9,'Gyarados','Atrocious Pokémon'),(130,11,'ギャラドス','きょうあくポケモン'),(130,12,'暴鲤龙','凶恶宝可梦'),(131,1,'ラプラス','のりものポケモン'),(131,2,'Laplace',''),(131,3,'라프라스','탈것포켓몬'),(131,4,'拉普拉斯','乘載寶可夢'),(131,5,'Lokhlass','Pokémon Transport'),(131,6,'Lapras','Transport-Pokémon'),(131,7,'Lapras','Pokémon Transporte'),(131,8,'Lapras','Pokémon Trasporto'),(131,9,'Lapras','Transport Pokémon'),(131,11,'ラプラス','のりものポケモン'),(131,12,'拉普拉斯','乘载宝可梦'),(132,1,'メタモン','へんしんポケモン'),(132,2,'Metamon',''),(132,3,'메타몽','변신포켓몬'),(132,4,'百變怪','變身寶可夢'),(132,5,'Métamorph','Pokémon Morphing'),(132,6,'Ditto','Transform-Pokémon'),(132,7,'Ditto','Pokémon Transformación'),(132,8,'Ditto','Pokémon Mutante'),(132,9,'Ditto','Transform Pokémon'),(132,11,'メタモン','へんしんポケモン'),(132,12,'百变怪','变身宝可梦'),(133,1,'イーブイ','しんかポケモン'),(133,2,'Eievui',''),(133,3,'이브이','진화포켓몬'),(133,4,'伊布','進化寶可夢'),(133,5,'Évoli','Pokémon Évolutif'),(133,6,'Evoli','Evolutions-Pokémon'),(133,7,'Eevee','Pokémon Evolución'),(133,8,'Eevee','Pokémon Evoluzione'),(133,9,'Eevee','Evolution Pokémon'),(133,11,'イーブイ','しんかポケモン'),(133,12,'伊布','进化宝可梦'),(134,1,'シャワーズ','あわはきポケモン'),(134,2,'Showers',''),(134,3,'샤미드','거품뿜기포켓몬'),(134,4,'水伊布','吐泡寶可夢'),(134,5,'Aquali','Pokémon Bulleur'),(134,6,'Aquana','Blubbblasen-Pokémon'),(134,7,'Vaporeon','Pokémon Burbuja'),(134,8,'Vaporeon','Pokémon Bollajet'),(134,9,'Vaporeon','Bubble Jet Pokémon'),(134,11,'シャワーズ','あわはきポケモン'),(134,12,'水伊布','吐泡宝可梦'),(135,1,'サンダース','かみなりポケモン'),(135,2,'Thunders',''),(135,3,'쥬피썬더','번개포켓몬'),(135,4,'雷伊布','雷寶可夢'),(135,5,'Voltali','Pokémon Orage'),(135,6,'Blitza','Blitz-Pokémon'),(135,7,'Jolteon','Pokémon Relámpago'),(135,8,'Jolteon','Pokémon Luminoso'),(135,9,'Jolteon','Lightning Pokémon'),(135,11,'サンダース','かみなりポケモン'),(135,12,'雷伊布','雷宝可梦'),(136,1,'ブースター','ほのおポケモン'),(136,2,'Booster',''),(136,3,'부스터','불꽃포켓몬'),(136,4,'火伊布','火寶可夢'),(136,5,'Pyroli','Pokémon Flamme'),(136,6,'Flamara','Feuer-Pokémon'),(136,7,'Flareon','Pokémon Llama'),(136,8,'Flareon','Pokémon Fiamma'),(136,9,'Flareon','Flame Pokémon'),(136,11,'ブースター','ほのおポケモン'),(136,12,'火伊布','火宝可梦'),(137,1,'ポリゴン','バーチャルポケモン'),(137,2,'Porygon',''),(137,3,'폴리곤','가상포켓몬'),(137,4,'多邊獸','虛擬寶可夢'),(137,5,'Porygon','Pokémon Virtuel'),(137,6,'Porygon','Virtuell-Pokémon'),(137,7,'Porygon','Pokémon Virtual'),(137,8,'Porygon','Pokémon Virtuale'),(137,9,'Porygon','Virtual Pokémon'),(137,11,'ポリゴン','バーチャルポケモン'),(137,12,'多边兽','虚拟宝可梦'),(138,1,'オムナイト','うずまきポケモン'),(138,2,'Omnite',''),(138,3,'암나이트','소용돌이포켓몬'),(138,4,'菊石獸','漩渦寶可夢'),(138,5,'Amonita','Pokémon Spirale'),(138,6,'Amonitas','Spiralen-Pokémon'),(138,7,'Omanyte','Pokémon Espiral'),(138,8,'Omanyte','Pokémon Spirale'),(138,9,'Omanyte','Spiral Pokémon'),(138,11,'オムナイト','うずまきポケモン'),(138,12,'菊石兽','漩涡宝可梦'),(139,1,'オムスター','うずまきポケモン'),(139,2,'Omstar',''),(139,3,'암스타','소용돌이포켓몬'),(139,4,'多刺菊石獸','漩渦寶可夢'),(139,5,'Amonistar','Pokémon Spirale'),(139,6,'Amoroso','Spiralen-Pokémon'),(139,7,'Omastar','Pokémon Espiral'),(139,8,'Omastar','Pokémon Spirale'),(139,9,'Omastar','Spiral Pokémon'),(139,11,'オムスター','うずまきポケモン'),(139,12,'多刺菊石兽','漩涡宝可梦'),(140,1,'カブト','こうらポケモン'),(140,2,'Kabuto',''),(140,3,'투구','껍질포켓몬'),(140,4,'化石盔','甲殼寶可夢'),(140,5,'Kabuto','Pokémon Carapace'),(140,6,'Kabuto','Schaltier-Pokémon'),(140,7,'Kabuto','Pokémon Armazón'),(140,8,'Kabuto','Pokémon Crostaceo'),(140,9,'Kabuto','Shellfish Pokémon'),(140,11,'カブト','こうらポケモン'),(140,12,'化石盔','甲壳宝可梦'),(141,1,'カブトプス','こうらポケモン'),(141,2,'Kabutops',''),(141,3,'투구푸스','껍질포켓몬'),(141,4,'鐮刀盔','甲殼寶可夢'),(141,5,'Kabutops','Pokémon Carapace'),(141,6,'Kabutops','Schaltier-Pokémon'),(141,7,'Kabutops','Pokémon Armazón'),(141,8,'Kabutops','Pokémon Crostaceo'),(141,9,'Kabutops','Shellfish Pokémon'),(141,11,'カブトプス','こうらポケモン'),(141,12,'镰刀盔','甲壳宝可梦'),(142,1,'プテラ','かせきポケモン'),(142,2,'Ptera',''),(142,3,'프테라','화석포켓몬'),(142,4,'化石翼龍','化石寶可夢'),(142,5,'Ptéra','Pokémon Fossile'),(142,6,'Aerodactyl','Fossil-Pokémon'),(142,7,'Aerodactyl','Pokémon Fósil'),(142,8,'Aerodactyl','Pokémon Fossile'),(142,9,'Aerodactyl','Fossil Pokémon'),(142,11,'プテラ','かせきポケモン'),(142,12,'化石翼龙','化石宝可梦'),(143,1,'カビゴン','いねむりポケモン'),(143,2,'Kabigon',''),(143,3,'잠만보','졸음포켓몬'),(143,4,'卡比獸','瞌睡寶可夢'),(143,5,'Ronflex','Pokémon Pionceur'),(143,6,'Relaxo','Tagträumer-Pokémon'),(143,7,'Snorlax','Pokémon Dormir'),(143,8,'Snorlax','Pokémon Sonno'),(143,9,'Snorlax','Sleeping Pokémon'),(143,11,'カビゴン','いねむりポケモン'),(143,12,'卡比兽','瞌睡宝可梦'),(144,1,'フリーザー','れいとうポケモン'),(144,2,'Freezer',''),(144,3,'프리져','냉동포켓몬'),(144,4,'急凍鳥','冰凍寶可夢'),(144,5,'Artikodin','Pokémon Glaciaire'),(144,6,'Arktos','Eis-Pokémon'),(144,7,'Articuno','Pokémon Congelar'),(144,8,'Articuno','Pokémon Gelo'),(144,9,'Articuno','Freeze Pokémon'),(144,11,'フリーザー','れいとうポケモン'),(144,12,'急冻鸟','冰冻宝可梦'),(145,1,'サンダー','でんげきポケモン'),(145,2,'Thunder',''),(145,3,'썬더','전기포켓몬'),(145,4,'閃電鳥','電擊寶可夢'),(145,5,'Électhor','Pokémon Électrique'),(145,6,'Zapdos','Elektro-Pokémon'),(145,7,'Zapdos','Pokémon Eléctrico'),(145,8,'Zapdos','Pokémon Elettrico'),(145,9,'Zapdos','Electric Pokémon'),(145,11,'サンダー','でんげきポケモン'),(145,12,'闪电鸟','电击宝可梦'),(146,1,'ファイヤー','かえんポケモン'),(146,2,'Fire',''),(146,3,'파이어','화염포켓몬'),(146,4,'火焰鳥','火焰寶可夢'),(146,5,'Sulfura','Pokémon Flamme'),(146,6,'Lavados','Flammen-Pokémon'),(146,7,'Moltres','Pokémon Llama'),(146,8,'Moltres','Pokémon Fiamma'),(146,9,'Moltres','Flame Pokémon'),(146,11,'ファイヤー','かえんポケモン'),(146,12,'火焰鸟','火焰宝可梦'),(147,1,'ミニリュウ','ドラゴンポケモン'),(147,2,'Miniryu',''),(147,3,'미뇽','드래곤포켓몬'),(147,4,'迷你龍','龍寶可夢'),(147,5,'Minidraco','Pokémon Dragon'),(147,6,'Dratini','Drachen-Pokémon'),(147,7,'Dratini','Pokémon Dragón'),(147,8,'Dratini','Pokémon Drago'),(147,9,'Dratini','Dragon Pokémon'),(147,11,'ミニリュウ','ドラゴンポケモン'),(147,12,'迷你龙','龙宝可梦'),(148,1,'ハクリュー','ドラゴンポケモン'),(148,2,'Hakuryu',''),(148,3,'신뇽','드래곤포켓몬'),(148,4,'哈克龍','龍寶可夢'),(148,5,'Draco','Pokémon Dragon'),(148,6,'Dragonir','Drachen-Pokémon'),(148,7,'Dragonair','Pokémon Dragón'),(148,8,'Dragonair','Pokémon Drago'),(148,9,'Dragonair','Dragon Pokémon'),(148,11,'ハクリュー','ドラゴンポケモン'),(148,12,'哈克龙','龙宝可梦'),(149,1,'カイリュー','ドラゴンポケモン'),(149,2,'Kairyu',''),(149,3,'망나뇽','드래곤포켓몬'),(149,4,'快龍','龍寶可夢'),(149,5,'Dracolosse','Pokémon Dragon'),(149,6,'Dragoran','Drachen-Pokémon'),(149,7,'Dragonite','Pokémon Dragón'),(149,8,'Dragonite','Pokémon Drago'),(149,9,'Dragonite','Dragon Pokémon'),(149,11,'カイリュー','ドラゴンポケモン'),(149,12,'快龙','龙宝可梦'),(150,1,'ミュウツー','いでんしポケモン'),(150,2,'Mewtwo',''),(150,3,'뮤츠','유전포켓몬'),(150,4,'超夢','基因寶可夢'),(150,5,'Mewtwo','Pokémon Génétique'),(150,6,'Mewtu','Genmutanten-Pokémon'),(150,7,'Mewtwo','Pokémon Genético'),(150,8,'Mewtwo','Pokémon Genetico'),(150,9,'Mewtwo','Genetic Pokémon'),(150,11,'ミュウツー','いでんしポケモン'),(150,12,'超梦','基因宝可梦'),(151,1,'ミュウ','しんしゅポケモン'),(151,2,'Mew',''),(151,3,'뮤','신종포켓몬'),(151,4,'夢幻','新種寶可夢'),(151,5,'Mew','Pokémon Nouveau'),(151,6,'Mew','Neue Art-Pokémon'),(151,7,'Mew','Pokémon Nueva Especie'),(151,8,'Mew','Pokémon Novaspecie'),(151,9,'Mew','New Species Pokémon'),(151,11,'ミュウ','しんしゅポケモン'),(151,12,'梦幻','新种宝可梦'),(152,1,'チコリータ','はっぱポケモン'),(152,2,'Chicorita',''),(152,3,'치코리타','잎사귀포켓몬'),(152,4,'菊草葉','葉子寶可夢'),(152,5,'Germignon','Pokémon Feuille'),(152,6,'Endivie','Laub'),(152,7,'Chikorita','Pokémon Hoja'),(152,8,'Chikorita','Pokémon Foglia'),(152,9,'Chikorita','Leaf Pokémon'),(152,11,'チコリータ','はっぱポケモン'),(152,12,'菊草叶','叶子宝可梦'),(153,1,'ベイリーフ','はっぱポケモン'),(153,2,'Bayleaf',''),(153,3,'베이리프','잎사귀포켓몬'),(153,4,'月桂葉','葉子寶可夢'),(153,5,'Macronium','Pokémon Feuille'),(153,6,'Lorblatt','Laub'),(153,7,'Bayleef','Pokémon Hoja'),(153,8,'Bayleef','Pokémon Foglia'),(153,9,'Bayleef','Leaf Pokémon'),(153,11,'ベイリーフ','はっぱポケモン'),(153,12,'月桂叶','叶子宝可梦'),(154,1,'メガニウム','ハーブポケモン'),(154,2,'Meganium',''),(154,3,'메가니움','허브포켓몬'),(154,4,'大竺葵','芳草寶可夢'),(154,5,'Méganium','Pokémon Herbe'),(154,6,'Meganie','Kräuter'),(154,7,'Meganium','Pokémon Hierba'),(154,8,'Meganium','Pokémon Erbe'),(154,9,'Meganium','Herb Pokémon'),(154,11,'メガニウム','ハーブポケモン'),(154,12,'大竺葵','芳草宝可梦'),(155,1,'ヒノアラシ','ひねずみポケモン'),(155,2,'Hinoarashi',''),(155,3,'브케인','불쥐포켓몬'),(155,4,'火球鼠','火鼠寶可夢'),(155,5,'Héricendre','Pokémon Souris Feu'),(155,6,'Feurigel','Feuermaus'),(155,7,'Cyndaquil','Pokémon Ratón Fuego'),(155,8,'Cyndaquil','Pokémon Fuocotopo'),(155,9,'Cyndaquil','Fire Mouse Pokémon'),(155,11,'ヒノアラシ','ひねずみポケモン'),(155,12,'火球鼠','火鼠宝可梦'),(156,1,'マグマラシ','かざんポケモン'),(156,2,'Magmarashi',''),(156,3,'마그케인','화산포켓몬'),(156,4,'火岩鼠','火山寶可夢'),(156,5,'Feurisson','Pokémon Volcan'),(156,6,'Igelavar','Vulkan'),(156,7,'Quilava','Pokémon Volcán'),(156,8,'Quilava','Pokémon Vulcano'),(156,9,'Quilava','Volcano Pokémon'),(156,11,'マグマラシ','かざんポケモン'),(156,12,'火岩鼠','火山宝可梦'),(157,1,'バクフーン','かざんポケモン'),(157,2,'Bakphoon',''),(157,3,'블레이범','화산포켓몬'),(157,4,'火爆獸','火山寶可夢'),(157,5,'Typhlosion','Pokémon Volcan'),(157,6,'Tornupto','Vulkan'),(157,7,'Typhlosion','Pokémon Volcán'),(157,8,'Typhlosion','Pokémon Vulcano'),(157,9,'Typhlosion','Volcano Pokémon'),(157,11,'バクフーン','かざんポケモン'),(157,12,'火暴兽','火山宝可梦'),(158,1,'ワニノコ','おおあごポケモン'),(158,2,'Waninoko',''),(158,3,'리아코','큰턱포켓몬'),(158,4,'小鋸鱷','大顎寶可夢'),(158,5,'Kaiminus','Pokémon Mâchoire'),(158,6,'Karnimani','Großmaul'),(158,7,'Totodile','Pokémon Fauces'),(158,8,'Totodile','Pokémon Mascellone'),(158,9,'Totodile','Big Jaw Pokémon'),(158,11,'ワニノコ','おおあごポケモン'),(158,12,'小锯鳄','大颚宝可梦'),(159,1,'アリゲイツ','おおあごポケモン'),(159,2,'Alligates',''),(159,3,'엘리게이','큰턱포켓몬'),(159,4,'藍鱷','大顎寶可夢'),(159,5,'Crocrodil','Pokémon Mâchoire'),(159,6,'Tyracroc','Großmaul'),(159,7,'Croconaw','Pokémon Fauces'),(159,8,'Croconaw','Pokémon Mascellone'),(159,9,'Croconaw','Big Jaw Pokémon'),(159,11,'アリゲイツ','おおあごポケモン'),(159,12,'蓝鳄','大颚宝可梦'),(160,1,'オーダイル','おおあごポケモン'),(160,2,'Ordile',''),(160,3,'장크로다일','큰턱포켓몬'),(160,4,'大力鱷','大顎寶可夢'),(160,5,'Aligatueur','Pokémon Mâchoire'),(160,6,'Impergator','Großmaul'),(160,7,'Feraligatr','Pokémon Fauces'),(160,8,'Feraligatr','Pokémon Mascellone'),(160,9,'Feraligatr','Big Jaw Pokémon'),(160,11,'オーダイル','おおあごポケモン'),(160,12,'大力鳄','大颚宝可梦'),(161,1,'オタチ','みはりポケモン'),(161,2,'Otachi',''),(161,3,'꼬리선','망보기포켓몬'),(161,4,'尾立','放哨寶可夢'),(161,5,'Fouinette','Pokémon Espion'),(161,6,'Wiesor','Späher'),(161,7,'Sentret','Pokémon Explorador'),(161,8,'Sentret','Pokémon Esplorante'),(161,9,'Sentret','Scout Pokémon'),(161,11,'オタチ','みはりポケモン'),(161,12,'尾立','放哨宝可梦'),(162,1,'オオタチ','どうながポケモン'),(162,2,'Ootachi',''),(162,3,'다꼬리','긴몸통포켓몬'),(162,4,'大尾立','長軀幹寶可夢'),(162,5,'Fouinar','Pokémon Allongé'),(162,6,'Wiesenior','Langleib'),(162,7,'Furret','Pokémon Alargado'),(162,8,'Furret','Pokémon Lungocorpo'),(162,9,'Furret','Long Body Pokémon'),(162,11,'オオタチ','どうながポケモン'),(162,12,'大尾立','长躯干宝可梦'),(163,1,'ホーホー','ふくろうポケモン'),(163,2,'Hoho',''),(163,3,'부우부','부엉이포켓몬'),(163,4,'咕咕','貓頭鷹寶可夢'),(163,5,'Hoothoot','Pokémon Hibou'),(163,6,'Hoothoot','Eulen-Pokémon'),(163,7,'Hoothoot','Pokémon Búho'),(163,8,'Hoothoot','Pokémon Gufo'),(163,9,'Hoothoot','Owl Pokémon'),(163,11,'ホーホー','ふくろうポケモン'),(163,12,'咕咕','猫头鹰宝可梦'),(164,1,'ヨルノズク','ふくろうポケモン'),(164,2,'Yorunozuku',''),(164,3,'야부엉','부엉이포켓몬'),(164,4,'貓頭夜鷹','貓頭鷹寶可夢'),(164,5,'Noarfang','Pokémon Hibou'),(164,6,'Noctuh','Eulen-Pokémon'),(164,7,'Noctowl','Pokémon Búho'),(164,8,'Noctowl','Pokémon Gufo'),(164,9,'Noctowl','Owl Pokémon'),(164,11,'ヨルノズク','ふくろうポケモン'),(164,12,'猫头夜鹰','猫头鹰宝可梦'),(165,1,'レディバ','いつつぼしポケモン'),(165,2,'Rediba',''),(165,3,'레디바','별다섯포켓몬'),(165,4,'芭瓢蟲','五星寶可夢'),(165,5,'Coxy','Pokémon 5 Étoiles'),(165,6,'Ledyba','Fünf-Punkt'),(165,7,'Ledyba','Pokémon 5 Estrellas'),(165,8,'Ledyba','Pokémon Pentastra'),(165,9,'Ledyba','Five Star Pokémon'),(165,11,'レディバ','いつつぼしポケモン'),(165,12,'芭瓢虫','五星宝可梦'),(166,1,'レディアン','いつつぼしポケモン'),(166,2,'Redian',''),(166,3,'레디안','별다섯포켓몬'),(166,4,'安瓢蟲','五星寶可夢'),(166,5,'Coxyclaque','Pokémon 5 Étoiles'),(166,6,'Ledian','Fünf-Punkt'),(166,7,'Ledian','Pokémon 5 Estrellas'),(166,8,'Ledian','Pokémon Pentastra'),(166,9,'Ledian','Five Star Pokémon'),(166,11,'レディアン','いつつぼしポケモン'),(166,12,'安瓢虫','五星宝可梦'),(167,1,'イトマル','いとはきポケモン'),(167,2,'Itomaru',''),(167,3,'페이검','실뿜기포켓몬'),(167,4,'圓絲蛛','吐絲寶可夢'),(167,5,'Mimigal','Pokémon Crache Fil'),(167,6,'Webarak','Fadenwurf'),(167,7,'Spinarak','Pokémon Escupesoga'),(167,8,'Spinarak','Pokémon Tela'),(167,9,'Spinarak','String Spit Pokémon'),(167,11,'イトマル','いとはきポケモン'),(167,12,'圆丝蛛','吐丝宝可梦'),(168,1,'アリアドス','あしながポケモン'),(168,2,'Ariados',''),(168,3,'아리아도스','롱다리포켓몬'),(168,4,'阿利多斯','長腿寶可夢'),(168,5,'Migalos','Pokémon Long-Patte'),(168,6,'Ariados','Langbein'),(168,7,'Ariados','Pokémon Pata Larga'),(168,8,'Ariados','Pokémon Lungazampa'),(168,9,'Ariados','Long Leg Pokémon'),(168,11,'アリアドス','あしながポケモン'),(168,12,'阿利多斯','长腿宝可梦'),(169,1,'クロバット','こうもりポケモン'),(169,2,'Crobat',''),(169,3,'크로뱃','박쥐포켓몬'),(169,4,'叉字蝠','蝙蝠寶可夢'),(169,5,'Nostenfer','Pokémon Chovsouris'),(169,6,'Iksbat','Fledermaus-Pokémon'),(169,7,'Crobat','Pokémon Murciélago'),(169,8,'Crobat','Pokémon Pipistrello'),(169,9,'Crobat','Bat Pokémon'),(169,11,'クロバット','こうもりポケモン'),(169,12,'叉字蝠','蝙蝠宝可梦'),(170,1,'チョンチー','あんこうポケモン'),(170,2,'Chonchie',''),(170,3,'초라기','아귀포켓몬'),(170,4,'燈籠魚','琵琶魚寶可夢'),(170,5,'Loupio','Pokémon Poisson'),(170,6,'Lampi','Angler-Pokémon'),(170,7,'Chinchou','Pokémon Rape'),(170,8,'Chinchou','Pokémon Pescatore'),(170,9,'Chinchou','Angler Pokémon'),(170,11,'チョンチー','あんこうポケモン'),(170,12,'灯笼鱼','琵琶鱼宝可梦'),(171,1,'ランターン','ライトポケモン'),(171,2,'Lantern',''),(171,3,'랜턴','라이트포켓몬'),(171,4,'電燈怪','燈寶可夢'),(171,5,'Lanturn','Pokémon Lumière'),(171,6,'Lanturn','Leuchten-Pokémon'),(171,7,'Lanturn','Pokémon Luz'),(171,8,'Lanturn','Pokémon Luce'),(171,9,'Lanturn','Light Pokémon'),(171,11,'ランターン','ライトポケモン'),(171,12,'电灯怪','灯宝可梦'),(172,1,'ピチュー','こねずみポケモン'),(172,2,'Pichu',''),(172,3,'피츄','아기쥐포켓몬'),(172,4,'皮丘','小鼠寶可夢'),(172,5,'Pichu','Pokémon Minisouris'),(172,6,'Pichu','Babymaus-Pokémon'),(172,7,'Pichu','Pokémon Ratoncito'),(172,8,'Pichu','Pokémon Topino'),(172,9,'Pichu','Tiny Mouse Pokémon'),(172,11,'ピチュー','こねずみポケモン'),(172,12,'皮丘','小鼠宝可梦'),(173,1,'ピィ','ほしがたポケモン'),(173,2,'Py',''),(173,3,'삐','별포켓몬'),(173,4,'皮寶寶','星形寶可夢'),(173,5,'Mélo','Pokémon Étoile'),(173,6,'Pii','Sternform-Pokémon'),(173,7,'Cleffa','Pokémon Estrella'),(173,8,'Cleffa','Pokémon Stella'),(173,9,'Cleffa','Star Shape Pokémon'),(173,11,'ピィ','ほしがたポケモン'),(173,12,'皮宝宝','星形宝可梦'),(174,1,'ププリン','ふうせんポケモン'),(174,2,'Pupurin',''),(174,3,'푸푸린','풍선포켓몬'),(174,4,'寶寶丁','氣球寶可夢'),(174,5,'Toudoudou','Pokémon Bouboule'),(174,6,'Fluffeluff','Ballon-Pokémon'),(174,7,'Igglybuff','Pokémon Globo'),(174,8,'Igglybuff','Pokémon Pallone'),(174,9,'Igglybuff','Balloon Pokémon'),(174,11,'ププリン','ふうせんポケモン'),(174,12,'宝宝丁','气球宝可梦'),(175,1,'トゲピー','はりたまポケモン'),(175,2,'Togepy',''),(175,3,'토게피','바늘알포켓몬'),(175,4,'波克比','針球寶可夢'),(175,5,'Togepi','Pokémon Balle Pic'),(175,6,'Togepi','Zackenball-Pokémon'),(175,7,'Togepi','Pokémon Bolaclavos'),(175,8,'Togepi','Pokémon Pallapunte'),(175,9,'Togepi','Spike Ball Pokémon'),(175,11,'トゲピー','はりたまポケモン'),(175,12,'波克比','针球宝可梦'),(176,1,'トゲチック','しあわせポケモン'),(176,2,'Togechick',''),(176,3,'토게틱','행복포켓몬'),(176,4,'波克基古','幸福寶可夢'),(176,5,'Togetic','Pokémon Bonheur'),(176,6,'Togetic','Freuden-Pokémon'),(176,7,'Togetic','Pokémon Felicidad'),(176,8,'Togetic','Pokémon Felicità'),(176,9,'Togetic','Happiness Pokémon'),(176,11,'トゲチック','しあわせポケモン'),(176,12,'波克基古','幸福宝可梦'),(177,1,'ネイティ','ことりポケモン'),(177,2,'Naty',''),(177,3,'네이티','아기새포켓몬'),(177,4,'天然雀','小鳥寶可夢'),(177,5,'Natu','Pokémon Minoiseau'),(177,6,'Natu','Kleinvogel-Pokémon'),(177,7,'Natu','Pokémon Pajarito'),(177,8,'Natu','Pokémon Uccellino'),(177,9,'Natu','Tiny Bird Pokémon'),(177,11,'ネイティ','ことりポケモン'),(177,12,'天然雀','小鸟宝可梦'),(178,1,'ネイティオ','せいれいポケモン'),(178,2,'Natio',''),(178,3,'네이티오','정령포켓몬'),(178,4,'天然鳥','神秘寶可夢'),(178,5,'Xatu','Pokémon Mystique'),(178,6,'Xatu','Mystik-Pokémon'),(178,7,'Xatu','Pokémon Místico'),(178,8,'Xatu','Pokémon Magico'),(178,9,'Xatu','Mystic Pokémon'),(178,11,'ネイティオ','せいれいポケモン'),(178,12,'天然鸟','神秘宝可梦'),(179,1,'メリープ','わたげポケモン'),(179,2,'Merriep',''),(179,3,'메리프','솜털포켓몬'),(179,4,'咩利羊','綿毛寶可夢'),(179,5,'Wattouat','Pokémon Laine'),(179,6,'Voltilamm','Wolle'),(179,7,'Mareep','Pokémon Lana'),(179,8,'Mareep','Pokémon Lana'),(179,9,'Mareep','Wool Pokémon'),(179,11,'メリープ','わたげポケモン'),(179,12,'咩利羊','绵毛宝可梦'),(180,1,'モココ','わたげポケモン'),(180,2,'Mokoko',''),(180,3,'보송송','솜털포켓몬'),(180,4,'茸茸羊','綿毛寶可夢'),(180,5,'Lainergie','Pokémon Laine'),(180,6,'Waaty','Wolle'),(180,7,'Flaaffy','Pokémon Lana'),(180,8,'Flaaffy','Pokémon Lana'),(180,9,'Flaaffy','Wool Pokémon'),(180,11,'モココ','わたげポケモン'),(180,12,'茸茸羊','绵毛宝可梦'),(181,1,'デンリュウ','ライトポケモン'),(181,2,'Denryu',''),(181,3,'전룡','라이트포켓몬'),(181,4,'電龍','燈寶可夢'),(181,5,'Pharamp','Pokémon Lumière'),(181,6,'Ampharos','Leuchte'),(181,7,'Ampharos','Pokémon Luz'),(181,8,'Ampharos','Pokémon Luce'),(181,9,'Ampharos','Light Pokémon'),(181,11,'デンリュウ','ライトポケモン'),(181,12,'电龙','灯宝可梦'),(182,1,'キレイハナ','フラワーポケモン'),(182,2,'Kireihana',''),(182,3,'아르코','꽃포켓몬'),(182,4,'美麗花','花寶可夢'),(182,5,'Joliflor','Pokémon Fleur'),(182,6,'Blubella','Blumen-Pokémon'),(182,7,'Bellossom','Pokémon Flor'),(182,8,'Bellossom','Pokémon Fiore'),(182,9,'Bellossom','Flower Pokémon'),(182,11,'キレイハナ','フラワーポケモン'),(182,12,'美丽花','花宝可梦'),(183,1,'マリル','みずねずみポケモン'),(183,2,'Maril',''),(183,3,'마릴','물쥐포켓몬'),(183,4,'瑪力露','水鼠寶可夢'),(183,5,'Marill','Pokémon Aquasouris'),(183,6,'Marill','Aquamaus-Pokémon'),(183,7,'Marill','Pokémon Ratón Agua'),(183,8,'Marill','Pokémon Acquatopo'),(183,9,'Marill','Aqua Mouse Pokémon'),(183,11,'マリル','みずねずみポケモン'),(183,12,'玛力露','水鼠宝可梦'),(184,1,'マリルリ','みずうさぎポケモン'),(184,2,'Marilli',''),(184,3,'마릴리','물토끼포켓몬'),(184,4,'瑪力露麗','水兔寶可夢'),(184,5,'Azumarill','Pokémon Aqualapin'),(184,6,'Azumarill','Aquahasen-Pokémon'),(184,7,'Azumarill','Pokémon Conejo Agua'),(184,8,'Azumarill','Pokémon Acquniglio'),(184,9,'Azumarill','Aqua Rabbit Pokémon'),(184,11,'マリルリ','みずうさぎポケモン'),(184,12,'玛力露丽','水兔宝可梦'),(185,1,'ウソッキー','まねポケモン'),(185,2,'Usokkie',''),(185,3,'꼬지모','흉내포켓몬'),(185,4,'樹才怪','模仿寶可夢'),(185,5,'Simularbre','Pokémon Imitation'),(185,6,'Mogelbaum','Imitations-Pokémon'),(185,7,'Sudowoodo','Pokémon Imitación'),(185,8,'Sudowoodo','Pokémon Imitazione'),(185,9,'Sudowoodo','Imitation Pokémon'),(185,11,'ウソッキー','まねポケモン'),(185,12,'树才怪','模仿宝可梦'),(186,1,'ニョロトノ','かえるポケモン'),(186,2,'Nyorotono',''),(186,3,'왕구리','개구리포켓몬'),(186,4,'蚊香蛙皇','蛙寶可夢'),(186,5,'Tarpaud','Pokémon Grenouille'),(186,6,'Quaxo','Frosch-Pokémon'),(186,7,'Politoed','Pokémon Rana'),(186,8,'Politoed','Pokémon Rana'),(186,9,'Politoed','Frog Pokémon'),(186,11,'ニョロトノ','かえるポケモン'),(186,12,'蚊香蛙皇','蛙宝可梦'),(187,1,'ハネッコ','わたくさポケモン'),(187,2,'Hanecco',''),(187,3,'통통코','솜풀포켓몬'),(187,4,'毽子草','棉草寶可夢'),(187,5,'Granivol','Pokémon Pissenlit'),(187,6,'Hoppspross','Löwenzahn'),(187,7,'Hoppip','Pokémon Algadón'),(187,8,'Hoppip','Pokémon Gramigna'),(187,9,'Hoppip','Cottonweed Pokémon'),(187,11,'ハネッコ','わたくさポケモン'),(187,12,'毽子草','棉草宝可梦'),(188,1,'ポポッコ','わたくさポケモン'),(188,2,'Popocco',''),(188,3,'두코','솜풀포켓몬'),(188,4,'毽子花','棉草寶可夢'),(188,5,'Floravol','Pokémon Pissenlit'),(188,6,'Hubelupf','Löwenzahn'),(188,7,'Skiploom','Pokémon Algadón'),(188,8,'Skiploom','Pokémon Gramigna'),(188,9,'Skiploom','Cottonweed Pokémon'),(188,11,'ポポッコ','わたくさポケモン'),(188,12,'毽子花','棉草宝可梦'),(189,1,'ワタッコ','わたくさポケモン'),(189,2,'Watacco',''),(189,3,'솜솜코','솜풀포켓몬'),(189,4,'毽子棉','棉草寶可夢'),(189,5,'Cotovol','Pokémon Pissenlit'),(189,6,'Papungha','Löwenzahn'),(189,7,'Jumpluff','Pokémon Algadón'),(189,8,'Jumpluff','Pokémon Gramigna'),(189,9,'Jumpluff','Cottonweed Pokémon'),(189,11,'ワタッコ','わたくさポケモン'),(189,12,'毽子棉','棉草宝可梦'),(190,1,'エイパム','おながポケモン'),(190,2,'Eipam',''),(190,3,'에이팜','긴꼬리포켓몬'),(190,4,'長尾怪手','長尾寶可夢'),(190,5,'Capumain','Pokémon Longqueue'),(190,6,'Griffel','Langschweif'),(190,7,'Aipom','Pokémon Cola Larga'),(190,8,'Aipom','Pokémon Lungacoda'),(190,9,'Aipom','Long Tail Pokémon'),(190,11,'エイパム','おながポケモン'),(190,12,'长尾怪手','长尾宝可梦'),(191,1,'ヒマナッツ','たねポケモン'),(191,2,'Himanuts',''),(191,3,'해너츠','씨앗포켓몬'),(191,4,'向日種子','種子寶可夢'),(191,5,'Tournegrin','Pokémon Graine'),(191,6,'Sonnkern','Samen'),(191,7,'Sunkern','Pokémon Semilla'),(191,8,'Sunkern','Pokémon Seme'),(191,9,'Sunkern','Seed Pokémon'),(191,11,'ヒマナッツ','たねポケモン'),(191,12,'向日种子','种子宝可梦'),(192,1,'キマワリ','たいようポケモン'),(192,2,'Kimawari',''),(192,3,'해루미','태양포켓몬'),(192,4,'向日花怪','太陽寶可夢'),(192,5,'Héliatronc','Pokémon Soleil'),(192,6,'Sonnflora','Sonne'),(192,7,'Sunflora','Pokémon Sol'),(192,8,'Sunflora','Pokémon Sole'),(192,9,'Sunflora','Sun Pokémon'),(192,11,'キマワリ','たいようポケモン'),(192,12,'向日花怪','太阳宝可梦'),(193,1,'ヤンヤンマ','うすばねポケモン'),(193,2,'Yanyanma',''),(193,3,'왕자리','얇은날개포켓몬'),(193,4,'蜻蜻蜓','薄翼寶可夢'),(193,5,'Yanma','Pokémon Translaile'),(193,6,'Yanma','Libelle'),(193,7,'Yanma','Pokémon Ala Clara'),(193,8,'Yanma','Pokémon Alachiara'),(193,9,'Yanma','Clear Wing Pokémon'),(193,11,'ヤンヤンマ','うすばねポケモン'),(193,12,'蜻蜻蜓','薄翼宝可梦'),(194,1,'ウパー','みずうおポケモン'),(194,2,'Upah',''),(194,3,'우파','수어포켓몬'),(194,4,'烏波','水魚寶可夢'),(194,5,'Axoloto','Pokémon Poisson'),(194,6,'Felino','Fisch-Pokémon'),(194,7,'Wooper','Pokémon Pez Agua'),(194,8,'Wooper','Pokémon Acquapesce'),(194,9,'Wooper','Water Fish Pokémon'),(194,11,'ウパー','みずうおポケモン'),(194,12,'乌波','水鱼宝可梦'),(195,1,'ヌオー','みずうおポケモン'),(195,2,'Nuoh',''),(195,3,'누오','수어포켓몬'),(195,4,'沼王','水魚寶可夢'),(195,5,'Maraiste','Pokémon Poisson'),(195,6,'Morlord','Fisch-Pokémon'),(195,7,'Quagsire','Pokémon Pez Agua'),(195,8,'Quagsire','Pokémon Acquapesce'),(195,9,'Quagsire','Water Fish Pokémon'),(195,11,'ヌオー','みずうおポケモン'),(195,12,'沼王','水鱼宝可梦'),(196,1,'エーフィ','たいようポケモン'),(196,2,'Eifie',''),(196,3,'에브이','태양포켓몬'),(196,4,'太陽伊布','太陽寶可夢'),(196,5,'Mentali','Pokémon Soleil'),(196,6,'Psiana','Sonnen-Pokémon'),(196,7,'Espeon','Pokémon Sol'),(196,8,'Espeon','Pokémon Sole'),(196,9,'Espeon','Sun Pokémon'),(196,11,'エーフィ','たいようポケモン'),(196,12,'太阳伊布','太阳宝可梦'),(197,1,'ブラッキー','げっこうポケモン'),(197,2,'Blacky',''),(197,3,'블래키','달빛포켓몬'),(197,4,'月亮伊布','月光寶可夢'),(197,5,'Noctali','Pokémon Lune'),(197,6,'Nachtara','Mondschein-Pokémon'),(197,7,'Umbreon','Pokémon Luz Lunar'),(197,8,'Umbreon','Pokémon Lucelunare'),(197,9,'Umbreon','Moonlight Pokémon'),(197,11,'ブラッキー','げっこうポケモン'),(197,12,'月亮伊布','月光宝可梦'),(198,1,'ヤミカラス','くらやみポケモン'),(198,2,'Yamikarasu',''),(198,3,'니로우','어둠포켓몬'),(198,4,'黑暗鴉','黑暗寶可夢'),(198,5,'Cornèbre','Pokémon Obscurité'),(198,6,'Kramurx','Finsternis'),(198,7,'Murkrow','Pokémon Oscuridad'),(198,8,'Murkrow','Pokémon Oscurità'),(198,9,'Murkrow','Darkness Pokémon'),(198,11,'ヤミカラス','くらやみポケモン'),(198,12,'黑暗鸦','黑暗宝可梦'),(199,1,'ヤドキング','おうじゃポケモン'),(199,2,'Yadoking',''),(199,3,'야도킹','임금포켓몬'),(199,4,'呆呆王','王者寶可夢'),(199,5,'Roigada','Pokémon Royal'),(199,6,'Laschoking','Monarchen-Pokémon'),(199,7,'Slowking','Pokémon Regio'),(199,8,'Slowking','Pokémon Reale'),(199,9,'Slowking','Royal Pokémon'),(199,11,'ヤドキング','おうじゃポケモン'),(199,12,'呆呆王','王者宝可梦'),(200,1,'ムウマ','よなきポケモン'),(200,2,'Muma',''),(200,3,'무우마','야명포켓몬'),(200,4,'夢妖','夜啼寶可夢'),(200,5,'Feuforêve','Pokémon Strident'),(200,6,'Traunfugil','Kreischer'),(200,7,'Misdreavus','Pokémon Chirrido'),(200,8,'Misdreavus','Pokémon Strido'),(200,9,'Misdreavus','Screech Pokémon'),(200,11,'ムウマ','よなきポケモン'),(200,12,'梦妖','夜啼宝可梦'),(201,1,'アンノーン','シンボルポケモン'),(201,2,'Unknown',''),(201,3,'안농','심볼포켓몬'),(201,4,'未知圖騰','象徵寶可夢'),(201,5,'Zarbi','Pokémon Symbolique'),(201,6,'Icognito','Symbol'),(201,7,'Unown','Pokémon Símbolo'),(201,8,'Unown','Pokémon Simbolo'),(201,9,'Unown','Symbol Pokémon'),(201,11,'アンノーン','シンボルポケモン'),(201,12,'未知图腾','象征宝可梦'),(202,1,'ソーナンス','がまんポケモン'),(202,2,'Sonans',''),(202,3,'마자용','참기포켓몬'),(202,4,'果然翁','忍耐寶可夢'),(202,5,'Qulbutoké','Pokémon Patient'),(202,6,'Woingenau','Gedulds-Pokémon'),(202,7,'Wobbuffet','Pokémon Paciente'),(202,8,'Wobbuffet','Pokémon Pazienza'),(202,9,'Wobbuffet','Patient Pokémon'),(202,11,'ソーナンス','がまんポケモン'),(202,12,'果然翁','忍耐宝可梦'),(203,1,'キリンリキ','くびながポケモン'),(203,2,'Kirinriki',''),(203,3,'키링키','긴목포켓몬'),(203,4,'麒麟奇','長頸寶可夢'),(203,5,'Girafarig','Pokémon Long-Cou'),(203,6,'Girafarig','Langhals'),(203,7,'Girafarig','Pokémon Gran Cuello'),(203,8,'Girafarig','Pokémon Lungocollo'),(203,9,'Girafarig','Long Neck Pokémon'),(203,11,'キリンリキ','くびながポケモン'),(203,12,'麒麟奇','长颈宝可梦'),(204,1,'クヌギダマ','みのむしポケモン'),(204,2,'Kunugidama',''),(204,3,'피콘','도롱이벌레포켓몬'),(204,4,'榛果球','蓑衣蟲寶可夢'),(204,5,'Pomdepik','Pokémon Ver Caché'),(204,6,'Tannza','Beutelwurm'),(204,7,'Pineco','Pokémon Larva'),(204,8,'Pineco','Pokémon Larva'),(204,9,'Pineco','Bagworm Pokémon'),(204,11,'クヌギダマ','みのむしポケモン'),(204,12,'榛果球','蓑衣虫宝可梦'),(205,1,'フォレトス','みのむしポケモン'),(205,2,'Foretos',''),(205,3,'쏘콘','도롱이벌레포켓몬'),(205,4,'佛烈托斯','蓑衣蟲寶可夢'),(205,5,'Foretress','Pokémon Ver Caché'),(205,6,'Forstellka','Beutelwurm'),(205,7,'Forretress','Pokémon Larva'),(205,8,'Forretress','Pokémon Larva'),(205,9,'Forretress','Bagworm Pokémon'),(205,11,'フォレトス','みのむしポケモン'),(205,12,'佛烈托斯','蓑衣虫宝可梦'),(206,1,'ノコッチ','つちへびポケモン'),(206,2,'Nokocchi',''),(206,3,'노고치','땅뱀포켓몬'),(206,4,'土龍弟弟','地蛇寶可夢'),(206,5,'Insolourdo','Pokémon Serpent'),(206,6,'Dummisel','Schlangen-Pokémon'),(206,7,'Dunsparce','Pokémon Serpiente Tierra'),(206,8,'Dunsparce','Pokémon Terraserpe'),(206,9,'Dunsparce','Land Snake Pokémon'),(206,11,'ノコッチ','つちへびポケモン'),(206,12,'土龙弟弟','地蛇宝可梦'),(207,1,'グライガー','とびさそりポケモン'),(207,2,'Gliger',''),(207,3,'글라이거','날전갈포켓몬'),(207,4,'天蠍','飛蠍寶可夢'),(207,5,'Scorplane','Pokémon Scorpivol'),(207,6,'Skorgla','Flugskorpi'),(207,7,'Gligar','Pokémon Escorpiala'),(207,8,'Gligar','Pokémon Aliscorpio'),(207,9,'Gligar','Fly Scorpion Pokémon'),(207,11,'グライガー','とびさそりポケモン'),(207,12,'天蝎','飞蝎宝可梦'),(208,1,'ハガネール','てつへびポケモン'),(208,2,'Haganeil',''),(208,3,'강철톤','철뱀포켓몬'),(208,4,'大鋼蛇','鐵蛇寶可夢'),(208,5,'Steelix','Pokémon Serpenfer'),(208,6,'Stahlos','Stahlboa-Pokémon'),(208,7,'Steelix','Pokémon Serpiente Férrea'),(208,8,'Steelix','Pokémon Ferroserpe'),(208,9,'Steelix','Iron Snake Pokémon'),(208,11,'ハガネール','てつへびポケモン'),(208,12,'大钢蛇','铁蛇宝可梦'),(209,1,'ブルー','ようせいポケモン'),(209,2,'Bulu',''),(209,3,'블루','요정포켓몬'),(209,4,'布魯','妖精寶可夢'),(209,5,'Snubbull','Pokémon Fée'),(209,6,'Snubbull','Fee'),(209,7,'Snubbull','Pokémon Hada'),(209,8,'Snubbull','Pokémon Fata'),(209,9,'Snubbull','Fairy Pokémon'),(209,11,'ブルー','ようせいポケモン'),(209,12,'布鲁','妖精宝可梦'),(210,1,'グランブル','ようせいポケモン'),(210,2,'Granbulu',''),(210,3,'그랑블루','요정포켓몬'),(210,4,'布魯皇','妖精寶可夢'),(210,5,'Granbull','Pokémon Fée'),(210,6,'Granbull','Fee'),(210,7,'Granbull','Pokémon Hada'),(210,8,'Granbull','Pokémon Fata'),(210,9,'Granbull','Fairy Pokémon'),(210,11,'グランブル','ようせいポケモン'),(210,12,'布鲁皇','妖精宝可梦'),(211,1,'ハリーセン','ふうせんポケモン'),(211,2,'Harysen',''),(211,3,'침바루','풍선포켓몬'),(211,4,'千針魚','氣球寶可夢'),(211,5,'Qwilfish','Pokémon Bouboule'),(211,6,'Baldorfish','Ballon-Pokémon'),(211,7,'Qwilfish','Pokémon Globo'),(211,8,'Qwilfish','Pokémon Pallone'),(211,9,'Qwilfish','Balloon Pokémon'),(211,11,'ハリーセン','ふうせんポケモン'),(211,12,'千针鱼','气球宝可梦'),(212,1,'ハッサム','はさみポケモン'),(212,2,'Hassam',''),(212,3,'핫삼','집게포켓몬'),(212,4,'巨鉗螳螂','鉗子寶可夢'),(212,5,'Cizayox','Pokémon Pince'),(212,6,'Scherox','Kneifer-Pokémon'),(212,7,'Scizor','Pokémon Tenaza'),(212,8,'Scizor','Pokémon Chela'),(212,9,'Scizor','Pincer Pokémon'),(212,11,'ハッサム','はさみポケモン'),(212,12,'巨钳螳螂','钳子宝可梦'),(213,1,'ツボツボ','はっこうポケモン'),(213,2,'Tsubotsubo',''),(213,3,'단단지','발효포켓몬'),(213,4,'壺壺','發酵寶可夢'),(213,5,'Caratroc','Pokémon Pourri'),(213,6,'Pottrott','Schimmel-Pokémon'),(213,7,'Shuckle','Pokémon Moho'),(213,8,'Shuckle','Pokémon Muffa'),(213,9,'Shuckle','Mold Pokémon'),(213,11,'ツボツボ','はっこうポケモン'),(213,12,'壶壶','发酵宝可梦'),(214,1,'ヘラクロス','１ぽんヅノポケモン'),(214,2,'Heracros',''),(214,3,'헤라크로스','외뿔포켓몬'),(214,4,'赫拉克羅斯','獨角寶可夢'),(214,5,'Scarhino','Pokémon Unicorne'),(214,6,'Skaraborn','Einzelhorn-Pokémon'),(214,7,'Heracross','Pokémon Cuerno'),(214,8,'Heracross','Pokémon Monocorno'),(214,9,'Heracross','Single Horn Pokémon'),(214,11,'ヘラクロス','１ぽんヅノポケモン'),(214,12,'赫拉克罗斯','独角宝可梦'),(215,1,'ニューラ','かぎづめポケモン'),(215,2,'Nyula',''),(215,3,'포푸니','갈고리손톱포켓몬'),(215,4,'狃拉','鉤爪寶可夢'),(215,5,'Farfuret','Pokémon Grifacérée'),(215,6,'Sniebel','Stichklauen-Pokémon'),(215,7,'Sneasel','Pokémon Garra Filo'),(215,8,'Sneasel','Pokémon Lamartigli'),(215,9,'Sneasel','Sharp Claw Pokémon'),(215,11,'ニューラ','かぎづめポケモン'),(215,12,'狃拉','钩爪宝可梦'),(216,1,'ヒメグマ','こぐまポケモン'),(216,2,'Himeguma',''),(216,3,'깜지곰','아기곰포켓몬'),(216,4,'熊寶寶','小熊寶可夢'),(216,5,'Teddiursa','Pokémon Mini Ours'),(216,6,'Teddiursa','Kleinbär'),(216,7,'Teddiursa','Pokémon Osito'),(216,8,'Teddiursa','Pokémon Orsetto'),(216,9,'Teddiursa','Little Bear Pokémon'),(216,11,'ヒメグマ','こぐまポケモン'),(216,12,'熊宝宝','小熊宝可梦'),(217,1,'リングマ','とうみんポケモン'),(217,2,'Ringuma',''),(217,3,'링곰','동면포켓몬'),(217,4,'圈圈熊','冬眠寶可夢'),(217,5,'Ursaring','Pokémon Hibernant'),(217,6,'Ursaring','Schläfer'),(217,7,'Ursaring','Pokémon Hibernante'),(217,8,'Ursaring','Pokémon Letargo'),(217,9,'Ursaring','Hibernator Pokémon'),(217,11,'リングマ','とうみんポケモン'),(217,12,'圈圈熊','冬眠宝可梦'),(218,1,'マグマッグ','ようがんポケモン'),(218,2,'Magmag',''),(218,3,'마그마그','용암포켓몬'),(218,4,'熔岩蟲','熔岩寶可夢'),(218,5,'Limagma','Pokémon Lave'),(218,6,'Schneckmag','Lava'),(218,7,'Slugma','Pokémon Lava'),(218,8,'Slugma','Pokémon Lava'),(218,9,'Slugma','Lava Pokémon'),(218,11,'マグマッグ','ようがんポケモン'),(218,12,'熔岩虫','熔岩宝可梦'),(219,1,'マグカルゴ','ようがんポケモン'),(219,2,'Magcargot',''),(219,3,'마그카르고','용암포켓몬'),(219,4,'熔岩蝸牛','熔岩寶可夢'),(219,5,'Volcaropod','Pokémon Lave'),(219,6,'Magcargo','Lava'),(219,7,'Magcargo','Pokémon Lava'),(219,8,'Magcargo','Pokémon Lava'),(219,9,'Magcargo','Lava Pokémon'),(219,11,'マグカルゴ','ようがんポケモン'),(219,12,'熔岩蜗牛','熔岩宝可梦'),(220,1,'ウリムー','いのぶたポケモン'),(220,2,'Urimoo',''),(220,3,'꾸꾸리','산돼지포켓몬'),(220,4,'小山豬','小豬寶可夢'),(220,5,'Marcacrin','Pokémon Cochon'),(220,6,'Quiekel','Ferkel-Pokémon'),(220,7,'Swinub','Pokémon Cerdo'),(220,8,'Swinub','Pokémon Maiale'),(220,9,'Swinub','Pig Pokémon'),(220,11,'ウリムー','いのぶたポケモン'),(220,12,'小山猪','小猪宝可梦'),(221,1,'イノムー','いのししポケモン'),(221,2,'Inomoo',''),(221,3,'메꾸리','멧돼지포켓몬'),(221,4,'長毛豬','野豬寶可夢'),(221,5,'Cochignon','Pokémon Porc'),(221,6,'Keifel','Schwein-Pokémon'),(221,7,'Piloswine','Pokémon Puerco'),(221,8,'Piloswine','Pokémon Suino'),(221,9,'Piloswine','Swine Pokémon'),(221,11,'イノムー','いのししポケモン'),(221,12,'长毛猪','野猪宝可梦'),(222,1,'サニーゴ','さんごポケモン'),(222,2,'Sunnygo',''),(222,3,'코산호','산호포켓몬'),(222,4,'太陽珊瑚','珊瑚寶可夢'),(222,5,'Corayon','Pokémon Corail'),(222,6,'Corasonn','Korallen-Pokémon'),(222,7,'Corsola','Pokémon Coral'),(222,8,'Corsola','Pokémon Corallo'),(222,9,'Corsola','Coral Pokémon'),(222,11,'サニーゴ','さんごポケモン'),(222,12,'太阳珊瑚','珊瑚宝可梦'),(223,1,'テッポウオ','ふんしゃポケモン'),(223,2,'Teppouo',''),(223,3,'총어','분사포켓몬'),(223,4,'鐵炮魚','噴射寶可夢'),(223,5,'Rémoraid','Pokémon Jet'),(223,6,'Remoraid','Hochdruck-Pokémon'),(223,7,'Remoraid','Pokémon Reactor'),(223,8,'Remoraid','Pokémon Jet'),(223,9,'Remoraid','Jet Pokémon'),(223,11,'テッポウオ','ふんしゃポケモン'),(223,12,'铁炮鱼','喷射宝可梦'),(224,1,'オクタン','ふんしゃポケモン'),(224,2,'Okutank',''),(224,3,'대포무노','분사포켓몬'),(224,4,'章魚桶','噴射寶可夢'),(224,5,'Octillery','Pokémon Jet'),(224,6,'Octillery','Hochdruck-Pokémon'),(224,7,'Octillery','Pokémon Reactor'),(224,8,'Octillery','Pokémon Jet'),(224,9,'Octillery','Jet Pokémon'),(224,11,'オクタン','ふんしゃポケモン'),(224,12,'章鱼桶','喷射宝可梦'),(225,1,'デリバード','はこびやポケモン'),(225,2,'Delibird',''),(225,3,'딜리버드','배달포켓몬'),(225,4,'信使鳥','搬運寶可夢'),(225,5,'Cadoizo','Pokémon Livraison'),(225,6,'Botogel','Lieferanten-Pokémon'),(225,7,'Delibird','Pokémon Reparto'),(225,8,'Delibird','Pokémon Consegna'),(225,9,'Delibird','Delivery Pokémon'),(225,11,'デリバード','はこびやポケモン'),(225,12,'信使鸟','搬运宝可梦'),(226,1,'マンタイン','カイトポケモン'),(226,2,'Mantain',''),(226,3,'만타인','연포켓몬'),(226,4,'巨翅飛魚','風箏寶可夢'),(226,5,'Démanta','Pokémon Cervolant'),(226,6,'Mantax','Flugrochen-Pokémon'),(226,7,'Mantine','Pokémon Milano'),(226,8,'Mantine','Pokémon Aquilone'),(226,9,'Mantine','Kite Pokémon'),(226,11,'マンタイン','カイトポケモン'),(226,12,'巨翅飞鱼','风筝宝可梦'),(227,1,'エアームド','よろいどりポケモン'),(227,2,'Airmd',''),(227,3,'무장조','갑옷새포켓몬'),(227,4,'盔甲鳥','鋼甲鳥寶可夢'),(227,5,'Airmure','Pokémon Armoiseau'),(227,6,'Panzaeron','Flugstahl-Pokémon'),(227,7,'Skarmory','Pokémon Coraza Ave'),(227,8,'Skarmory','Pokémon Armuccello'),(227,9,'Skarmory','Armor Bird Pokémon'),(227,11,'エアームド','よろいどりポケモン'),(227,12,'盔甲鸟','钢甲鸟宝可梦'),(228,1,'デルビル','ダークポケモン'),(228,2,'Delvil',''),(228,3,'델빌','다크포켓몬'),(228,4,'戴魯比','陰暗寶可夢'),(228,5,'Malosse','Pokémon Sombre'),(228,6,'Hunduster','Hades'),(228,7,'Houndour','Pokémon Siniestro'),(228,8,'Houndour','Pokémon Buio'),(228,9,'Houndour','Dark Pokémon'),(228,11,'デルビル','ダークポケモン'),(228,12,'戴鲁比','阴暗宝可梦'),(229,1,'ヘルガー','ダークポケモン'),(229,2,'Hellgar',''),(229,3,'헬가','다크포켓몬'),(229,4,'黑魯加','陰暗寶可夢'),(229,5,'Démolosse','Pokémon Sombre'),(229,6,'Hundemon','Hades'),(229,7,'Houndoom','Pokémon Siniestro'),(229,8,'Houndoom','Pokémon Buio'),(229,9,'Houndoom','Dark Pokémon'),(229,11,'ヘルガー','ダークポケモン'),(229,12,'黑鲁加','阴暗宝可梦'),(230,1,'キングドラ','ドラゴンポケモン'),(230,2,'Kingdra',''),(230,3,'킹드라','드래곤포켓몬'),(230,4,'刺龍王','龍寶可夢'),(230,5,'Hyporoi','Pokémon Dragon'),(230,6,'Seedraking','Drachen-Pokémon'),(230,7,'Kingdra','Pokémon Dragón'),(230,8,'Kingdra','Pokémon Drago'),(230,9,'Kingdra','Dragon Pokémon'),(230,11,'キングドラ','ドラゴンポケモン'),(230,12,'刺龙王','龙宝可梦'),(231,1,'ゴマゾウ','ながはなポケモン'),(231,2,'Gomazou',''),(231,3,'코코리','긴코포켓몬'),(231,4,'小小象','長鼻寶可夢'),(231,5,'Phanpy','Pokémon Long-Nez'),(231,6,'Phanpy','Langrüssel'),(231,7,'Phanpy','Pokémon Narizotas'),(231,8,'Phanpy','Pokémon Nasone'),(231,9,'Phanpy','Long Nose Pokémon'),(231,11,'ゴマゾウ','ながはなポケモン'),(231,12,'小小象','长鼻宝可梦'),(232,1,'ドンファン','よろいポケモン'),(232,2,'Donfan',''),(232,3,'코리갑','갑옷포켓몬'),(232,4,'頓甲','鎧甲寶可夢'),(232,5,'Donphan','Pokémon Armure'),(232,6,'Donphan','Panzer'),(232,7,'Donphan','Pokémon Coraza'),(232,8,'Donphan','Pokémon Armatura'),(232,9,'Donphan','Armor Pokémon'),(232,11,'ドンファン','よろいポケモン'),(232,12,'顿甲','铠甲宝可梦'),(233,1,'ポリゴン２','バーチャルポケモン'),(233,2,'Porygon2',''),(233,3,'폴리곤2','가상포켓몬'),(233,4,'多邊獸Ⅱ','虛擬寶可夢'),(233,5,'Porygon2','Pokémon Virtuel'),(233,6,'Porygon2','Virtuell-Pokémon'),(233,7,'Porygon2','Pokémon Virtual'),(233,8,'Porygon2','Pokémon Virtuale'),(233,9,'Porygon2','Virtual Pokémon'),(233,11,'ポリゴン２','バーチャルポケモン'),(233,12,'多边兽２型','虚拟宝可梦'),(234,1,'オドシシ','おおツノポケモン'),(234,2,'Odoshishi',''),(234,3,'노라키','큰뿔포켓몬'),(234,4,'驚角鹿','大角寶可夢'),(234,5,'Cerfrousse','Pokémon Maxi Corne'),(234,6,'Damhirplex','Vielender'),(234,7,'Stantler','Pokémon Gran Cuerno'),(234,8,'Stantler','Pokémon Grancorno'),(234,9,'Stantler','Big Horn Pokémon'),(234,11,'オドシシ','おおツノポケモン'),(234,12,'惊角鹿','大角宝可梦'),(235,1,'ドーブル','えかきポケモン'),(235,2,'Doble',''),(235,3,'루브도','그림장이포켓몬'),(235,4,'圖圖犬','畫畫寶可夢'),(235,5,'Queulorior','Pokémon Peintre'),(235,6,'Farbeagle','Maler'),(235,7,'Smeargle','Pokémon Pintor'),(235,8,'Smeargle','Pokémon Pittore'),(235,9,'Smeargle','Painter Pokémon'),(235,11,'ドーブル','えかきポケモン'),(235,12,'图图犬','画画宝可梦'),(236,1,'バルキー','けんかポケモン'),(236,2,'Balkie',''),(236,3,'배루키','싸움포켓몬'),(236,4,'無畏小子','打鬥寶可夢'),(236,5,'Debugant','Pokémon Bagarreur'),(236,6,'Rabauz','Racker-Pokémon'),(236,7,'Tyrogue','Pokémon Peleón'),(236,8,'Tyrogue','Pokémon Baruffa'),(236,9,'Tyrogue','Scuffle Pokémon'),(236,11,'バルキー','けんかポケモン'),(236,12,'无畏小子','打斗宝可梦'),(237,1,'カポエラー','さかだちポケモン'),(237,2,'Kapoerer',''),(237,3,'카포에라','물구나무포켓몬'),(237,4,'戰舞郎','倒立寶可夢'),(237,5,'Kapoera','Pokémon Poirier'),(237,6,'Kapoera','Kopfstand-Pokémon'),(237,7,'Hitmontop','Pokémon Boca Abajo'),(237,8,'Hitmontop','Pokémon Verticale'),(237,9,'Hitmontop','Handstand Pokémon'),(237,11,'カポエラー','さかだちポケモン'),(237,12,'战舞郎','倒立宝可梦'),(238,1,'ムチュール','くちづけポケモン'),(238,2,'Muchul',''),(238,3,'뽀뽀라','뽀뽀포켓몬'),(238,4,'迷唇娃','親吻寶可夢'),(238,5,'Lippouti','Pokémon Bisou'),(238,6,'Kussilla','Kuss-Pokémon'),(238,7,'Smoochum','Pokémon Beso'),(238,8,'Smoochum','Pokémon Bacio'),(238,9,'Smoochum','Kiss Pokémon'),(238,11,'ムチュール','くちづけポケモン'),(238,12,'迷唇娃','亲吻宝可梦'),(239,1,'エレキッド','でんきポケモン'),(239,2,'Elekid',''),(239,3,'에레키드','전류포켓몬'),(239,4,'電擊怪','電氣寶可夢'),(239,5,'Élekid','Pokémon Électrique'),(239,6,'Elekid','Elektro-Pokémon'),(239,7,'Elekid','Pokémon Eléctrico'),(239,8,'Elekid','Pokémon Elettrico'),(239,9,'Elekid','Electric Pokémon'),(239,11,'エレキッド','でんきポケモン'),(239,12,'电击怪','电气宝可梦'),(240,1,'ブビィ','ひだねポケモン'),(240,2,'Buby',''),(240,3,'마그비','불씨포켓몬'),(240,4,'鴨嘴寶寶','火種寶可夢'),(240,5,'Magby','Pokémon Charbon'),(240,6,'Magby','Glutherd-Pokémon'),(240,7,'Magby','Pokémon Ascuas'),(240,8,'Magby','Pokémon Carbonvivo'),(240,9,'Magby','Live Coal Pokémon'),(240,11,'ブビィ','ひだねポケモン'),(240,12,'鸭嘴宝宝','火种宝可梦'),(241,1,'ミルタンク','ちちうしポケモン'),(241,2,'Miltank',''),(241,3,'밀탱크','젖소포켓몬'),(241,4,'大奶罐','乳牛寶可夢'),(241,5,'Écrémeuh','Pokémon Vachalait'),(241,6,'Miltank','Milchkuh-Pokémon'),(241,7,'Miltank','Pokémon Lechera'),(241,8,'Miltank','Pokémon Bovino'),(241,9,'Miltank','Milk Cow Pokémon'),(241,11,'ミルタンク','ちちうしポケモン'),(241,12,'大奶罐','奶牛宝可梦'),(242,1,'ハピナス','しあわせポケモン'),(242,2,'Happinas',''),(242,3,'해피너스','행복포켓몬'),(242,4,'幸福蛋','幸福寶可夢'),(242,5,'Leuphorie','Pokémon Bonheur'),(242,6,'Heiteira','Freuden-Pokémon'),(242,7,'Blissey','Pokémon Felicidad'),(242,8,'Blissey','Pokémon Felicità'),(242,9,'Blissey','Happiness Pokémon'),(242,11,'ハピナス','しあわせポケモン'),(242,12,'幸福蛋','幸福宝可梦'),(243,1,'ライコウ','いかずちポケモン'),(243,2,'Raikou',''),(243,3,'라이코','우뢰포켓몬'),(243,4,'雷公','天雷寶可夢'),(243,5,'Raikou','Pokémon Foudre'),(243,6,'Raikou','Donner-Pokémon'),(243,7,'Raikou','Pokémon Trueno'),(243,8,'Raikou','Pokémon Tuono'),(243,9,'Raikou','Thunder Pokémon'),(243,11,'ライコウ','いかずちポケモン'),(243,12,'雷公','天雷宝可梦'),(244,1,'エンテイ','かざんポケモン'),(244,2,'Entei',''),(244,3,'앤테이','화산포켓몬'),(244,4,'炎帝','火山寶可夢'),(244,5,'Entei','Pokémon Volcan'),(244,6,'Entei','Vulkan-Pokémon'),(244,7,'Entei','Pokémon Volcán'),(244,8,'Entei','Pokémon Vulcano'),(244,9,'Entei','Volcano Pokémon'),(244,11,'エンテイ','かざんポケモン'),(244,12,'炎帝','火山宝可梦'),(245,1,'スイクン','オーロラポケモン'),(245,2,'Suikun',''),(245,3,'스이쿤','오로라포켓몬'),(245,4,'水君','極光寶可夢'),(245,5,'Suicune','Pokémon Aurore'),(245,6,'Suicune','Polarlicht-Pokémon'),(245,7,'Suicune','Pokémon Aurora'),(245,8,'Suicune','Pokémon Aurora'),(245,9,'Suicune','Aurora Pokémon'),(245,11,'スイクン','オーロラポケモン'),(245,12,'水君','极光宝可梦'),(246,1,'ヨーギラス','いわはだポケモン'),(246,2,'Yogiras',''),(246,3,'애버라스','바위표면포켓몬'),(246,4,'幼基拉斯','岩石膚寶可夢'),(246,5,'Embrylex','Pokémon Peaupierre'),(246,6,'Larvitar','Felshaut-Pokémon'),(246,7,'Larvitar','Pokémon Piel Roca'),(246,8,'Larvitar','Pokémon Peldisasso'),(246,9,'Larvitar','Rock Skin Pokémon'),(246,11,'ヨーギラス','いわはだポケモン'),(246,12,'幼基拉斯','岩石肤宝可梦'),(247,1,'サナギラス','だんがんポケモン'),(247,2,'Sanagiras',''),(247,3,'데기라스','탄환포켓몬'),(247,4,'沙基拉斯','子彈寶可夢'),(247,5,'Ymphect','Pokémon Carapadure'),(247,6,'Pupitar','Hartschalen-Pokémon'),(247,7,'Pupitar','Pokémon Caparazón'),(247,8,'Pupitar','Pokémon Guscioduro'),(247,9,'Pupitar','Hard Shell Pokémon'),(247,11,'サナギラス','だんがんポケモン'),(247,12,'沙基拉斯','子弹宝可梦'),(248,1,'バンギラス','よろいポケモン'),(248,2,'Bangiras',''),(248,3,'마기라스','갑옷포켓몬'),(248,4,'班基拉斯','鎧甲寶可夢'),(248,5,'Tyranocif','Pokémon Armure'),(248,6,'Despotar','Panzer-Pokémon'),(248,7,'Tyranitar','Pokémon Coraza'),(248,8,'Tyranitar','Pokémon Armatura'),(248,9,'Tyranitar','Armor Pokémon'),(248,11,'バンギラス','よろいポケモン'),(248,12,'班基拉斯','铠甲宝可梦'),(249,1,'ルギア','せんすいポケモン'),(249,2,'Lugia',''),(249,3,'루기아','잠수포켓몬'),(249,4,'洛奇亞','潛水寶可夢'),(249,5,'Lugia','Pokémon Plongeon'),(249,6,'Lugia','Taucher-Pokémon'),(249,7,'Lugia','Pokémon Buceo'),(249,8,'Lugia','Pokémon Immersione'),(249,9,'Lugia','Diving Pokémon'),(249,11,'ルギア','せんすいポケモン'),(249,12,'洛奇亚','潜水宝可梦'),(250,1,'ホウオウ','にじいろポケモン'),(250,2,'Houou',''),(250,3,'칠색조','무지개색포켓몬'),(250,4,'鳳王','虹色寶可夢'),(250,5,'Ho-Oh','Pokémon Arcenciel'),(250,6,'Ho-Oh','Regenbogen-Pokémon'),(250,7,'Ho-Oh','Pokémon Arcoíris'),(250,8,'Ho-Oh','Pokémon Arcobaleno'),(250,9,'Ho-Oh','Rainbow Pokémon'),(250,11,'ホウオウ','にじいろポケモン'),(250,12,'凤王','虹色宝可梦'),(251,1,'セレビィ','ときわたりポケモン'),(251,2,'Celebi',''),(251,3,'세레비','시간이동포켓몬'),(251,4,'時拉比','時空穿越寶可夢'),(251,5,'Celebi','Pokémon Temporel'),(251,6,'Celebi','Zeitreise-Pokémon'),(251,7,'Celebi','Pokémon Viajetiempo'),(251,8,'Celebi','Pokémon Tempovia'),(251,9,'Celebi','Time Travel Pokémon'),(251,11,'セレビィ','ときわたりポケモン'),(251,12,'时拉比','时空穿越宝可梦'),(252,1,'キモリ','もりトカゲポケモン'),(252,2,'Kimori',''),(252,3,'나무지기','숲도마뱀포켓몬'),(252,4,'木守宮','林蜥寶可夢'),(252,5,'Arcko','Pokémon Bois Gecko'),(252,6,'Geckarbor','Waldgecko-Pokémon'),(252,7,'Treecko','Pokémon Geco Bosque'),(252,8,'Treecko','Pokémon Legnogeco'),(252,9,'Treecko','Wood Gecko Pokémon'),(252,11,'キモリ','もりトカゲポケモン'),(252,12,'木守宫','林蜥宝可梦'),(253,1,'ジュプトル','もりトカゲポケモン'),(253,2,'Juptile',''),(253,3,'나무돌이','숲도마뱀포켓몬'),(253,4,'森林蜥蜴','林蜥寶可夢'),(253,5,'Massko','Pokémon Bois Gecko'),(253,6,'Reptain','Waldgecko-Pokémon'),(253,7,'Grovyle','Pokémon Geco Bosque'),(253,8,'Grovyle','Pokémon Legnogeco'),(253,9,'Grovyle','Wood Gecko Pokémon'),(253,11,'ジュプトル','もりトカゲポケモン'),(253,12,'森林蜥蜴','林蜥宝可梦'),(254,1,'ジュカイン','みつりんポケモン'),(254,2,'Jukain',''),(254,3,'나무킹','밀림포켓몬'),(254,4,'蜥蜴王','密林寶可夢'),(254,5,'Jungko','Pokémon Forêt'),(254,6,'Gewaldro','Dschungel-Pokémon'),(254,7,'Sceptile','Pokémon Monte'),(254,8,'Sceptile','Pokémon Foresta'),(254,9,'Sceptile','Forest Pokémon'),(254,11,'ジュカイン','みつりんポケモン'),(254,12,'蜥蜴王','密林宝可梦'),(255,1,'アチャモ','ひよこポケモン'),(255,2,'Achamo',''),(255,3,'아차모','풋내기포켓몬'),(255,4,'火稚雞','雛雞寶可夢'),(255,5,'Poussifeu','Pokémon Poussin'),(255,6,'Flemmli','Küken-Pokémon'),(255,7,'Torchic','Pokémon Polluelo'),(255,8,'Torchic','Pokémon Pulcino'),(255,9,'Torchic','Chick Pokémon'),(255,11,'アチャモ','ひよこポケモン'),(255,12,'火稚鸡','雏鸡宝可梦'),(256,1,'ワカシャモ','わかどりポケモン'),(256,2,'Wakasyamo',''),(256,3,'영치코','꼬마닭포켓몬'),(256,4,'力壯雞','幼雞寶可夢'),(256,5,'Galifeu','Pokémon Poulet'),(256,6,'Jungglut','Kleinhahn-Pokémon'),(256,7,'Combusken','Pokémon Ave Corral'),(256,8,'Combusken','Pokémon Rampollo'),(256,9,'Combusken','Young Fowl Pokémon'),(256,11,'ワカシャモ','わかどりポケモン'),(256,12,'力壮鸡','幼鸡宝可梦'),(257,1,'バシャーモ','もうかポケモン'),(257,2,'Bursyamo',''),(257,3,'번치코','맹화포켓몬'),(257,4,'火焰雞','猛火寶可夢'),(257,5,'Braségali','Pokémon Ardent'),(257,6,'Lohgock','Großbrand-Pokémon'),(257,7,'Blaziken','Pokémon Llameante'),(257,8,'Blaziken','Pokémon Vampe'),(257,9,'Blaziken','Blaze Pokémon'),(257,11,'バシャーモ','もうかポケモン'),(257,12,'火焰鸡','猛火宝可梦'),(258,1,'ミズゴロウ','ぬまうおポケモン'),(258,2,'Mizugorou',''),(258,3,'물짱이','늪물고기포켓몬'),(258,4,'水躍魚','沼魚寶可夢'),(258,5,'Gobou','Pokémon Poissonboue'),(258,6,'Hydropi','Lehmhüpfer-Pokémon'),(258,7,'Mudkip','Pokémon Pez Lodo'),(258,8,'Mudkip','Pokémon Fango Pesce'),(258,9,'Mudkip','Mud Fish Pokémon'),(258,11,'ミズゴロウ','ぬまうおポケモン'),(258,12,'水跃鱼','沼鱼宝可梦'),(259,1,'ヌマクロー','ぬまうおポケモン'),(259,2,'Numacraw',''),(259,3,'늪짱이','늪물고기포켓몬'),(259,4,'沼躍魚','沼魚寶可夢'),(259,5,'Flobio','Pokémon Poissonboue'),(259,6,'Moorabbel','Lehmhüpfer-Pokémon'),(259,7,'Marshtomp','Pokémon Pez Lodo'),(259,8,'Marshtomp','Pokémon Fango Pesce'),(259,9,'Marshtomp','Mud Fish Pokémon'),(259,11,'ヌマクロー','ぬまうおポケモン'),(259,12,'沼跃鱼','沼鱼宝可梦'),(260,1,'ラグラージ','ぬまうおポケモン'),(260,2,'Laglarge',''),(260,3,'대짱이','늪물고기포켓몬'),(260,4,'巨沼怪','沼魚寶可夢'),(260,5,'Laggron','Pokémon Poissonboue'),(260,6,'Sumpex','Lehmhüpfer-Pokémon'),(260,7,'Swampert','Pokémon Pez Lodo'),(260,8,'Swampert','Pokémon Fango Pesce'),(260,9,'Swampert','Mud Fish Pokémon'),(260,11,'ラグラージ','ぬまうおポケモン'),(260,12,'巨沼怪','沼鱼宝可梦'),(261,1,'ポチエナ','かみつきポケモン'),(261,2,'Pochiena',''),(261,3,'포챠나','물어뜯기포켓몬'),(261,4,'土狼犬','緊咬寶可夢'),(261,5,'Medhyèna','Pokémon Morsure'),(261,6,'Fiffyen','Biss'),(261,7,'Poochyena','Pokémon Mordisco'),(261,8,'Poochyena','Pokémon Morso'),(261,9,'Poochyena','Bite Pokémon'),(261,11,'ポチエナ','かみつきポケモン'),(261,12,'土狼犬','紧咬宝可梦'),(262,1,'グラエナ','かみつきポケモン'),(262,2,'Guraena',''),(262,3,'그라에나','물어뜯기포켓몬'),(262,4,'大狼犬','緊咬寶可夢'),(262,5,'Grahyèna','Pokémon Morsure'),(262,6,'Magnayen','Biss'),(262,7,'Mightyena','Pokémon Mordisco'),(262,8,'Mightyena','Pokémon Morso'),(262,9,'Mightyena','Bite Pokémon'),(262,11,'グラエナ','かみつきポケモン'),(262,12,'大狼犬','紧咬宝可梦'),(263,1,'ジグザグマ','まめだぬきポケモン'),(263,2,'Ziguzaguma',''),(263,3,'지그제구리','앙증너구리포켓몬'),(263,4,'蛇紋熊','豆貍寶可夢'),(263,5,'Zigzaton','Pokémon Petit Raton'),(263,6,'Zigzachs','Kleindachs-Pokémon'),(263,7,'Zigzagoon','Pokémon Mapachito'),(263,8,'Zigzagoon','Pokémon Procione'),(263,9,'Zigzagoon','Tiny Raccoon Pokémon'),(263,11,'ジグザグマ','まめだぬきポケモン'),(263,12,'蛇纹熊','豆狸宝可梦'),(264,1,'マッスグマ','とっしんポケモン'),(264,2,'Massuguma',''),(264,3,'직구리','돌진포켓몬'),(264,4,'直衝熊','猛衝寶可夢'),(264,5,'Linéon','Pokémon Fonceur'),(264,6,'Geradaks','Sprinter-Pokémon'),(264,7,'Linoone','Pokémon Lanzado'),(264,8,'Linoone','Pokémon Sfrecciante'),(264,9,'Linoone','Rushing Pokémon'),(264,11,'マッスグマ','とっしんポケモン'),(264,12,'直冲熊','猛冲宝可梦'),(265,1,'ケムッソ','いもむしポケモン'),(265,2,'Kemusso',''),(265,3,'개무소','애벌레포켓몬'),(265,4,'刺尾蟲','蟲寶寶寶可夢'),(265,5,'Chenipotte','Pokémon Ver'),(265,6,'Waumpel','Wurm'),(265,7,'Wurmple','Pokémon Gusano'),(265,8,'Wurmple','Pokémon Baco'),(265,9,'Wurmple','Worm Pokémon'),(265,11,'ケムッソ','いもむしポケモン'),(265,12,'刺尾虫','虫宝宝宝可梦'),(266,1,'カラサリス','さなぎポケモン'),(266,2,'Karasalis',''),(266,3,'실쿤','번데기포켓몬'),(266,4,'甲殼繭','蛹寶可夢'),(266,5,'Armulys','Pokémon Cocon'),(266,6,'Schaloko','Kokon'),(266,7,'Silcoon','Pokémon Capullo'),(266,8,'Silcoon','Pokémon Bozzolo'),(266,9,'Silcoon','Cocoon Pokémon'),(266,11,'カラサリス','さなぎポケモン'),(266,12,'甲壳茧','蛹宝可梦'),(267,1,'アゲハント','ちょうちょポケモン'),(267,2,'Agehunt',''),(267,3,'뷰티플라이','나비포켓몬'),(267,4,'狩獵鳳蝶','蝴蝶寶可夢'),(267,5,'Charmillon','Pokémon Papillon'),(267,6,'Papinella','Falter'),(267,7,'Beautifly','Pokémon Mariposa'),(267,8,'Beautifly','Pokémon Farfalla'),(267,9,'Beautifly','Butterfly Pokémon'),(267,11,'アゲハント','ちょうちょポケモン'),(267,12,'狩猎凤蝶','蝴蝶宝可梦'),(268,1,'マユルド','さなぎポケモン'),(268,2,'Mayuld',''),(268,3,'카스쿤','번데기포켓몬'),(268,4,'盾甲繭','蛹寶可夢'),(268,5,'Blindalys','Pokémon Cocon'),(268,6,'Panekon','Kokon'),(268,7,'Cascoon','Pokémon Capullo'),(268,8,'Cascoon','Pokémon Bozzolo'),(268,9,'Cascoon','Cocoon Pokémon'),(268,11,'マユルド','さなぎポケモン'),(268,12,'盾甲茧','蛹宝可梦'),(269,1,'ドクケイル','どくがポケモン'),(269,2,'Dokucale',''),(269,3,'독케일','독나방포켓몬'),(269,4,'毒粉蛾','毒蛾寶可夢'),(269,5,'Papinox','Pokémon Papipoison'),(269,6,'Pudox','Giftmotte'),(269,7,'Dustox','Pokémon Polilla Ven.'),(269,8,'Dustox','Pokémon Velentarma'),(269,9,'Dustox','Poison Moth Pokémon'),(269,11,'ドクケイル','どくがポケモン'),(269,12,'毒粉蛾','毒蛾宝可梦'),(270,1,'ハスボー','うきくさポケモン'),(270,2,'Hassboh',''),(270,3,'연꽃몬','개구리밥포켓몬'),(270,4,'蓮葉童子','浮萍寶可夢'),(270,5,'Nénupiot','Pokémon Aquaplante'),(270,6,'Loturzel','Wasserlinsen-Pokémon'),(270,7,'Lotad','Pokémon Lenteja Agua'),(270,8,'Lotad','Pokémon Alga'),(270,9,'Lotad','Water Weed Pokémon'),(270,11,'ハスボー','うきくさポケモン'),(270,12,'莲叶童子','浮萍宝可梦'),(271,1,'ハスブレロ','ようきポケモン'),(271,2,'Hasubrero',''),(271,3,'로토스','명랑함포켓몬'),(271,4,'蓮帽小童','爽朗寶可夢'),(271,5,'Lombre','Pokémon Jovial'),(271,6,'Lombrero','Frohmut-Pokémon'),(271,7,'Lombre','Pokémon Alegre'),(271,8,'Lombre','Pokémon Giocoso'),(271,9,'Lombre','Jolly Pokémon'),(271,11,'ハスブレロ','ようきポケモン'),(271,12,'莲帽小童','爽朗宝可梦'),(272,1,'ルンパッパ','のうてんきポケモン'),(272,2,'Runpappa',''),(272,3,'로파파','행복하기포켓몬'),(272,4,'樂天河童','樂天寶可夢'),(272,5,'Ludicolo','Pokémon Insouciant'),(272,6,'Kappalores','Sorglos-Pokémon'),(272,7,'Ludicolo','Pokémon Optimista'),(272,8,'Ludicolo','Pokémon Spensierato'),(272,9,'Ludicolo','Carefree Pokémon'),(272,11,'ルンパッパ','のうてんきポケモン'),(272,12,'乐天河童','乐天宝可梦'),(273,1,'タネボー','どんぐりポケモン'),(273,2,'Taneboh',''),(273,3,'도토링','도토리포켓몬'),(273,4,'橡實果','橡實寶可夢'),(273,5,'Grainipiot','Pokémon Gland'),(273,6,'Samurzel','Eichelnuss-Pokémon'),(273,7,'Seedot','Pokémon Bellota'),(273,8,'Seedot','Pokémon Ghianda'),(273,9,'Seedot','Acorn Pokémon'),(273,11,'タネボー','どんぐりポケモン'),(273,12,'橡实果','橡实宝可梦'),(274,1,'コノハナ','いじわるポケモン'),(274,2,'Konohana',''),(274,3,'잎새코','꾀부리기포켓몬'),(274,4,'長鼻葉','捉弄寶可夢'),(274,5,'Pifeuil','Pokémon Malin'),(274,6,'Blanas','Hinterlist-Pokémon'),(274,7,'Nuzleaf','Pokémon Astuto'),(274,8,'Nuzleaf','Pokémon Scaltro'),(274,9,'Nuzleaf','Wily Pokémon'),(274,11,'コノハナ','いじわるポケモン'),(274,12,'长鼻叶','捉弄宝可梦'),(275,1,'ダーテング','よこしまポケモン'),(275,2,'Dirteng',''),(275,3,'다탱구','부정하기포켓몬'),(275,4,'狡猾天狗','邪惡寶可夢'),(275,5,'Tengalice','Pokémon Malveillant'),(275,6,'Tengulist','Verschlagen-Pokémon'),(275,7,'Shiftry','Pokémon Malvado'),(275,8,'Shiftry','Pokémon Burbero'),(275,9,'Shiftry','Wicked Pokémon'),(275,11,'ダーテング','よこしまポケモン'),(275,12,'狡猾天狗','邪恶宝可梦'),(276,1,'スバメ','こツバメポケモン'),(276,2,'Subame',''),(276,3,'테일로','아기제비포켓몬'),(276,4,'傲骨燕','幼燕寶可夢'),(276,5,'Nirondelle','Pokémon Minirondel'),(276,6,'Schwalbini','Schwälblein'),(276,7,'Taillow','Pokémon Pequebuche'),(276,8,'Taillow','Pokémon Rondinella'),(276,9,'Taillow','Tiny Swallow Pokémon'),(276,11,'スバメ','こツバメポケモン'),(276,12,'傲骨燕','幼燕宝可梦'),(277,1,'オオスバメ','ツバメポケモン'),(277,2,'Ohsubame',''),(277,3,'스왈로','제비포켓몬'),(277,4,'大王燕','燕子寶可夢'),(277,5,'Hélédelle','Pokémon Hirondelle'),(277,6,'Schwalboss','Schwalbe'),(277,7,'Swellow','Pokémon Buche'),(277,8,'Swellow','Pokémon Rondine'),(277,9,'Swellow','Swallow Pokémon'),(277,11,'オオスバメ','ツバメポケモン'),(277,12,'大王燕','燕子宝可梦'),(278,1,'キャモメ','うみねこポケモン'),(278,2,'Camome',''),(278,3,'갈모매','괭이갈매기포켓몬'),(278,4,'長翅鷗','海鷗寶可夢'),(278,5,'Goélise','Pokémon Mouette'),(278,6,'Wingull','Seemöwen-Pokémon'),(278,7,'Wingull','Pokémon Gaviota'),(278,8,'Wingull','Pokémon Gabbiano'),(278,9,'Wingull','Seagull Pokémon'),(278,11,'キャモメ','うみねこポケモン'),(278,12,'长翅鸥','海鸥宝可梦'),(279,1,'ペリッパー','みずどりポケモン'),(279,2,'Pelipper',''),(279,3,'패리퍼','물새포켓몬'),(279,4,'大嘴鷗','水鳥寶可夢'),(279,5,'Bekipan','Pokémon Oiseaudo'),(279,6,'Pelipper','Wasservogel-Pokémon'),(279,7,'Pelipper','Pokémon Ave Agua'),(279,8,'Pelipper','Pokémon Alacquatico'),(279,9,'Pelipper','Water Bird Pokémon'),(279,11,'ペリッパー','みずどりポケモン'),(279,12,'大嘴鸥','水鸟宝可梦'),(280,1,'ラルトス','きもちポケモン'),(280,2,'Ralts',''),(280,3,'랄토스','느낌포켓몬'),(280,4,'拉魯拉絲','心情寶可夢'),(280,5,'Tarsal','Pokémon Sentiment'),(280,6,'Trasla','Gefühls-Pokémon'),(280,7,'Ralts','Pokémon Sensible'),(280,8,'Ralts','Pokémon Sensazione'),(280,9,'Ralts','Feeling Pokémon'),(280,11,'ラルトス','きもちポケモン'),(280,12,'拉鲁拉丝','心情宝可梦'),(281,1,'キルリア','かんじょうポケモン'),(281,2,'Kirlia',''),(281,3,'킬리아','감정포켓몬'),(281,4,'奇魯莉安','感情寶可夢'),(281,5,'Kirlia','Pokémon Émotion'),(281,6,'Kirlia','Emotions-Pokémon'),(281,7,'Kirlia','Pokémon Sensorio'),(281,8,'Kirlia','Pokémon Emozione'),(281,9,'Kirlia','Emotion Pokémon'),(281,11,'キルリア','かんじょうポケモン'),(281,12,'奇鲁莉安','感情宝可梦'),(282,1,'サーナイト','ほうようポケモン'),(282,2,'Sirnight',''),(282,3,'가디안','포용포켓몬'),(282,4,'沙奈朵','包容寶可夢'),(282,5,'Gardevoir','Pokémon Étreinte'),(282,6,'Guardevoir','Umarmungs-Pokémon'),(282,7,'Gardevoir','Pokémon Envolvente'),(282,8,'Gardevoir','Pokémon Abbraccio'),(282,9,'Gardevoir','Embrace Pokémon'),(282,11,'サーナイト','ほうようポケモン'),(282,12,'沙奈朵','包容宝可梦'),(283,1,'アメタマ','あめんぼポケモン'),(283,2,'Ametama',''),(283,3,'비구술','소금쟁이포켓몬'),(283,4,'溜溜糖球','水黽寶可夢'),(283,5,'Arakdo','Pokémon Maresurfeur'),(283,6,'Gehweiher','Wassergeher'),(283,7,'Surskit','Pokémon Zapatero'),(283,8,'Surskit','Pokémon Sfiorapozze'),(283,9,'Surskit','Pond Skater Pokémon'),(283,11,'アメタマ','あめんぼポケモン'),(283,12,'溜溜糖球','水黾宝可梦'),(284,1,'アメモース','めだまポケモン'),(284,2,'Amemoth',''),(284,3,'비나방','안구포켓몬'),(284,4,'雨翅蛾','眼珠寶可夢'),(284,5,'Maskadra','Pokémon Boule Œil'),(284,6,'Maskeregen','Auge'),(284,7,'Masquerain','Pokémon Globocular'),(284,8,'Masquerain','Pokémon Occhi'),(284,9,'Masquerain','Eyeball Pokémon'),(284,11,'アメモース','めだまポケモン'),(284,12,'雨翅蛾','眼珠宝可梦'),(285,1,'キノココ','きのこポケモン'),(285,2,'Kinococo',''),(285,3,'버섯꼬','버섯포켓몬'),(285,4,'蘑蘑菇','蘑菇寶可夢'),(285,5,'Balignon','Pokémon Champignon'),(285,6,'Knilz','Pilz'),(285,7,'Shroomish','Pokémon Hongo'),(285,8,'Shroomish','Pokémon Fungo'),(285,9,'Shroomish','Mushroom Pokémon'),(285,11,'キノココ','きのこポケモン'),(285,12,'蘑蘑菇','蘑菇宝可梦'),(286,1,'キノガッサ','きのこポケモン'),(286,2,'Kinogassa',''),(286,3,'버섯모','버섯포켓몬'),(286,4,'斗笠菇','蘑菇寶可夢'),(286,5,'Chapignon','Pokémon Champignon'),(286,6,'Kapilz','Pilz'),(286,7,'Breloom','Pokémon Hongo'),(286,8,'Breloom','Pokémon Fungo'),(286,9,'Breloom','Mushroom Pokémon'),(286,11,'キノガッサ','きのこポケモン'),(286,12,'斗笠菇','蘑菇宝可梦'),(287,1,'ナマケロ','なまけものポケモン'),(287,2,'Namakero',''),(287,3,'게을로','게으름뱅이포켓몬'),(287,4,'懶人獺','懶人寶可夢'),(287,5,'Parecool','Pokémon Flâneur'),(287,6,'Bummelz','Faulpelz'),(287,7,'Slakoth','Pokémon Gandul'),(287,8,'Slakoth','Pokémon Ozioso'),(287,9,'Slakoth','Slacker Pokémon'),(287,11,'ナマケロ','なまけものポケモン'),(287,12,'懒人獭','懒人宝可梦'),(288,1,'ヤルキモノ','あばれザルポケモン'),(288,2,'Yarukimono',''),(288,3,'발바로','성난원숭이포켓몬'),(288,4,'過動猿','暴猿寶可夢'),(288,5,'Vigoroth','Pokémon Turbusinge'),(288,6,'Muntier','Wildaffe'),(288,7,'Vigoroth','Pokémon Mono Feroz'),(288,8,'Vigoroth','Pokémon Indocile'),(288,9,'Vigoroth','Wild Monkey Pokémon'),(288,11,'ヤルキモノ','あばれザルポケモン'),(288,12,'过动猿','暴猿宝可梦'),(289,1,'ケッキング','ものぐさポケモン'),(289,2,'Kekking',''),(289,3,'게을킹','나태함포켓몬'),(289,4,'請假王','怕麻煩寶可夢'),(289,5,'Monaflèmit','Pokémon Fainéant'),(289,6,'Letarking','Müßig'),(289,7,'Slaking','Pokémon Holgazán'),(289,8,'Slaking','Pokémon Pigrizia'),(289,9,'Slaking','Lazy Pokémon'),(289,11,'ケッキング','ものぐさポケモン'),(289,12,'请假王','怕麻烦宝可梦'),(290,1,'ツチニン','したづみポケモン'),(290,2,'Tutinin',''),(290,3,'토중몬','신참포켓몬'),(290,4,'土居忍士','入門寶可夢'),(290,5,'Ningale','Pokémon Apprenti'),(290,6,'Nincada','Vorbereiter-Pokémon'),(290,7,'Nincada','Pokémon Aprendiz'),(290,8,'Nincada','Pokémon Novizio'),(290,9,'Nincada','Trainee Pokémon'),(290,11,'ツチニン','したづみポケモン'),(290,12,'土居忍士','入门宝可梦'),(291,1,'テッカニン','しのびポケモン'),(291,2,'Tekkanin',''),(291,3,'아이스크','시노비포켓몬'),(291,4,'鐵面忍者','忍者寶可夢'),(291,5,'Ninjask','Pokémon Ninja'),(291,6,'Ninjask','Ninja-Pokémon'),(291,7,'Ninjask','Pokémon Ninja'),(291,8,'Ninjask','Pokémon Ninja'),(291,9,'Ninjask','Ninja Pokémon'),(291,11,'テッカニン','しのびポケモン'),(291,12,'铁面忍者','忍者宝可梦'),(292,1,'ヌケニン','ぬけがらポケモン'),(292,2,'Nukenin',''),(292,3,'껍질몬','허물포켓몬'),(292,4,'脫殼忍者','空殼寶可夢'),(292,5,'Munja','Pokémon Exuvie'),(292,6,'Ninjatom','Häutungs-Pokémon'),(292,7,'Shedinja','Pokémon Muda'),(292,8,'Shedinja','Pokémon Cambiapelle'),(292,9,'Shedinja','Shed Pokémon'),(292,11,'ヌケニン','ぬけがらポケモン'),(292,12,'脱壳忍者','空壳宝可梦'),(293,1,'ゴニョニョ','ささやきポケモン'),(293,2,'Gonyonyo',''),(293,3,'소곤룡','속삭임포켓몬'),(293,4,'咕妞妞','細語寶可夢'),(293,5,'Chuchmur','Pokémon Chuchoteur'),(293,6,'Flurmel','Flüster-Pokémon'),(293,7,'Whismur','Pokémon Susurro'),(293,8,'Whismur','Pokémon Sussurro'),(293,9,'Whismur','Whisper Pokémon'),(293,11,'ゴニョニョ','ささやきポケモン'),(293,12,'咕妞妞','细语宝可梦'),(294,1,'ドゴーム','おおごえポケモン'),(294,2,'Dogohmb',''),(294,3,'노공룡','큰목소리포켓몬'),(294,4,'吼爆彈','大聲寶可夢'),(294,5,'Ramboum','Pokémon Grosse Voix'),(294,6,'Krakeelo','Lauthals-Pokémon'),(294,7,'Loudred','Pokémon Chillón'),(294,8,'Loudred','Pokémon Vocione'),(294,9,'Loudred','Big Voice Pokémon'),(294,11,'ドゴーム','おおごえポケモン'),(294,12,'吼爆弹','大声宝可梦'),(295,1,'バクオング','そうおんポケモン'),(295,2,'Bakuong',''),(295,3,'폭음룡','소음포켓몬'),(295,4,'爆音怪','噪音寶可夢'),(295,5,'Brouhabam','Pokémon Bruit Sourd'),(295,6,'Krawumms','Krach-Pokémon'),(295,7,'Exploud','Pokémon Escandaloso'),(295,8,'Exploud','Pokémon Fragore'),(295,9,'Exploud','Loud Noise Pokémon'),(295,11,'バクオング','そうおんポケモン'),(295,12,'爆音怪','噪音宝可梦'),(296,1,'マクノシタ','こんじょうポケモン'),(296,2,'Makunoshita',''),(296,3,'마크탕','근성포켓몬'),(296,4,'幕下力士','毅力寶可夢'),(296,5,'Makuhita','Pokémon Tenace'),(296,6,'Makuhita','Courage'),(296,7,'Makuhita','Pokémon Valiente'),(296,8,'Makuhita','Pokémon Coraggio'),(296,9,'Makuhita','Guts Pokémon'),(296,11,'マクノシタ','こんじょうポケモン'),(296,12,'幕下力士','毅力宝可梦'),(297,1,'ハリテヤマ','つっぱりポケモン'),(297,2,'Hariteyama',''),(297,3,'하리뭉','손바닥치기포켓몬'),(297,4,'鐵掌力士','猛推寶可夢'),(297,5,'Hariyama','Pokémon Cogneur'),(297,6,'Hariyama','Armwurf'),(297,7,'Hariyama','Pokémon Empuje'),(297,8,'Hariyama','Pokémon Sberletese'),(297,9,'Hariyama','Arm Thrust Pokémon'),(297,11,'ハリテヤマ','つっぱりポケモン'),(297,12,'铁掌力士','猛推宝可梦'),(298,1,'ルリリ','みずたまポケモン'),(298,2,'Ruriri',''),(298,3,'루리리','물방울포켓몬'),(298,4,'露力麗','水珠寶可夢'),(298,5,'Azurill','Pokémon Point Polka'),(298,6,'Azurill','Gepunktet-Pokémon'),(298,7,'Azurill','Pokémon A Topos'),(298,8,'Azurill','Pokémon Pois'),(298,9,'Azurill','Polka Dot Pokémon'),(298,11,'ルリリ','みずたまポケモン'),(298,12,'露力丽','水珠宝可梦'),(299,1,'ノズパス','コンパスポケモン'),(299,2,'Nosepass',''),(299,3,'코코파스','콤파스포켓몬'),(299,4,'朝北鼻','羅盤寶可夢'),(299,5,'Tarinor','Pokémon Boussole'),(299,6,'Nasgnet','Kompass'),(299,7,'Nosepass','Pokémon Brújula'),(299,8,'Nosepass','Pokémon Bussola'),(299,9,'Nosepass','Compass Pokémon'),(299,11,'ノズパス','コンパスポケモン'),(299,12,'朝北鼻','罗盘宝可梦'),(300,1,'エネコ','こねこポケモン'),(300,2,'Eneco',''),(300,3,'에나비','작은고양이포켓몬'),(300,4,'向尾喵','小貓寶可夢'),(300,5,'Skitty','Pokémon Chaton'),(300,6,'Eneco','Kätzchen'),(300,7,'Skitty','Pokémon Gatito'),(300,8,'Skitty','Pokémon Micio'),(300,9,'Skitty','Kitten Pokémon'),(300,11,'エネコ','こねこポケモン'),(300,12,'向尾喵','小猫宝可梦'),(301,1,'エネコロロ','おすましポケモン'),(301,2,'Enekororo',''),(301,3,'델케티','새침떼기포켓몬'),(301,4,'優雅貓','清高寶可夢'),(301,5,'Delcatty','Pokémon Guindé'),(301,6,'Enekoro','Eingebildet'),(301,7,'Delcatty','Pokémon Cursi'),(301,8,'Delcatty','Pokémon Finezza'),(301,9,'Delcatty','Prim Pokémon'),(301,11,'エネコロロ','おすましポケモン'),(301,12,'优雅猫','清高宝可梦'),(302,1,'ヤミラミ','くらやみポケモン'),(302,2,'Yamirami',''),(302,3,'깜까미','어둠포켓몬'),(302,4,'勾魂眼','黑暗寶可夢'),(302,5,'Ténéfix','Pokémon Obscurité'),(302,6,'Zobiris','Finsternis-Pokémon'),(302,7,'Sableye','Pokémon Oscuridad'),(302,8,'Sableye','Pokémon Oscurità'),(302,9,'Sableye','Darkness Pokémon'),(302,11,'ヤミラミ','くらやみポケモン'),(302,12,'勾魂眼','黑暗宝可梦'),(303,1,'クチート','あざむきポケモン'),(303,2,'Kucheat',''),(303,3,'입치트','배반포켓몬'),(303,4,'大嘴娃','欺騙寶可夢'),(303,5,'Mysdibule','Pokémon Trompeur'),(303,6,'Flunkifer','Schwindler-Pokémon'),(303,7,'Mawile','Pokémon Tramposo'),(303,8,'Mawile','Pokémon Inganno'),(303,9,'Mawile','Deceiver Pokémon'),(303,11,'クチート','あざむきポケモン'),(303,12,'大嘴娃','欺骗宝可梦'),(304,1,'ココドラ','てつヨロイポケモン'),(304,2,'Cokodora',''),(304,3,'가보리','철갑옷포켓몬'),(304,4,'可可多拉','鐵鎧寶可夢'),(304,5,'Galekid','Pokémon Armurfer'),(304,6,'Stollunior','Eisenpanzer-Pokémon'),(304,7,'Aron','Pokémon Coraza Férrea'),(304,8,'Aron','Pokémon Corazza'),(304,9,'Aron','Iron Armor Pokémon'),(304,11,'ココドラ','てつヨロイポケモン'),(304,12,'可可多拉','铁铠宝可梦'),(305,1,'コドラ','てつヨロイポケモン'),(305,2,'Kodora',''),(305,3,'갱도라','철갑옷포켓몬'),(305,4,'可多拉','鐵鎧寶可夢'),(305,5,'Galegon','Pokémon Armurfer'),(305,6,'Stollrak','Eisenpanzer-Pokémon'),(305,7,'Lairon','Pokémon Coraza Férrea'),(305,8,'Lairon','Pokémon Corazza'),(305,9,'Lairon','Iron Armor Pokémon'),(305,11,'コドラ','てつヨロイポケモン'),(305,12,'可多拉','铁铠宝可梦'),(306,1,'ボスゴドラ','てつヨロイポケモン'),(306,2,'Bossgodora',''),(306,3,'보스로라','철갑옷포켓몬'),(306,4,'波士可多拉','鐵鎧寶可夢'),(306,5,'Galeking','Pokémon Armurfer'),(306,6,'Stolloss','Eisenpanzer-Pokémon'),(306,7,'Aggron','Pokémon Coraza Férrea'),(306,8,'Aggron','Pokémon Corazza'),(306,9,'Aggron','Iron Armor Pokémon'),(306,11,'ボスゴドラ','てつヨロイポケモン'),(306,12,'波士可多拉','铁铠宝可梦'),(307,1,'アサナン','めいそうポケモン'),(307,2,'Asanan',''),(307,3,'요가랑','명상포켓몬'),(307,4,'瑪沙那','冥想寶可夢'),(307,5,'Méditikka','Pokémon Méditation'),(307,6,'Meditie','Meditation'),(307,7,'Meditite','Pokémon Meditador'),(307,8,'Meditite','Pokémon Meditazione'),(307,9,'Meditite','Meditate Pokémon'),(307,11,'アサナン','めいそうポケモン'),(307,12,'玛沙那','冥想宝可梦'),(308,1,'チャーレム','めいそうポケモン'),(308,2,'Charem',''),(308,3,'요가램','명상포켓몬'),(308,4,'恰雷姆','冥想寶可夢'),(308,5,'Charmina','Pokémon Méditation'),(308,6,'Meditalis','Meditation'),(308,7,'Medicham','Pokémon Meditador'),(308,8,'Medicham','Pokémon Meditazione'),(308,9,'Medicham','Meditate Pokémon'),(308,11,'チャーレム','めいそうポケモン'),(308,12,'恰雷姆','冥想宝可梦'),(309,1,'ラクライ','いなずまポケモン'),(309,2,'Rakurai',''),(309,3,'썬더라이','천둥번개포켓몬'),(309,4,'落雷獸','閃電寶可夢'),(309,5,'Dynavolt','Pokémon Orage'),(309,6,'Frizelbliz','Gewitter-Pokémon'),(309,7,'Electrike','Pokémon Calambre'),(309,8,'Electrike','Pokémon Lampo'),(309,9,'Electrike','Lightning Pokémon'),(309,11,'ラクライ','いなずまポケモン'),(309,12,'落雷兽','闪电宝可梦'),(310,1,'ライボルト','ほうでんポケモン'),(310,2,'Livolt',''),(310,3,'썬더볼트','방전포켓몬'),(310,4,'雷電獸','放電寶可夢'),(310,5,'Élecsprint','Pokémon Décharge'),(310,6,'Voltenso','Entladungs-Pokémon'),(310,7,'Manectric','Pokémon Descarga'),(310,8,'Manectric','Pokémon Scossa'),(310,9,'Manectric','Discharge Pokémon'),(310,11,'ライボルト','ほうでんポケモン'),(310,12,'雷电兽','放电宝可梦'),(311,1,'プラスル','おうえんポケモン'),(311,2,'Prasle',''),(311,3,'플러시','응원포켓몬'),(311,4,'正電拍拍','加油寶可夢'),(311,5,'Posipi','Pokémon Acclameur'),(311,6,'Plusle','Jubel'),(311,7,'Plusle','Pokémon Ánimo'),(311,8,'Plusle','Pokémon Incitamento'),(311,9,'Plusle','Cheering Pokémon'),(311,11,'プラスル','おうえんポケモン'),(311,12,'正电拍拍','加油宝可梦'),(312,1,'マイナン','おうえんポケモン'),(312,2,'Minun',''),(312,3,'마이농','응원포켓몬'),(312,4,'負電拍拍','加油寶可夢'),(312,5,'Négapi','Pokémon Acclameur'),(312,6,'Minun','Jubel'),(312,7,'Minun','Pokémon Ánimo'),(312,8,'Minun','Pokémon Incitamento'),(312,9,'Minun','Cheering Pokémon'),(312,11,'マイナン','おうえんポケモン'),(312,12,'負电拍拍','加油宝可梦'),(313,1,'バルビート','ほたるポケモン'),(313,2,'Barubeat',''),(313,3,'볼비트','반딧불포켓몬'),(313,4,'電螢蟲','螢火蟲寶可夢'),(313,5,'Muciole','Pokémon Luciole'),(313,6,'Volbeat','Glühwürmchen'),(313,7,'Volbeat','Pokémon Luciérnaga'),(313,8,'Volbeat','Pokémon Lucciola'),(313,9,'Volbeat','Firefly Pokémon'),(313,11,'バルビート','ほたるポケモン'),(313,12,'电萤虫','萤火虫宝可梦'),(314,1,'イルミーゼ','ほたるポケモン'),(314,2,'Illumise',''),(314,3,'네오비트','반딧불포켓몬'),(314,4,'甜甜螢','螢火蟲寶可夢'),(314,5,'Lumivole','Pokémon Luciole'),(314,6,'Illumise','Glühwürmchen'),(314,7,'Illumise','Pokémon Luciérnaga'),(314,8,'Illumise','Pokémon Lucciola'),(314,9,'Illumise','Firefly Pokémon'),(314,11,'イルミーゼ','ほたるポケモン'),(314,12,'甜甜萤','萤火虫宝可梦'),(315,1,'ロゼリア','いばらポケモン'),(315,2,'Roselia',''),(315,3,'로젤리아','가시포켓몬'),(315,4,'毒薔薇','荊棘寶可夢'),(315,5,'Rosélia','Pokémon Épine'),(315,6,'Roselia','Dorn-Pokémon'),(315,7,'Roselia','Pokémon Espina'),(315,8,'Roselia','Pokémon Spina'),(315,9,'Roselia','Thorn Pokémon'),(315,11,'ロゼリア','いばらポケモン'),(315,12,'毒蔷薇','荆棘宝可梦'),(316,1,'ゴクリン','いぶくろポケモン'),(316,2,'Gokulin',''),(316,3,'꼴깍몬','밥통포켓몬'),(316,4,'溶食獸','胃袋寶可夢'),(316,5,'Gloupti','Pokémon Estomac'),(316,6,'Schluppuck','Magen'),(316,7,'Gulpin','Pokémon Estómago'),(316,8,'Gulpin','Pokémon Stomaco'),(316,9,'Gulpin','Stomach Pokémon'),(316,11,'ゴクリン','いぶくろポケモン'),(316,12,'溶食兽','胃袋宝可梦'),(317,1,'マルノーム','どくぶくろポケモン'),(317,2,'Marunoom',''),(317,3,'꿀꺽몬','독봉지포켓몬'),(317,4,'吞食獸','毒袋寶可夢'),(317,5,'Avaltout','Pokémon Sac Poison'),(317,6,'Schlukwech','Giftbeutel'),(317,7,'Swalot','Pokémon Bolsa Veneno'),(317,8,'Swalot','Pokémon Velenosacco'),(317,9,'Swalot','Poison Bag Pokémon'),(317,11,'マルノーム','どくぶくろポケモン'),(317,12,'吞食兽','毒袋宝可梦'),(318,1,'キバニア','どうもうポケモン'),(318,2,'Kibanha',''),(318,3,'샤프니아','사나움포켓몬'),(318,4,'利牙魚','凶猛寶可夢'),(318,5,'Carvanha','Pokémon Féroce'),(318,6,'Kanivanha','Gnadenlos-Pokémon'),(318,7,'Carvanha','Pokémon Feroz'),(318,8,'Carvanha','Pokémon Feroce'),(318,9,'Carvanha','Savage Pokémon'),(318,11,'キバニア','どうもうポケモン'),(318,12,'利牙鱼','凶猛宝可梦'),(319,1,'サメハダー','きょうぼうポケモン'),(319,2,'Samehader',''),(319,3,'샤크니아','난폭포켓몬'),(319,4,'巨牙鯊','凶暴寶可夢'),(319,5,'Sharpedo','Pokémon Brutal'),(319,6,'Tohaido','Brutal-Pokémon'),(319,7,'Sharpedo','Pokémon Voraz'),(319,8,'Sharpedo','Pokémon Brutale'),(319,9,'Sharpedo','Brutal Pokémon'),(319,11,'サメハダー','きょうぼうポケモン'),(319,12,'巨牙鲨','凶暴宝可梦'),(320,1,'ホエルコ','たまくじらポケモン'),(320,2,'Whalko',''),(320,3,'고래왕자','둥근고래포켓몬'),(320,4,'吼吼鯨','球鯨寶可夢'),(320,5,'Wailmer','Pokémon Baleinboule'),(320,6,'Wailmer','Kugelwal-Pokémon'),(320,7,'Wailmer','Pokémon Ballenabola'),(320,8,'Wailmer','Pokémon Balenottero'),(320,9,'Wailmer','Ball Whale Pokémon'),(320,11,'ホエルコ','たまくじらポケモン'),(320,12,'吼吼鲸','球鲸宝可梦'),(321,1,'ホエルオー','うきくじらポケモン'),(321,2,'Whaloh',''),(321,3,'고래왕','뜸고래포켓몬'),(321,4,'吼鯨王','浮鯨寶可夢'),(321,5,'Wailord','Pokémon Cachabouée'),(321,6,'Wailord','Flutwal-Pokémon'),(321,7,'Wailord','Pokémon Ballenaflot'),(321,8,'Wailord','Pokémon Megabalena'),(321,9,'Wailord','Float Whale Pokémon'),(321,11,'ホエルオー','うきくじらポケモン'),(321,12,'吼鲸王','浮鲸宝可梦'),(322,1,'ドンメル','どんかんポケモン'),(322,2,'Donmel',''),(322,3,'둔타','둔감포켓몬'),(322,4,'呆火駝','遲鈍寶可夢'),(322,5,'Chamallot','Pokémon Engourdi'),(322,6,'Camaub','Taubheit'),(322,7,'Numel','Pokémon Torpe'),(322,8,'Numel','Pokémon Torpore'),(322,9,'Numel','Numb Pokémon'),(322,11,'ドンメル','どんかんポケモン'),(322,12,'呆火驼','迟钝宝可梦'),(323,1,'バクーダ','ふんかポケモン'),(323,2,'Bakuuda',''),(323,3,'폭타','분화포켓몬'),(323,4,'噴火駝','噴火寶可夢'),(323,5,'Camérupt','Pokémon Éruption'),(323,6,'Camerupt','Ausbruch'),(323,7,'Camerupt','Pokémon Erupción'),(323,8,'Camerupt','Pokémon Eruzione'),(323,9,'Camerupt','Eruption Pokémon'),(323,11,'バクーダ','ふんかポケモン'),(323,12,'喷火驼','喷火宝可梦'),(324,1,'コータス','せきたんポケモン'),(324,2,'Cotoise',''),(324,3,'코터스','석탄포켓몬'),(324,4,'煤炭龜','煤炭寶可夢'),(324,5,'Chartor','Pokémon Charbon'),(324,6,'Qurtel','Kohle-Pokémon'),(324,7,'Torkoal','Pokémon Carbón'),(324,8,'Torkoal','Pokémon Carbone'),(324,9,'Torkoal','Coal Pokémon'),(324,11,'コータス','せきたんポケモン'),(324,12,'煤炭龟','煤炭宝可梦'),(325,1,'バネブー','とびはねポケモン'),(325,2,'Baneboo',''),(325,3,'피그점프','튀다포켓몬'),(325,4,'跳跳豬','彈跳寶可夢'),(325,5,'Spoink','Pokémon Rebond'),(325,6,'Spoink','Sprungfeder'),(325,7,'Spoink','Pokémon Saltarín'),(325,8,'Spoink','Pokémon Molla'),(325,9,'Spoink','Bounce Pokémon'),(325,11,'バネブー','とびはねポケモン'),(325,12,'跳跳猪','弹跳宝可梦'),(326,1,'ブーピッグ','あやつりポケモン'),(326,2,'Boopig',''),(326,3,'피그킹','조작포켓몬'),(326,4,'噗噗豬','操縱寶可夢'),(326,5,'Groret','Pokémon Magouilleur'),(326,6,'Groink','Manipulator'),(326,7,'Grumpig','Pokémon Manipulador'),(326,8,'Grumpig','Pokémon Raggiro'),(326,9,'Grumpig','Manipulate Pokémon'),(326,11,'ブーピッグ','あやつりポケモン'),(326,12,'噗噗猪','操纵宝可梦'),(327,1,'パッチール','ぶちパンダポケモン'),(327,2,'Patcheel',''),(327,3,'얼루기','얼룩팬더포켓몬'),(327,4,'晃晃斑','斑點熊貓寶可夢'),(327,5,'Spinda','Pokémon Panda Tache'),(327,6,'Pandir','Punkt-Panda'),(327,7,'Spinda','Pokémon Panda Topos'),(327,8,'Spinda','Pokémon Macchipanda'),(327,9,'Spinda','Spot Panda Pokémon'),(327,11,'パッチール','ぶちパンダポケモン'),(327,12,'晃晃斑','斑点熊猫宝可梦'),(328,1,'ナックラー','ありじごくポケモン'),(328,2,'Nuckrar',''),(328,3,'톱치','개미지옥포켓몬'),(328,4,'大顎蟻','蟻獅寶可夢'),(328,5,'Kraknoix','Pokémon Piégeur'),(328,6,'Knacklion','Ameisenlöwen-Pokémon'),(328,7,'Trapinch','Pokémon Hormiga León'),(328,8,'Trapinch','Pokémon Trappola'),(328,9,'Trapinch','Ant Pit Pokémon'),(328,11,'ナックラー','ありじごくポケモン'),(328,12,'大颚蚁','蚁狮宝可梦'),(329,1,'ビブラーバ','しんどうポケモン'),(329,2,'Vibrava',''),(329,3,'비브라바','진동포켓몬'),(329,4,'超音波幼蟲','震動寶可夢'),(329,5,'Vibraninf','Pokémon Vibration'),(329,6,'Vibrava','Vibrations-Pokémon'),(329,7,'Vibrava','Pokémon Vibrante'),(329,8,'Vibrava','Pokémon Vibrazione'),(329,9,'Vibrava','Vibration Pokémon'),(329,11,'ビブラーバ','しんどうポケモン'),(329,12,'超音波幼虫','振动宝可梦'),(330,1,'フライゴン','せいれいポケモン'),(330,2,'Frygon',''),(330,3,'플라이곤','정령포켓몬'),(330,4,'沙漠蜻蜓','神秘寶可夢'),(330,5,'Libégon','Pokémon Mystique'),(330,6,'Libelldra','Mystik-Pokémon'),(330,7,'Flygon','Pokémon Místico'),(330,8,'Flygon','Pokémon Magico'),(330,9,'Flygon','Mystic Pokémon'),(330,11,'フライゴン','せいれいポケモン'),(330,12,'沙漠蜻蜓','神秘宝可梦'),(331,1,'サボネア','サボテンポケモン'),(331,2,'Sabonea',''),(331,3,'선인왕','선인장포켓몬'),(331,4,'刺球仙人掌','仙人掌寶可夢'),(331,5,'Cacnea','Pokémon Cactus'),(331,6,'Tuska','Kaktus'),(331,7,'Cacnea','Pokémon Cactus'),(331,8,'Cacnea','Pokémon Cactus'),(331,9,'Cacnea','Cactus Pokémon'),(331,11,'サボネア','サボテンポケモン'),(331,12,'刺球仙人掌','仙人掌宝可梦'),(332,1,'ノクタス','カカシぐさポケモン'),(332,2,'Noctus',''),(332,3,'밤선인','허수아비포켓몬'),(332,4,'夢歌仙人掌','稻草人寶可夢'),(332,5,'Cacturne','Pokémon Épouvantail'),(332,6,'Noktuska','Vogelschock'),(332,7,'Cacturne','Pokémon Espantajo'),(332,8,'Cacturne','Pokémon Spavento'),(332,9,'Cacturne','Scarecrow Pokémon'),(332,11,'ノクタス','カカシぐさポケモン'),(332,12,'梦歌仙人掌','稻草人宝可梦'),(333,1,'チルット','わたどりポケモン'),(333,2,'Tyltto',''),(333,3,'파비코','솜새포켓몬'),(333,4,'青綿鳥','綿鳥寶可夢'),(333,5,'Tylton','Pokémon Oiseaucoton'),(333,6,'Wablu','Wollvogel-Pokémon'),(333,7,'Swablu','Pokémon Ave Algodón'),(333,8,'Swablu','Pokémon Alidicotone'),(333,9,'Swablu','Cotton Bird Pokémon'),(333,11,'チルット','わたどりポケモン'),(333,12,'青绵鸟','绵鸟宝可梦'),(334,1,'チルタリス','ハミングポケモン'),(334,2,'Tyltalis',''),(334,3,'파비코리','허밍포켓몬'),(334,4,'七夕青鳥','哼唱寶可夢'),(334,5,'Altaria','Pokémon Virevolteur'),(334,6,'Altaria','Summsel-Pokémon'),(334,7,'Altaria','Pokémon Cantor'),(334,8,'Altaria','Pokémon Canterino'),(334,9,'Altaria','Humming Pokémon'),(334,11,'チルタリス','ハミングポケモン'),(334,12,'七夕青鸟','哼唱宝可梦'),(335,1,'ザングース','ネコイタチポケモン'),(335,2,'Zangoose',''),(335,3,'쟝고','고양이족제비포켓몬'),(335,4,'貓鼬斬','貓鼬寶可夢'),(335,5,'Mangriff','Pokémon Chat Furet'),(335,6,'Sengo','Frettkatz'),(335,7,'Zangoose','Pokémon Gato Hurón'),(335,8,'Zangoose','Pokémon Furogatto'),(335,9,'Zangoose','Cat Ferret Pokémon'),(335,11,'ザングース','ネコイタチポケモン'),(335,12,'猫鼬斩','猫鼬宝可梦'),(336,1,'ハブネーク','キバへびポケモン'),(336,2,'Habunake',''),(336,3,'세비퍼','송곳뱀포켓몬'),(336,4,'飯匙蛇','牙蛇寶可夢'),(336,5,'Séviper','Pokémon Serpacroc'),(336,6,'Vipitis','Reißzahn'),(336,7,'Seviper','Pokémon Colmillos'),(336,8,'Seviper','Pokémon Zannaserpe'),(336,9,'Seviper','Fang Snake Pokémon'),(336,11,'ハブネーク','キバへびポケモン'),(336,12,'饭匙蛇','牙蛇宝可梦'),(337,1,'ルナトーン','いんせきポケモン'),(337,2,'Lunatone',''),(337,3,'루나톤','별똥별포켓몬'),(337,4,'月石','隕石寶可夢'),(337,5,'Séléroc','Pokémon Météorite'),(337,6,'Lunastein','Meteoriten-Pokémon'),(337,7,'Lunatone','Pokémon Meteorito'),(337,8,'Lunatone','Pokémon Meteorite'),(337,9,'Lunatone','Meteorite Pokémon'),(337,11,'ルナトーン','いんせきポケモン'),(337,12,'月石','陨石宝可梦'),(338,1,'ソルロック','いんせきポケモン'),(338,2,'Solrock',''),(338,3,'솔록','별똥별포켓몬'),(338,4,'太陽岩','隕石寶可夢'),(338,5,'Solaroc','Pokémon Météorite'),(338,6,'Sonnfel','Meteoriten-Pokémon'),(338,7,'Solrock','Pokémon Meteorito'),(338,8,'Solrock','Pokémon Meteorite'),(338,9,'Solrock','Meteorite Pokémon'),(338,11,'ソルロック','いんせきポケモン'),(338,12,'太阳岩','陨石宝可梦'),(339,1,'ドジョッチ','ひげうおポケモン'),(339,2,'Dojoach',''),(339,3,'미꾸리','수염물고기포켓몬'),(339,4,'泥泥鰍','鬚魚寶可夢'),(339,5,'Barloche','Pokémon Barbillon'),(339,6,'Schmerbe','Barthaar-Pokémon'),(339,7,'Barboach','Pokémon Bigotudo'),(339,8,'Barboach','Pokémon Baffetti'),(339,9,'Barboach','Whiskers Pokémon'),(339,11,'ドジョッチ','ひげうおポケモン'),(339,12,'泥泥鳅','须鱼宝可梦'),(340,1,'ナマズン','ひげうおポケモン'),(340,2,'Namazun',''),(340,3,'메깅','수염물고기포켓몬'),(340,4,'鯰魚王','鬚魚寶可夢'),(340,5,'Barbicha','Pokémon Barbillon'),(340,6,'Welsar','Barthaar-Pokémon'),(340,7,'Whiscash','Pokémon Bigotudo'),(340,8,'Whiscash','Pokémon Baffetti'),(340,9,'Whiscash','Whiskers Pokémon'),(340,11,'ナマズン','ひげうおポケモン'),(340,12,'鲶鱼王','须鱼宝可梦'),(341,1,'ヘイガニ','ごろつきポケモン'),(341,2,'Heigani',''),(341,3,'가재군','건달포켓몬'),(341,4,'龍蝦小兵','無賴寶可夢'),(341,5,'Écrapince','Pokémon Brute'),(341,6,'Krebscorps','Grobian-Pokémon'),(341,7,'Corphish','Pokémon Rufián'),(341,8,'Corphish','Pokémon Birbone'),(341,9,'Corphish','Ruffian Pokémon'),(341,11,'ヘイガニ','ごろつきポケモン'),(341,12,'龙虾小兵','无赖宝可梦'),(342,1,'シザリガー','ならずものポケモン'),(342,2,'Shizariger',''),(342,3,'가재장군','불량배포켓몬'),(342,4,'鐵螯龍蝦','流氓寶可夢'),(342,5,'Colhomard','Pokémon Crapule'),(342,6,'Krebutack','Schlingel-Pokémon'),(342,7,'Crawdaunt','Pokémon Granuja'),(342,8,'Crawdaunt','Pokémon Canaglia'),(342,9,'Crawdaunt','Rogue Pokémon'),(342,11,'シザリガー','ならずものポケモン'),(342,12,'铁螯龙虾','流氓宝可梦'),(343,1,'ヤジロン','どぐうポケモン'),(343,2,'Yajilon',''),(343,3,'오뚝군','토우포켓몬'),(343,4,'天秤偶','泥偶寶可夢'),(343,5,'Balbuto','Pokémon Poupargile'),(343,6,'Puppance','Lehmpuppen-Pokémon'),(343,7,'Baltoy','Pokémon Muñeca Barro'),(343,8,'Baltoy','Pokémon Argilla'),(343,9,'Baltoy','Clay Doll Pokémon'),(343,11,'ヤジロン','どぐうポケモン'),(343,12,'天秤偶','泥偶宝可梦'),(344,1,'ネンドール','どぐうポケモン'),(344,2,'Nendoll',''),(344,3,'점토도리','토우포켓몬'),(344,4,'念力土偶','泥偶寶可夢'),(344,5,'Kaorine','Pokémon Poupargile'),(344,6,'Lepumentas','Lehmpuppen-Pokémon'),(344,7,'Claydol','Pokémon Muñeca Barro'),(344,8,'Claydol','Pokémon Argilla'),(344,9,'Claydol','Clay Doll Pokémon'),(344,11,'ネンドール','どぐうポケモン'),(344,12,'念力土偶','泥偶宝可梦'),(345,1,'リリーラ','ウミユリポケモン'),(345,2,'Lilyla',''),(345,3,'릴링','바다나리포켓몬'),(345,4,'觸手百合','海百合寶可夢'),(345,5,'Lilia','Pokémon Lis d’Eau'),(345,6,'Liliep','Seeanemonen-Pokémon'),(345,7,'Lileep','Pokémon Lirio de Mar'),(345,8,'Lileep','Pokémon Fiordimare'),(345,9,'Lileep','Sea Lily Pokémon'),(345,11,'リリーラ','ウミユリポケモン'),(345,12,'触手百合','海百合宝可梦'),(346,1,'ユレイドル','いわつぼポケモン'),(346,2,'Yuradle',''),(346,3,'릴리요','바위단지포켓몬'),(346,4,'搖籃百合','藤壺寶可夢'),(346,5,'Vacilys','Pokémon Bernacle'),(346,6,'Wielie','Rankfüßer-Pokémon'),(346,7,'Cradily','Pokémon Percebe'),(346,8,'Cradily','Pokémon Lepade'),(346,9,'Cradily','Barnacle Pokémon'),(346,11,'ユレイドル','いわつぼポケモン'),(346,12,'摇篮百合','藤壶宝可梦'),(347,1,'アノプス','むかしエビポケモン'),(347,2,'Anopth',''),(347,3,'아노딥스','고대새우포켓몬'),(347,4,'太古羽蟲','古蝦寶可夢'),(347,5,'Anorith','Pokémon Crustage'),(347,6,'Anorith','Urgarnelen-Pokémon'),(347,7,'Anorith','Pokémon Camarón'),(347,8,'Anorith','Pokémon Primaceo'),(347,9,'Anorith','Old Shrimp Pokémon'),(347,11,'アノプス','むかしエビポケモン'),(347,12,'太古羽虫','古虾宝可梦'),(348,1,'アーマルド','かっちゅうポケモン'),(348,2,'Armaldo',''),(348,3,'아말도','갑주포켓몬'),(348,4,'太古盔甲','甲胄寶可夢'),(348,5,'Armaldo','Pokémon Blindage'),(348,6,'Armaldo','Schild-Pokémon'),(348,7,'Armaldo','Pokémon Armadura'),(348,8,'Armaldo','Pokémon Piastre'),(348,9,'Armaldo','Plate Pokémon'),(348,11,'アーマルド','かっちゅうポケモン'),(348,12,'太古盔甲','甲胄宝可梦'),(349,1,'ヒンバス','さかなポケモン'),(349,2,'Hinbass',''),(349,3,'빈티나','물고기포켓몬'),(349,4,'醜醜魚','魚寶可夢'),(349,5,'Barpau','Pokémon Poisson'),(349,6,'Barschwa','Fisch-Pokémon'),(349,7,'Feebas','Pokémon Pez'),(349,8,'Feebas','Pokémon Pesce'),(349,9,'Feebas','Fish Pokémon'),(349,11,'ヒンバス','さかなポケモン'),(349,12,'丑丑鱼','鱼宝可梦'),(350,1,'ミロカロス','いつくしみポケモン'),(350,2,'Milokaross',''),(350,3,'밀로틱','사랑포켓몬'),(350,4,'美納斯','慈愛寶可夢'),(350,5,'Milobellus','Pokémon Tendre'),(350,6,'Milotic','Zartheits-Pokémon'),(350,7,'Milotic','Pokémon Tierno'),(350,8,'Milotic','Pokémon Tenerezza'),(350,9,'Milotic','Tender Pokémon'),(350,11,'ミロカロス','いつくしみポケモン'),(350,12,'美纳斯','慈爱宝可梦'),(351,1,'ポワルン','てんきポケモン'),(351,2,'Powalen',''),(351,3,'캐스퐁','날씨포켓몬'),(351,4,'飄浮泡泡','天氣寶可夢'),(351,5,'Morphéo','Pokémon Climat'),(351,6,'Formeo','Wetter'),(351,7,'Castform','Pokémon Clima'),(351,8,'Castform','Pokémon Meteo'),(351,9,'Castform','Weather Pokémon'),(351,11,'ポワルン','てんきポケモン'),(351,12,'飘浮泡泡','天气宝可梦'),(352,1,'カクレオン','いろへんげポケモン'),(352,2,'Kakureon',''),(352,3,'켈리몬','색변화포켓몬'),(352,4,'變隱龍','變色寶可夢'),(352,5,'Kecleon','Pokémon Multicolor'),(352,6,'Kecleon','Farbenspiel'),(352,7,'Kecleon','Pokémon Camaleónico'),(352,8,'Kecleon','Pokémon Mutacolore'),(352,9,'Kecleon','Color Swap Pokémon'),(352,11,'カクレオン','いろへんげポケモン'),(352,12,'变隐龙','变色宝可梦'),(353,1,'カゲボウズ','にんぎょうポケモン'),(353,2,'Kagebouzu',''),(353,3,'어둠대신','인형포켓몬'),(353,4,'怨影娃娃','人偶寶可夢'),(353,5,'Polichombr','Pokémon Poupée'),(353,6,'Shuppet','Puppe'),(353,7,'Shuppet','Pokémon Títere'),(353,8,'Shuppet','Pokémon Pupazzo'),(353,9,'Shuppet','Puppet Pokémon'),(353,11,'カゲボウズ','にんぎょうポケモン'),(353,12,'怨影娃娃','人偶宝可梦'),(354,1,'ジュペッタ','ぬいぐるみポケモン'),(354,2,'Juppeta',''),(354,3,'다크펫','봉제인형포켓몬'),(354,4,'詛咒娃娃','布偶寶可夢'),(354,5,'Branette','Pokémon Marionnette'),(354,6,'Banette','Marionette'),(354,7,'Banette','Pokémon Marioneta'),(354,8,'Banette','Pokémon Marionetta'),(354,9,'Banette','Marionette Pokémon'),(354,11,'ジュペッタ','ぬいぐるみポケモン'),(354,12,'诅咒娃娃','布偶宝可梦'),(355,1,'ヨマワル','おむかえポケモン'),(355,2,'Yomawaru',''),(355,3,'해골몽','마중포켓몬'),(355,4,'夜巡靈','渡魂寶可夢'),(355,5,'Skelénox','Pokémon Requiem'),(355,6,'Zwirrlicht','Requiem-Pokémon'),(355,7,'Duskull','Pokémon Réquiem'),(355,8,'Duskull','Pokémon Requiem'),(355,9,'Duskull','Requiem Pokémon'),(355,11,'ヨマワル','おむかえポケモン'),(355,12,'夜巡灵','渡魂宝可梦'),(356,1,'サマヨール','てまねきポケモン'),(356,2,'Samayouru',''),(356,3,'미라몽','손짓포켓몬'),(356,4,'彷徨夜靈','招手寶可夢'),(356,5,'Téraclope','Pokémon Appel'),(356,6,'Zwirrklop','Wink-Pokémon'),(356,7,'Dusclops','Pokémon Atrayente'),(356,8,'Dusclops','Pokémon Ipnosguardo'),(356,9,'Dusclops','Beckon Pokémon'),(356,11,'サマヨール','てまねきポケモン'),(356,12,'彷徨夜灵','招手宝可梦'),(357,1,'トロピウス','フルーツポケモン'),(357,2,'Tropius',''),(357,3,'트로피우스','후르츠포켓몬'),(357,4,'熱帶龍','水果寶可夢'),(357,5,'Tropius','Pokémon Fruit'),(357,6,'Tropius','Obst'),(357,7,'Tropius','Pokémon Fruto'),(357,8,'Tropius','Pokémon Frutto'),(357,9,'Tropius','Fruit Pokémon'),(357,11,'トロピウス','フルーツポケモン'),(357,12,'热带龙','水果宝可梦'),(358,1,'チリーン','ふうりんポケモン'),(358,2,'Chirean',''),(358,3,'치렁','풍경포켓몬'),(358,4,'風鈴鈴','風鈴寶可夢'),(358,5,'Éoko','Pokémon Carillon'),(358,6,'Palimpalim','Windspiel'),(358,7,'Chimecho','Pokémon Sonido Aire'),(358,8,'Chimecho','Pokémon Vencampana'),(358,9,'Chimecho','Wind Chime Pokémon'),(358,11,'チリーン','ふうりんポケモン'),(358,12,'风铃铃','风铃宝可梦'),(359,1,'アブソル','わざわいポケモン'),(359,2,'Absol',''),(359,3,'앱솔','재난포켓몬'),(359,4,'阿勃梭魯','災禍寶可夢'),(359,5,'Absol','Pokémon Désastre'),(359,6,'Absol','Desaster-Pokémon'),(359,7,'Absol','Pokémon Catástrofe'),(359,8,'Absol','Pokémon Catastrofe'),(359,9,'Absol','Disaster Pokémon'),(359,11,'アブソル','わざわいポケモン'),(359,12,'阿勃梭鲁','灾祸宝可梦'),(360,1,'ソーナノ','ほがらかポケモン'),(360,2,'Sohnano',''),(360,3,'마자','명랑포켓몬'),(360,4,'小果然','開朗寶可夢'),(360,5,'Okéoké','Pokémon Ravi'),(360,6,'Isso','Strahlekind-Pokémon'),(360,7,'Wynaut','Pokémon Radiante'),(360,8,'Wynaut','Pokémon Brillante'),(360,9,'Wynaut','Bright Pokémon'),(360,11,'ソーナノ','ほがらかポケモン'),(360,12,'小果然','开朗宝可梦'),(361,1,'ユキワラシ','ゆきかさポケモン'),(361,2,'Yukiwarashi',''),(361,3,'눈꼬마','눈우산포켓몬'),(361,4,'雪童子','雪笠寶可夢'),(361,5,'Stalgamin','Pokémon Capuche'),(361,6,'Schneppke','Schneehut-Pokémon'),(361,7,'Snorunt','Pokémon Gorro Nieve'),(361,8,'Snorunt','Pokémon Cappelneve'),(361,9,'Snorunt','Snow Hat Pokémon'),(361,11,'ユキワラシ','ゆきかさポケモン'),(361,12,'雪童子','雪笠宝可梦'),(362,1,'オニゴーリ','がんめんポケモン'),(362,2,'Onigohri',''),(362,3,'얼음귀신','얼굴포켓몬'),(362,4,'冰鬼護','臉面寶可夢'),(362,5,'Oniglali','Pokémon Face'),(362,6,'Firnontor','Antlitz-Pokémon'),(362,7,'Glalie','Pokémon Cara'),(362,8,'Glalie','Pokémon Tuttomuso'),(362,9,'Glalie','Face Pokémon'),(362,11,'オニゴーリ','がんめんポケモン'),(362,12,'冰鬼护','脸面宝可梦'),(363,1,'タマザラシ','てたたきポケモン'),(363,2,'Tamazarashi',''),(363,3,'대굴레오','손뼉포켓몬'),(363,4,'海豹球','拍手寶可夢'),(363,5,'Obalie','Pokémon Clap Clap'),(363,6,'Seemops','Applaus-Pokémon'),(363,7,'Spheal','Pokémon Aplauso'),(363,8,'Spheal','Pokémon Rotolante'),(363,9,'Spheal','Clap Pokémon'),(363,11,'タマザラシ','てたたきポケモン'),(363,12,'海豹球','拍手宝可梦'),(364,1,'トドグラー','たままわしポケモン'),(364,2,'Todoggler',''),(364,3,'씨레오','공돌리기포켓몬'),(364,4,'海魔獅','滾球寶可夢'),(364,5,'Phogleur','Pokémon Roule Boule'),(364,6,'Seejong','Spielball-Pokémon'),(364,7,'Sealeo','Pokémon Rodabola'),(364,8,'Sealeo','Pokémon Rotapalla'),(364,9,'Sealeo','Ball Roll Pokémon'),(364,11,'トドグラー','たままわしポケモン'),(364,12,'海魔狮','滚球宝可梦'),(365,1,'トドゼルガ','こおりわりポケモン'),(365,2,'Todoseruga',''),(365,3,'씨카이저','얼음깨기포켓몬'),(365,4,'帝牙海獅','破冰寶可夢'),(365,5,'Kaimorse','Pokémon Brise Glace'),(365,6,'Walraisa','Eisbrecher-Pokémon'),(365,7,'Walrein','Pokémon Rompehielo'),(365,8,'Walrein','Pokémon Spaccagelo'),(365,9,'Walrein','Ice Break Pokémon'),(365,11,'トドゼルガ','こおりわりポケモン'),(365,12,'帝牙海狮','破冰宝可梦'),(366,1,'パールル','２まいがいポケモン'),(366,2,'Pearlulu',''),(366,3,'진주몽','두조개포켓몬'),(366,4,'珍珠貝','雙殼貝寶可夢'),(366,5,'Coquiperl','Pokémon Bivalve'),(366,6,'Perlu','Muschel'),(366,7,'Clamperl','Pokémon Bivalvo'),(366,8,'Clamperl','Pokémon Bivalve'),(366,9,'Clamperl','Bivalve Pokémon'),(366,11,'パールル','２まいがいポケモン'),(366,12,'珍珠贝','双壳贝宝可梦'),(367,1,'ハンテール','しんかいポケモン'),(367,2,'Huntail',''),(367,3,'헌테일','깊은바다포켓몬'),(367,4,'獵斑魚','深海寶可夢'),(367,5,'Serpang','Pokémon Abysse'),(367,6,'Aalabyss','Tiefsee'),(367,7,'Huntail','Pokémon Abisal'),(367,8,'Huntail','Pokémon Abissi'),(367,9,'Huntail','Deep Sea Pokémon'),(367,11,'ハンテール','しんかいポケモン'),(367,12,'猎斑鱼','深海宝可梦'),(368,1,'サクラビス','なんかいポケモン'),(368,2,'Sakurabyss',''),(368,3,'분홍장이','남해포켓몬'),(368,4,'櫻花魚','南海寶可夢'),(368,5,'Rosabyss','Pokémon Mer du Sud'),(368,6,'Saganabyss','Südsee'),(368,7,'Gorebyss','Pokémon Mar del Sur'),(368,8,'Gorebyss','Pokémon Sudmarino'),(368,9,'Gorebyss','South Sea Pokémon'),(368,11,'サクラビス','なんかいポケモン'),(368,12,'樱花鱼','南海宝可梦'),(369,1,'ジーランス','ちょうじゅポケモン'),(369,2,'Glanth',''),(369,3,'시라칸','장수포켓몬'),(369,4,'古空棘魚','長壽寶可夢'),(369,5,'Relicanth','Pokémon Longévité'),(369,6,'Relicanth','Bestand-Pokémon'),(369,7,'Relicanth','Pokémon Longevo'),(369,8,'Relicanth','Pokémon Longevità'),(369,9,'Relicanth','Longevity Pokémon'),(369,11,'ジーランス','ちょうじゅポケモン'),(369,12,'古空棘鱼','长寿宝可梦'),(370,1,'ラブカス','ランデブーポケモン'),(370,2,'Lovecus',''),(370,3,'사랑동이','랑데부포켓몬'),(370,4,'愛心魚','相隨寶可夢'),(370,5,'Lovdisc','Pokémon Rendezvous'),(370,6,'Liebiskus','Rendezvous'),(370,7,'Luvdisc','Pokémon Cita'),(370,8,'Luvdisc','Pokémon Rendezvous'),(370,9,'Luvdisc','Rendezvous Pokémon'),(370,11,'ラブカス','ランデブーポケモン'),(370,12,'爱心鱼','相随宝可梦'),(371,1,'タツベイ','いしあたまポケモン'),(371,2,'Tatsubay',''),(371,3,'아공이','돌머리포켓몬'),(371,4,'寶貝龍','堅硬腦袋寶可夢'),(371,5,'Draby','Pokémon Tête de Roc'),(371,6,'Kindwurm','Steinhaupt-Pokémon'),(371,7,'Bagon','Pokémon Cabeza Roca'),(371,8,'Bagon','Pokémon Rocciotesta'),(371,9,'Bagon','Rock Head Pokémon'),(371,11,'タツベイ','いしあたまポケモン'),(371,12,'宝贝龙','坚硬脑袋宝可梦'),(372,1,'コモルー','にんたいポケモン'),(372,2,'Komoruu',''),(372,3,'쉘곤','인내포켓몬'),(372,4,'甲殼龍','耐力寶可夢'),(372,5,'Drackhaus','Pokémon Endurant'),(372,6,'Draschel','Durchsteher-Pokémon'),(372,7,'Shelgon','Pokémon Resistencia'),(372,8,'Shelgon','Pokémon Resistenza'),(372,9,'Shelgon','Endurance Pokémon'),(372,11,'コモルー','にんたいポケモン'),(372,12,'甲壳龙','耐力宝可梦'),(373,1,'ボーマンダ','ドラゴンポケモン'),(373,2,'Bohmander',''),(373,3,'보만다','드래곤포켓몬'),(373,4,'暴飛龍','龍寶可夢'),(373,5,'Drattak','Pokémon Dragon'),(373,6,'Brutalanda','Drachen-Pokémon'),(373,7,'Salamence','Pokémon Dragón'),(373,8,'Salamence','Pokémon Drago'),(373,9,'Salamence','Dragon Pokémon'),(373,11,'ボーマンダ','ドラゴンポケモン'),(373,12,'暴飞龙','龙宝可梦'),(374,1,'ダンバル','てっきゅうポケモン'),(374,2,'Dumbber',''),(374,3,'메탕','철공포켓몬'),(374,4,'鐵啞鈴','鐵球寶可夢'),(374,5,'Terhal','Pokémon Boulefer'),(374,6,'Tanhel','Eisenkugel-Pokémon'),(374,7,'Beldum','Pokémon Bola Hierro'),(374,8,'Beldum','Pokémon Ferrosfera'),(374,9,'Beldum','Iron Ball Pokémon'),(374,11,'ダンバル','てっきゅうポケモン'),(374,12,'铁哑铃','铁球宝可梦'),(375,1,'メタング','てつツメポケモン'),(375,2,'Metang',''),(375,3,'메탕구','철발톱포켓몬'),(375,4,'金屬怪','鐵爪寶可夢'),(375,5,'Métang','Pokémon Pincefer'),(375,6,'Metang','Eisenklauen-Pokémon'),(375,7,'Metang','Pokémon Garra Hierro'),(375,8,'Metang','Pokémon Ferrunghia'),(375,9,'Metang','Iron Claw Pokémon'),(375,11,'メタング','てつツメポケモン'),(375,12,'金属怪','铁爪宝可梦'),(376,1,'メタグロス','てつあしポケモン'),(376,2,'Metagross',''),(376,3,'메타그로스','무쇠다리포켓몬'),(376,4,'巨金怪','鐵足寶可夢'),(376,5,'Métalosse','Pokémon Pattefer'),(376,6,'Metagross','Eisenfuß-Pokémon'),(376,7,'Metagross','Pokémon Pata Hierro'),(376,8,'Metagross','Pokémon Ferrarto'),(376,9,'Metagross','Iron Leg Pokémon'),(376,11,'メタグロス','てつあしポケモン'),(376,12,'巨金怪','铁足宝可梦'),(377,1,'レジロック','いわやまポケモン'),(377,2,'Regirock',''),(377,3,'레지락','바위산포켓몬'),(377,4,'雷吉洛克','岩山寶可夢'),(377,5,'Regirock','Pokémon Pic Rocheux'),(377,6,'Regirock','Steingipfel-Pokémon'),(377,7,'Regirock','Pokémon Pico Roca'),(377,8,'Regirock','Pokémon Picco'),(377,9,'Regirock','Rock Peak Pokémon'),(377,11,'レジロック','いわやまポケモン'),(377,12,'雷吉洛克','岩山宝可梦'),(378,1,'レジアイス','ひょうざんポケモン'),(378,2,'Regice',''),(378,3,'레지아이스','빙산포켓몬'),(378,4,'雷吉艾斯','冰山寶可夢'),(378,5,'Regice','Pokémon Iceberg'),(378,6,'Regice','Eisberg-Pokémon'),(378,7,'Regice','Pokémon Iceberg'),(378,8,'Regice','Pokémon Iceberg'),(378,9,'Regice','Iceberg Pokémon'),(378,11,'レジアイス','ひょうざんポケモン'),(378,12,'雷吉艾斯','冰山宝可梦'),(379,1,'レジスチル','くろがねポケモン'),(379,2,'Registeel',''),(379,3,'레지스틸','쇠철포켓몬'),(379,4,'雷吉斯奇魯','黑金寶可夢'),(379,5,'Registeel','Pokémon Fer'),(379,6,'Registeel','Eisen-Pokémon'),(379,7,'Registeel','Pokémon Hierro'),(379,8,'Registeel','Pokémon Ferro'),(379,9,'Registeel','Iron Pokémon'),(379,11,'レジスチル','くろがねポケモン'),(379,12,'雷吉斯奇鲁','黑金宝可梦'),(380,1,'ラティアス','むげんポケモン'),(380,2,'Latias',''),(380,3,'라티아스','무한포켓몬'),(380,4,'拉帝亞斯','無限寶可夢'),(380,5,'Latias','Pokémon Éon'),(380,6,'Latias','Äon-Pokémon'),(380,7,'Latias','Pokémon Eón'),(380,8,'Latias','Pokémon Eone'),(380,9,'Latias','Eon Pokémon'),(380,11,'ラティアス','むげんポケモン'),(380,12,'拉帝亚斯','无限宝可梦'),(381,1,'ラティオス','むげんポケモン'),(381,2,'Latios',''),(381,3,'라티오스','무한포켓몬'),(381,4,'拉帝歐斯','無限寶可夢'),(381,5,'Latios','Pokémon Éon'),(381,6,'Latios','Äon-Pokémon'),(381,7,'Latios','Pokémon Eón'),(381,8,'Latios','Pokémon Eone'),(381,9,'Latios','Eon Pokémon'),(381,11,'ラティオス','むげんポケモン'),(381,12,'拉帝欧斯','无限宝可梦'),(382,1,'カイオーガ','かいていポケモン'),(382,2,'Kyogre',''),(382,3,'가이오가','해저포켓몬'),(382,4,'蓋歐卡','海底寶可夢'),(382,5,'Kyogre','Pokémon Bassinmarin'),(382,6,'Kyogre','Seegründler-Pokémon'),(382,7,'Kyogre','Pokémon Cuenca Mar'),(382,8,'Kyogre','Pokémon Oceano'),(382,9,'Kyogre','Sea Basin Pokémon'),(382,11,'カイオーガ','かいていポケモン'),(382,12,'盖欧卡','海底宝可梦'),(383,1,'グラードン','たいりくポケモン'),(383,2,'Groudon',''),(383,3,'그란돈','대륙포켓몬'),(383,4,'固拉多','大陸寶可夢'),(383,5,'Groudon','Pokémon Continent'),(383,6,'Groudon','Kontinent-Pokémon'),(383,7,'Groudon','Pokémon Continente'),(383,8,'Groudon','Pokémon Continente'),(383,9,'Groudon','Continent Pokémon'),(383,11,'グラードン','たいりくポケモン'),(383,12,'固拉多','大陆宝可梦'),(384,1,'レックウザ','てんくうポケモン'),(384,2,'Rayquaza',''),(384,3,'레쿠쟈','천공포켓몬'),(384,4,'烈空坐','天空寶可夢'),(384,5,'Rayquaza','Pokémon Cieux'),(384,6,'Rayquaza','Himmelhoch-Pokémon'),(384,7,'Rayquaza','Pokémon Cielo'),(384,8,'Rayquaza','Pokémon Stratosfera'),(384,9,'Rayquaza','Sky High Pokémon'),(384,11,'レックウザ','てんくうポケモン'),(384,12,'烈空坐','天空宝可梦'),(385,1,'ジラーチ','ねがいごとポケモン'),(385,2,'Jirachi',''),(385,3,'지라치','희망사항포켓몬'),(385,4,'基拉祈','祈願寶可夢'),(385,5,'Jirachi','Pokémon Souhait'),(385,6,'Jirachi','Wünscher-Pokémon'),(385,7,'Jirachi','Pokémon Deseo'),(385,8,'Jirachi','Pokémon Desiderio'),(385,9,'Jirachi','Wish Pokémon'),(385,11,'ジラーチ','ねがいごとポケモン'),(385,12,'基拉祈','祈愿宝可梦'),(386,1,'デオキシス','ＤＮＡポケモン'),(386,2,'Deoxys',''),(386,3,'테오키스','DNA포켓몬'),(386,4,'代歐奇希斯','ＤＮＡ寶可夢'),(386,5,'Deoxys','Pokémon ADN'),(386,6,'Deoxys','DNS'),(386,7,'Deoxys','Pokémon ADN'),(386,8,'Deoxys','Pokémon DNA'),(386,9,'Deoxys','DNA Pokémon'),(386,11,'デオキシス','ＤＮＡポケモン'),(386,12,'代欧奇希斯','ＤＮＡ宝可梦'),(387,1,'ナエトル','わかばポケモン'),(387,2,'Naetle',''),(387,3,'모부기','어린잎포켓몬'),(387,4,'草苗龜','嫩葉寶可夢'),(387,5,'Tortipouss','Pokémon Minifeuille'),(387,6,'Chelast','Winziglaub'),(387,7,'Turtwig','Pokémon Hojita'),(387,8,'Turtwig','Pokémon Fogliolina'),(387,9,'Turtwig','Tiny Leaf Pokémon'),(387,11,'ナエトル','わかばポケモン'),(387,12,'草苗龟','嫩叶宝可梦'),(388,1,'ハヤシガメ','こだちポケモン'),(388,2,'Hayashigame',''),(388,3,'수풀부기','나무숲포켓몬'),(388,4,'樹林龜','樹叢寶可夢'),(388,5,'Boskara','Pokémon Bosquet'),(388,6,'Chelcarain','Hain'),(388,7,'Grotle','Pokémon Arboleda'),(388,8,'Grotle','Pokémon Boschetto'),(388,9,'Grotle','Grove Pokémon'),(388,11,'ハヤシガメ','こだちポケモン'),(388,12,'树林龟','树丛宝可梦'),(389,1,'ドダイトス','たいりくポケモン'),(389,2,'Dodaitose',''),(389,3,'토대부기','대륙포켓몬'),(389,4,'土台龜','大陸寶可夢'),(389,5,'Torterra','Pokémon Continent'),(389,6,'Chelterrar','Kontinent'),(389,7,'Torterra','Pokémon Continente'),(389,8,'Torterra','Pokémon Continente'),(389,9,'Torterra','Continent Pokémon'),(389,11,'ドダイトス','たいりくポケモン'),(389,12,'土台龟','大陆宝可梦'),(390,1,'ヒコザル','こざるポケモン'),(390,2,'Hikozaru',''),(390,3,'불꽃숭이','꼬마원숭이포켓몬'),(390,4,'小火焰猴','小猴寶可夢'),(390,5,'Ouisticram','Pokémon Chimpanzé'),(390,6,'Panflam','Schimpanse'),(390,7,'Chimchar','Pokémon Chimpancé'),(390,8,'Chimchar','Pokémon Scimpanzé'),(390,9,'Chimchar','Chimp Pokémon'),(390,11,'ヒコザル','こざるポケモン'),(390,12,'小火焰猴','小猴宝可梦'),(391,1,'モウカザル','やんちゃポケモン'),(391,2,'Mōkazaru',''),(391,3,'파이숭이','개구쟁이포켓몬'),(391,4,'猛火猴','頑皮寶可夢'),(391,5,'Chimpenfeu','Pokémon Garnement'),(391,6,'Panpyro','Verspielt'),(391,7,'Monferno','Pokémon Juguetón'),(391,8,'Monferno','Pokémon Briccone'),(391,9,'Monferno','Playful Pokémon'),(391,11,'モウカザル','やんちゃポケモン'),(391,12,'猛火猴','顽皮宝可梦'),(392,1,'ゴウカザル','かえんポケモン'),(392,2,'Gōkazaru',''),(392,3,'초염몽','화염포켓몬'),(392,4,'烈焰猴','火焰寶可夢'),(392,5,'Simiabraz','Pokémon Flamme'),(392,6,'Panferno','Flamme'),(392,7,'Infernape','Pokémon Llama'),(392,8,'Infernape','Pokémon Fiamma'),(392,9,'Infernape','Flame Pokémon'),(392,11,'ゴウカザル','かえんポケモン'),(392,12,'烈焰猴','火焰宝可梦'),(393,1,'ポッチャマ','ペンギンポケモン'),(393,2,'Pochama',''),(393,3,'팽도리','펭귄포켓몬'),(393,4,'波加曼','企鵝寶可夢'),(393,5,'Tiplouf','Pokémon Pingouin'),(393,6,'Plinfa','Pinguin'),(393,7,'Piplup','Pokémon Pingüino'),(393,8,'Piplup','Pokémon Pinguino'),(393,9,'Piplup','Penguin Pokémon'),(393,11,'ポッチャマ','ペンギンポケモン'),(393,12,'波加曼','企鹅宝可梦'),(394,1,'ポッタイシ','ペンギンポケモン'),(394,2,'Pottaishi',''),(394,3,'팽태자','펭귄포켓몬'),(394,4,'波皇子','企鵝寶可夢'),(394,5,'Prinplouf','Pokémon Pingouin'),(394,6,'Pliprin','Pinguin'),(394,7,'Prinplup','Pokémon Pingüino'),(394,8,'Prinplup','Pokémon Pinguino'),(394,9,'Prinplup','Penguin Pokémon'),(394,11,'ポッタイシ','ペンギンポケモン'),(394,12,'波皇子','企鹅宝可梦'),(395,1,'エンペルト','こうていポケモン'),(395,2,'Emperte',''),(395,3,'엠페르트','황제포켓몬'),(395,4,'帝王拿波','皇帝寶可夢'),(395,5,'Pingoléon','Pokémon Empereur'),(395,6,'Impoleon','Kaiser'),(395,7,'Empoleon','Pokémon Emperador'),(395,8,'Empoleon','Pokémon Imperatore'),(395,9,'Empoleon','Emperor Pokémon'),(395,11,'エンペルト','こうていポケモン'),(395,12,'帝王拿波','皇帝宝可梦'),(396,1,'ムックル','むくどりポケモン'),(396,2,'Mukkuru',''),(396,3,'찌르꼬','찌르레기포켓몬'),(396,4,'姆克兒','椋鳥寶可夢'),(396,5,'Étourmi','Pokémon Étourneau'),(396,6,'Staralili','Star'),(396,7,'Starly','Pokémon Estornino'),(396,8,'Starly','Pokémon Storno'),(396,9,'Starly','Starling Pokémon'),(396,11,'ムックル','むくどりポケモン'),(396,12,'姆克儿','椋鸟宝可梦'),(397,1,'ムクバード','むくどりポケモン'),(397,2,'Mukubird',''),(397,3,'찌르버드','찌르레기포켓몬'),(397,4,'姆克鳥','椋鳥寶可夢'),(397,5,'Étourvol','Pokémon Étourneau'),(397,6,'Staravia','Star'),(397,7,'Staravia','Pokémon Estornino'),(397,8,'Staravia','Pokémon Storno'),(397,9,'Staravia','Starling Pokémon'),(397,11,'ムクバード','むくどりポケモン'),(397,12,'姆克鸟','椋鸟宝可梦'),(398,1,'ムクホーク','もうきんポケモン'),(398,2,'Mukuhawk',''),(398,3,'찌르호크','맹금포켓몬'),(398,4,'姆克鷹','猛禽寶可夢'),(398,5,'Étouraptor','Pokémon Rapace'),(398,6,'Staraptor','Raubtier'),(398,7,'Staraptor','Pokémon Depredador'),(398,8,'Staraptor','Pokémon Rapace'),(398,9,'Staraptor','Predator Pokémon'),(398,11,'ムクホーク','もうきんポケモン'),(398,12,'姆克鹰','猛禽宝可梦'),(399,1,'ビッパ','まるねずみポケモン'),(399,2,'Bipper',''),(399,3,'비버니','둥글쥐포켓몬'),(399,4,'大牙狸','圓鼠寶可夢'),(399,5,'Keunotor','Pokémon Souridodue'),(399,6,'Bidiza','Dickmaus'),(399,7,'Bidoof','Pokémon Gran Ratón'),(399,8,'Bidoof','Pokémon Topaffuto'),(399,9,'Bidoof','Plump Mouse Pokémon'),(399,11,'ビッパ','まるねずみポケモン'),(399,12,'大牙狸','圆鼠宝可梦'),(400,1,'ビーダル','ビーバーポケモン'),(400,2,'Beadull',''),(400,3,'비버통','비버포켓몬'),(400,4,'大尾狸','河狸寶可夢'),(400,5,'Castorno','Pokémon Castor'),(400,6,'Bidifas','Biber'),(400,7,'Bibarel','Pokémon Castor'),(400,8,'Bibarel','Pokémon Castoro'),(400,9,'Bibarel','Beaver Pokémon'),(400,11,'ビーダル','ビーバーポケモン'),(400,12,'大尾狸','河狸宝可梦'),(401,1,'コロボーシ','こおろぎポケモン'),(401,2,'Korobohshi',''),(401,3,'귀뚤뚜기','귀뚜라미포켓몬'),(401,4,'圓法師','蟋蟀寶可夢'),(401,5,'Crikzik','Pokémon Criquet'),(401,6,'Zirpurze','Zirper'),(401,7,'Kricketot','Pokémon Grillo'),(401,8,'Kricketot','Pokémon Grillo'),(401,9,'Kricketot','Cricket Pokémon'),(401,11,'コロボーシ','こおろぎポケモン'),(401,12,'圆法师','蟋蟀宝可梦'),(402,1,'コロトック','こおろぎポケモン'),(402,2,'Korotok',''),(402,3,'귀뚤톡크','귀뚜라미포켓몬'),(402,4,'音箱蟀','蟋蟀寶可夢'),(402,5,'Mélokrik','Pokémon Criquet'),(402,6,'Zirpeise','Zirper'),(402,7,'Kricketune','Pokémon Grillo'),(402,8,'Kricketune','Pokémon Grillo'),(402,9,'Kricketune','Cricket Pokémon'),(402,11,'コロトック','こおろぎポケモン'),(402,12,'音箱蟀','蟋蟀宝可梦'),(403,1,'コリンク','せんこうポケモン'),(403,2,'Kolink',''),(403,3,'꼬링크','섬광포켓몬'),(403,4,'小貓怪','閃光寶可夢'),(403,5,'Lixy','Pokémon Flash'),(403,6,'Sheinux','Flacker-Pokémon'),(403,7,'Shinx','Pokémon Flash'),(403,8,'Shinx','Pokémon Baleno'),(403,9,'Shinx','Flash Pokémon'),(403,11,'コリンク','せんこうポケモン'),(403,12,'小猫怪','闪光宝可梦'),(404,1,'ルクシオ','でんこうポケモン'),(404,2,'Luxio',''),(404,3,'럭시오','전광포켓몬'),(404,4,'勒克貓','電光寶可夢'),(404,5,'Luxio','Pokémon Étincelle'),(404,6,'Luxio','Funken-Pokémon'),(404,7,'Luxio','Pokémon Chispa'),(404,8,'Luxio','Pokémon Favilla'),(404,9,'Luxio','Spark Pokémon'),(404,11,'ルクシオ','でんこうポケモン'),(404,12,'勒克猫','电光宝可梦'),(405,1,'レントラー','がんこうポケモン'),(405,2,'Rentorar',''),(405,3,'렌트라','안광포켓몬'),(405,4,'倫琴貓','目光寶可夢'),(405,5,'Luxray','Pokémon Brillœil'),(405,6,'Luxtra','Glühaugen-Pokémon'),(405,7,'Luxray','Pokémon Chispa Ojos'),(405,8,'Luxray','Pokémon Occhiluce'),(405,9,'Luxray','Gleam Eyes Pokémon'),(405,11,'レントラー','がんこうポケモン'),(405,12,'伦琴猫','目光宝可梦'),(406,1,'スボミー','つぼみポケモン'),(406,2,'Subomie',''),(406,3,'꼬몽울','꽃봉오리포켓몬'),(406,4,'含羞苞','花苞寶可夢'),(406,5,'Rozbouton','Pokémon Bourgeon'),(406,6,'Knospi','Knospen-Pokémon'),(406,7,'Budew','Pokémon Brote'),(406,8,'Budew','Pokémon Germoglio'),(406,9,'Budew','Bud Pokémon'),(406,11,'スボミー','つぼみポケモン'),(406,12,'含羞苞','花苞宝可梦'),(407,1,'ロズレイド','ブーケポケモン'),(407,2,'Roserade',''),(407,3,'로즈레이드','부케포켓몬'),(407,4,'羅絲雷朵','花束寶可夢'),(407,5,'Roserade','Pokémon Bouquet'),(407,6,'Roserade','Blumenstrauß-Pokémon'),(407,7,'Roserade','Pokémon Ramillete'),(407,8,'Roserade','Pokémon Floreale'),(407,9,'Roserade','Bouquet Pokémon'),(407,11,'ロズレイド','ブーケポケモン'),(407,12,'罗丝雷朵','花束宝可梦'),(408,1,'ズガイドス','ずつきポケモン'),(408,2,'Zugaidos',''),(408,3,'두개도스','박치기포켓몬'),(408,4,'頭蓋龍','頭錘寶可夢'),(408,5,'Kranidos','Pokémon Coud’Boule'),(408,6,'Koknodon','Kopfstoß'),(408,7,'Cranidos','Pokémon Cabezazo'),(408,8,'Cranidos','Pokémon Cranioso'),(408,9,'Cranidos','Head Butt Pokémon'),(408,11,'ズガイドス','ずつきポケモン'),(408,12,'头盖龙','头锤宝可梦'),(409,1,'ラムパルド','ずつきポケモン'),(409,2,'Rampard',''),(409,3,'램펄드','박치기포켓몬'),(409,4,'戰槌龍','頭錘寶可夢'),(409,5,'Charkos','Pokémon Coud’Boule'),(409,6,'Rameidon','Kopfstoß'),(409,7,'Rampardos','Pokémon Cabezazo'),(409,8,'Rampardos','Pokémon Cranioso'),(409,9,'Rampardos','Head Butt Pokémon'),(409,11,'ラムパルド','ずつきポケモン'),(409,12,'战槌龙','头锤宝可梦'),(410,1,'タテトプス','シールドポケモン'),(410,2,'Tatetops',''),(410,3,'방패톱스','실드포켓몬'),(410,4,'盾甲龍','護盾寶可夢'),(410,5,'Dinoclier','Pokémon Bouclier'),(410,6,'Schilterus','Schutzschild'),(410,7,'Shieldon','Pokémon Escudo'),(410,8,'Shieldon','Pokémon Schermo'),(410,9,'Shieldon','Shield Pokémon'),(410,11,'タテトプス','シールドポケモン'),(410,12,'盾甲龙','护盾宝可梦'),(411,1,'トリデプス','シールドポケモン'),(411,2,'Trideps',''),(411,3,'바리톱스','실드포켓몬'),(411,4,'護城龍','護盾寶可夢'),(411,5,'Bastiodon','Pokémon Bouclier'),(411,6,'Bollterus','Schutzschild'),(411,7,'Bastiodon','Pokémon Escudo'),(411,8,'Bastiodon','Pokémon Schermo'),(411,9,'Bastiodon','Shield Pokémon'),(411,11,'トリデプス','シールドポケモン'),(411,12,'护城龙','护盾宝可梦'),(412,1,'ミノムッチ','みのむしポケモン'),(412,2,'Minomucchi',''),(412,3,'도롱충이','도롱이벌레포켓몬'),(412,4,'結草兒','蓑衣蟲寶可夢'),(412,5,'Cheniti','Pokémon Ver Caché'),(412,6,'Burmy','Beutelwurm'),(412,7,'Burmy','Pokémon Larva'),(412,8,'Burmy','Pokémon Larva'),(412,9,'Burmy','Bagworm Pokémon'),(412,11,'ミノムッチ','みのむしポケモン'),(412,12,'结草儿','蓑衣虫宝可梦'),(413,1,'ミノマダム','みのむしポケモン'),(413,2,'Minomadam',''),(413,3,'도롱마담','도롱이벌레포켓몬'),(413,4,'結草貴婦','蓑衣蟲寶可夢'),(413,5,'Cheniselle','Pokémon Ver Caché'),(413,6,'Burmadame','Beutelwurm'),(413,7,'Wormadam','Pokémon Larva'),(413,8,'Wormadam','Pokémon Larva'),(413,9,'Wormadam','Bagworm Pokémon'),(413,11,'ミノマダム','みのむしポケモン'),(413,12,'结草贵妇','蓑衣虫宝可梦'),(414,1,'ガーメイル','ミノガポケモン'),(414,2,'Garmeil',''),(414,3,'나메일','나방포켓몬'),(414,4,'紳士蛾','蓑衣蛾寶可夢'),(414,5,'Papilord','Pokémon Phalène'),(414,6,'Moterpel','Motte'),(414,7,'Mothim','Pokémon Polilla'),(414,8,'Mothim','Pokémon Falena'),(414,9,'Mothim','Moth Pokémon'),(414,11,'ガーメイル','ミノガポケモン'),(414,12,'绅士蛾','蓑衣蛾宝可梦'),(415,1,'ミツハニー','はちのこポケモン'),(415,2,'Mitsuhoney',''),(415,3,'세꿀버리','꼬마벌포켓몬'),(415,4,'三蜜蜂','幼蜂寶可夢'),(415,5,'Apitrini','Pokémon Miniabeille'),(415,6,'Wadribie','Kleinbienen-Pokémon'),(415,7,'Combee','Pokémon Abejita'),(415,8,'Combee','Pokémon Apetta'),(415,9,'Combee','Tiny Bee Pokémon'),(415,11,'ミツハニー','はちのこポケモン'),(415,12,'三蜜蜂','幼蜂宝可梦'),(416,1,'ビークイン','はちのすポケモン'),(416,2,'Beequeen',''),(416,3,'비퀸','벌집포켓몬'),(416,4,'蜂女王','蜂巢寶可夢'),(416,5,'Apireine','Pokémon Ruche'),(416,6,'Honweisel','Bienenstock-Pokémon'),(416,7,'Vespiquen','Pokémon Colmena'),(416,8,'Vespiquen','Pokémon Alveare'),(416,9,'Vespiquen','Beehive Pokémon'),(416,11,'ビークイン','はちのすポケモン'),(416,12,'蜂女王','蜂巢宝可梦'),(417,1,'パチリス','でんきりすポケモン'),(417,2,'Pachirisu',''),(417,3,'파치리스','전기다람쥐포켓몬'),(417,4,'帕奇利茲','電松鼠寶可夢'),(417,5,'Pachirisu','Pokémon Écurélec'),(417,6,'Pachirisu','Elektrohörnchen'),(417,7,'Pachirisu','Pokémon Ardillalec'),(417,8,'Pachirisu','Pokémon Elescoiatto'),(417,9,'Pachirisu','EleSquirrel Pokémon'),(417,11,'パチリス','でんきりすポケモン'),(417,12,'帕奇利兹','电松鼠宝可梦'),(418,1,'ブイゼル','うみイタチポケモン'),(418,2,'Buoysel',''),(418,3,'브이젤','바다족제비포켓몬'),(418,4,'泳圈鼬','海鼬寶可夢'),(418,5,'Mustébouée','Pokémon Aquabelette'),(418,6,'Bamelin','Meereswiesel'),(418,7,'Buizel','Pokémon Nutria Mar.'),(418,8,'Buizel','Pokémon Maridonnola'),(418,9,'Buizel','Sea Weasel Pokémon'),(418,11,'ブイゼル','うみイタチポケモン'),(418,12,'泳圈鼬','海鼬宝可梦'),(419,1,'フローゼル','うみイタチポケモン'),(419,2,'Flowsel',''),(419,3,'플로젤','바다족제비포켓몬'),(419,4,'浮潛鼬','海鼬寶可夢'),(419,5,'Mustéflott','Pokémon Aquabelette'),(419,6,'Bojelin','Meereswiesel'),(419,7,'Floatzel','Pokémon Nutria Mar.'),(419,8,'Floatzel','Pokémon Maridonnola'),(419,9,'Floatzel','Sea Weasel Pokémon'),(419,11,'フローゼル','うみイタチポケモン'),(419,12,'浮潜鼬','海鼬宝可梦'),(420,1,'チェリンボ','さくらんぼポケモン'),(420,2,'Cherinbo',''),(420,3,'체리버','버찌포켓몬'),(420,4,'櫻花寶','櫻桃寶可夢'),(420,5,'Ceribou','Pokémon Cerise'),(420,6,'Kikugi','Kirschen-Pokémon'),(420,7,'Cherubi','Pokémon Cereza'),(420,8,'Cherubi','Pokémon Ciliegia'),(420,9,'Cherubi','Cherry Pokémon'),(420,11,'チェリンボ','さくらんぼポケモン'),(420,12,'樱花宝','樱桃宝可梦'),(421,1,'チェリム','サクラポケモン'),(421,2,'Cherrim',''),(421,3,'체리꼬','벚꽃포켓몬'),(421,4,'櫻花兒','櫻花寶可夢'),(421,5,'Ceriflor','Pokémon Floraison'),(421,6,'Kinoso','Blüten-Pokémon'),(421,7,'Cherrim','Pokémon Floración'),(421,8,'Cherrim','Pokémon Bocciolo'),(421,9,'Cherrim','Blossom Pokémon'),(421,11,'チェリム','サクラポケモン'),(421,12,'樱花儿','樱花宝可梦'),(422,1,'カラナクシ','ウミウシポケモン'),(422,2,'Karanakushi',''),(422,3,'깝질무','갯민숭달팽이포켓몬'),(422,4,'無殼海兔','海兔寶可夢'),(422,5,'Sancoki','Pokémon Aqualimace'),(422,6,'Schalellos','Seeschnecken-Pokémon'),(422,7,'Shellos','Pokémon Babosa Marina'),(422,8,'Shellos','Pokémon Lumacomare'),(422,9,'Shellos','Sea Slug Pokémon'),(422,11,'カラナクシ','ウミウシポケモン'),(422,12,'无壳海兔','海兔宝可梦'),(423,1,'トリトドン','ウミウシポケモン'),(423,2,'Toritodon',''),(423,3,'트리토돈','갯민숭달팽이포켓몬'),(423,4,'海兔獸','海兔寶可夢'),(423,5,'Tritosor','Pokémon Aqualimace'),(423,6,'Gastrodon','Seeschnecken-Pokémon'),(423,7,'Gastrodon','Pokémon Babosa Marina'),(423,8,'Gastrodon','Pokémon Lumacomare'),(423,9,'Gastrodon','Sea Slug Pokémon'),(423,11,'トリトドン','ウミウシポケモン'),(423,12,'海兔兽','海兔宝可梦'),(424,1,'エテボース','おながポケモン'),(424,2,'Eteboth',''),(424,3,'겟핸보숭','긴꼬리포켓몬'),(424,4,'雙尾怪手','長尾寶可夢'),(424,5,'Capidextre','Pokémon Longqueue'),(424,6,'Ambidiffel','Langschweif'),(424,7,'Ambipom','Pokémon Cola Larga'),(424,8,'Ambipom','Pokémon Lungacoda'),(424,9,'Ambipom','Long Tail Pokémon'),(424,11,'エテボース','おながポケモン'),(424,12,'双尾怪手','长尾宝可梦'),(425,1,'フワンテ','ふうせんポケモン'),(425,2,'Fuwante',''),(425,3,'흔들풍손','풍선포켓몬'),(425,4,'飄飄球','氣球寶可夢'),(425,5,'Baudrive','Pokémon Bouboule'),(425,6,'Driftlon','Ballon-Pokémon'),(425,7,'Drifloon','Pokémon Globo'),(425,8,'Drifloon','Pokémon Pallone'),(425,9,'Drifloon','Balloon Pokémon'),(425,11,'フワンテ','ふうせんポケモン'),(425,12,'飘飘球','气球宝可梦'),(426,1,'フワライド','ききゅうポケモン'),(426,2,'Fuwaride',''),(426,3,'둥실라이드','기구포켓몬'),(426,4,'隨風球','熱氣球寶可夢'),(426,5,'Grodrive','Pokémon Ballon'),(426,6,'Drifzepeli','Luftschiff-Pokémon'),(426,7,'Drifblim','Pokémon Dirigible'),(426,8,'Drifblim','Pokémon Dirigibile'),(426,9,'Drifblim','Blimp Pokémon'),(426,11,'フワライド','ききゅうポケモン'),(426,12,'随风球','热气球宝可梦'),(427,1,'ミミロル','うさぎポケモン'),(427,2,'Mimirol',''),(427,3,'이어롤','토끼포켓몬'),(427,4,'捲捲耳','兔子寶可夢'),(427,5,'Laporeille','Pokémon Lapin'),(427,6,'Haspiror','Hasen-Pokémon'),(427,7,'Buneary','Pokémon Conejo'),(427,8,'Buneary','Pokémon Coniglio'),(427,9,'Buneary','Rabbit Pokémon'),(427,11,'ミミロル','うさぎポケモン'),(427,12,'卷卷耳','兔子宝可梦'),(428,1,'ミミロップ','うさぎポケモン'),(428,2,'Mimilop',''),(428,3,'이어롭','토끼포켓몬'),(428,4,'長耳兔','兔子寶可夢'),(428,5,'Lockpin','Pokémon Lapin'),(428,6,'Schlapor','Hasen-Pokémon'),(428,7,'Lopunny','Pokémon Conejo'),(428,8,'Lopunny','Pokémon Coniglio'),(428,9,'Lopunny','Rabbit Pokémon'),(428,11,'ミミロップ','うさぎポケモン'),(428,12,'长耳兔','兔子宝可梦'),(429,1,'ムウマージ','マジカルポケモン'),(429,2,'Mumage',''),(429,3,'무우마직','매지컬포켓몬'),(429,4,'夢妖魔','魔法寶可夢'),(429,5,'Magirêve','Pokémon Magique'),(429,6,'Traunmagil','Magisch'),(429,7,'Mismagius','Pokémon Mágico'),(429,8,'Mismagius','Pokémon Stregone'),(429,9,'Mismagius','Magical Pokémon'),(429,11,'ムウマージ','マジカルポケモン'),(429,12,'梦妖魔','魔法宝可梦'),(430,1,'ドンカラス','おおボスポケモン'),(430,2,'Donkarasu',''),(430,3,'돈크로우','큰형님포켓몬'),(430,4,'烏鴉頭頭','大頭目寶可夢'),(430,5,'Corboss','Pokémon Big Boss'),(430,6,'Kramshef','Anführer'),(430,7,'Honchkrow','Pokémon Gran Jefe'),(430,8,'Honchkrow','Pokémon Grancapo'),(430,9,'Honchkrow','Big Boss Pokémon'),(430,11,'ドンカラス','おおボスポケモン'),(430,12,'乌鸦头头','大头目宝可梦'),(431,1,'ニャルマー','ねこかぶりポケモン'),(431,2,'Nyarmar',''),(431,3,'나옹마','내숭포켓몬'),(431,4,'魅力喵','裝乖寶可夢'),(431,5,'Chaglam','Pokémon Chafouin'),(431,6,'Charmian','Fies'),(431,7,'Glameow','Pokémon Gastuto'),(431,8,'Glameow','Pokémon Felide'),(431,9,'Glameow','Catty Pokémon'),(431,11,'ニャルマー','ねこかぶりポケモン'),(431,12,'魅力喵','装乖宝可梦'),(432,1,'ブニャット','とらねこポケモン'),(432,2,'Bunyat',''),(432,3,'몬냥이','얼룩고양이포켓몬'),(432,4,'東施喵','虎斑貓寶可夢'),(432,5,'Chaffreux','Pokémon Chatigre'),(432,6,'Shnurgarst','Tigerkatze'),(432,7,'Purugly','Pokémon Tigre Gato'),(432,8,'Purugly','Pokémon Gattotigre'),(432,9,'Purugly','Tiger Cat Pokémon'),(432,11,'ブニャット','とらねこポケモン'),(432,12,'东施喵','虎斑猫宝可梦'),(433,1,'リーシャン','すずポケモン'),(433,2,'Lisyan',''),(433,3,'랑딸랑','방울포켓몬'),(433,4,'鈴鐺響','鈴鐺寶可夢'),(433,5,'Korillon','Pokémon Clochette'),(433,6,'Klingplim','Glöckchen'),(433,7,'Chingling','Pokémon Campana'),(433,8,'Chingling','Pokémon Sonaglio'),(433,9,'Chingling','Bell Pokémon'),(433,11,'リーシャン','すずポケモン'),(433,12,'铃铛响','铃铛宝可梦'),(434,1,'スカンプー','スカンクポケモン'),(434,2,'Skunpoo',''),(434,3,'스컹뿡','스컹크포켓몬'),(434,4,'臭鼬噗','臭鼬寶可夢'),(434,5,'Moufouette','Pokémon Moufette'),(434,6,'Skunkapuh','Stinktier-Pokémon'),(434,7,'Stunky','Pokémon Mofeta'),(434,8,'Stunky','Pokémon Moffetta'),(434,9,'Stunky','Skunk Pokémon'),(434,11,'スカンプー','スカンクポケモン'),(434,12,'臭鼬噗','臭鼬宝可梦'),(435,1,'スカタンク','スカンクポケモン'),(435,2,'Skutank',''),(435,3,'스컹탱크','스컹크포켓몬'),(435,4,'坦克臭鼬','臭鼬寶可夢'),(435,5,'Moufflair','Pokémon Moufette'),(435,6,'Skuntank','Stinktier-Pokémon'),(435,7,'Skuntank','Pokémon Mofeta'),(435,8,'Skuntank','Pokémon Moffetta'),(435,9,'Skuntank','Skunk Pokémon'),(435,11,'スカタンク','スカンクポケモン'),(435,12,'坦克臭鼬','臭鼬宝可梦'),(436,1,'ドーミラー','せいどうポケモン'),(436,2,'Domirror',''),(436,3,'동미러','청동포켓몬'),(436,4,'銅鏡怪','青銅寶可夢'),(436,5,'Archéomire','Pokémon Bronze'),(436,6,'Bronzel','Bronze-Pokémon'),(436,7,'Bronzor','Pokémon Bronce'),(436,8,'Bronzor','Pokémon Bronzo'),(436,9,'Bronzor','Bronze Pokémon'),(436,11,'ドーミラー','せいどうポケモン'),(436,12,'铜镜怪','青铜宝可梦'),(437,1,'ドータクン','どうたくポケモン'),(437,2,'Dotakun',''),(437,3,'동탁군','동탁포켓몬'),(437,4,'青銅鐘','銅鐘寶可夢'),(437,5,'Archéodong','Pokémon Clochebronze'),(437,6,'Bronzong','Bronzeglocken-Pokémon'),(437,7,'Bronzong','Pokémon Campana Bronce'),(437,8,'Bronzong','Pokémon Squibronzo'),(437,9,'Bronzong','Bronze Bell Pokémon'),(437,11,'ドータクン','どうたくポケモン'),(437,12,'青铜钟','铜钟宝可梦'),(438,1,'ウソハチ','ぼんさいポケモン'),(438,2,'Usohachi',''),(438,3,'꼬지지','분재포켓몬'),(438,4,'盆才怪','盆栽寶可夢'),(438,5,'Manzaï','Pokémon Bonsaï'),(438,6,'Mobai','Bonsai-Pokémon'),(438,7,'Bonsly','Pokémon Bonsái'),(438,8,'Bonsly','Pokémon Bonsai'),(438,9,'Bonsly','Bonsai Pokémon'),(438,11,'ウソハチ','ぼんさいポケモン'),(438,12,'盆才怪','盆栽宝可梦'),(439,1,'マネネ','マイムポケモン'),(439,2,'Manene',''),(439,3,'흉내내','따라하기포켓몬'),(439,4,'魔尼尼','默劇寶可夢'),(439,5,'Mime Jr.','Pokémon Mime'),(439,6,'Pantimimi','Mimen-Pokémon'),(439,7,'Mime Jr.','Pokémon Mimo'),(439,8,'Mime Jr.','Pokémon Mimo'),(439,9,'Mime Jr.','Mime Pokémon'),(439,11,'マネネ','マイムポケモン'),(439,12,'魔尼尼','默剧宝可梦'),(440,1,'ピンプク','ままごとポケモン'),(440,2,'Pinpuku',''),(440,3,'핑복','소꿉놀이포켓몬'),(440,4,'小福蛋','家家酒寶可夢'),(440,5,'Ptiravi','Pokémon Maisonjouet'),(440,6,'Wonneira','Spielhaus-Pokémon'),(440,7,'Happiny','Pokémon Casita'),(440,8,'Happiny','Pokémon Ovettino'),(440,9,'Happiny','Playhouse Pokémon'),(440,11,'ピンプク','ままごとポケモン'),(440,12,'小福蛋','家家酒宝可梦'),(441,1,'ペラップ','おんぷポケモン'),(441,2,'Perap',''),(441,3,'페라페','음표포켓몬'),(441,4,'聒噪鳥','音符寶可夢'),(441,5,'Pijako','Pokémon Note Musique'),(441,6,'Plaudagei','Musiknote'),(441,7,'Chatot','Pokémon Corchea'),(441,8,'Chatot','Pokémon Musicale'),(441,9,'Chatot','Music Note Pokémon'),(441,11,'ペラップ','おんぷポケモン'),(441,12,'聒噪鸟','音符宝可梦'),(442,1,'ミカルゲ','ふういんポケモン'),(442,2,'Mikaruge',''),(442,3,'화강돌','봉인포켓몬'),(442,4,'花岩怪','封印寶可夢'),(442,5,'Spiritomb','Pokémon Interdit'),(442,6,'Kryppuk','Verboten-Pokémon'),(442,7,'Spiritomb','Pokémon Prohibido'),(442,8,'Spiritomb','Pokémon Proibito'),(442,9,'Spiritomb','Forbidden Pokémon'),(442,11,'ミカルゲ','ふういんポケモン'),(442,12,'花岩怪','封印宝可梦'),(443,1,'フカマル','りくザメポケモン'),(443,2,'Fukamaru',''),(443,3,'딥상어동','육지상어포켓몬'),(443,4,'圓陸鯊','陸鯊寶可夢'),(443,5,'Griknot','Pokémon Terrequin'),(443,6,'Kaumalat','Landhai-Pokémon'),(443,7,'Gible','Pokémon Terrascualo'),(443,8,'Gible','Pokémon Squaloterra'),(443,9,'Gible','Land Shark Pokémon'),(443,11,'フカマル','りくザメポケモン'),(443,12,'圆陆鲨','陆鲨宝可梦'),(444,1,'ガバイト','ほらあなポケモン'),(444,2,'Gabite',''),(444,3,'한바이트','동굴포켓몬'),(444,4,'尖牙陸鯊','洞穴寶可夢'),(444,5,'Carmache','Pokémon Caverne'),(444,6,'Knarksel','Höhlen-Pokémon'),(444,7,'Gabite','Pokémon Cueva'),(444,8,'Gabite','Pokémon Grotta'),(444,9,'Gabite','Cave Pokémon'),(444,11,'ガバイト','ほらあなポケモン'),(444,12,'尖牙陆鲨','洞穴宝可梦'),(445,1,'ガブリアス','マッハポケモン'),(445,2,'Gablias',''),(445,3,'한카리아스','마하포켓몬'),(445,4,'烈咬陸鯊','音速寶可夢'),(445,5,'Carchacrok','Pokémon Supersonic'),(445,6,'Knakrack','Rasanz-Pokémon'),(445,7,'Garchomp','Pokémon Mach'),(445,8,'Garchomp','Pokémon Mach'),(445,9,'Garchomp','Mach Pokémon'),(445,11,'ガブリアス','マッハポケモン'),(445,12,'烈咬陆鲨','音速宝可梦'),(446,1,'ゴンベ','おおぐいポケモン'),(446,2,'Gonbe',''),(446,3,'먹고자','대식가포켓몬'),(446,4,'小卡比獸','大胃王寶可夢'),(446,5,'Goinfrex','Pokémon Goinfre'),(446,6,'Mampfaxo','Nimmersatt-Pokémon'),(446,7,'Munchlax','Pokémon Comilón'),(446,8,'Munchlax','Pokémon Ghiottone'),(446,9,'Munchlax','Big Eater Pokémon'),(446,11,'ゴンベ','おおぐいポケモン'),(446,12,'小卡比兽','大胃王宝可梦'),(447,1,'リオル','はもんポケモン'),(447,2,'Riolu',''),(447,3,'리오르','파문포켓몬'),(447,4,'利歐路','波紋寶可夢'),(447,5,'Riolu','Pokémon Émanation'),(447,6,'Riolu','Wellenspiel-Pokémon'),(447,7,'Riolu','Pokémon Emanación'),(447,8,'Riolu','Pokémon Emanazione'),(447,9,'Riolu','Emanation Pokémon'),(447,11,'リオル','はもんポケモン'),(447,12,'利欧路','波纹宝可梦'),(448,1,'ルカリオ','はどうポケモン'),(448,2,'Lucario',''),(448,3,'루카리오','파동포켓몬'),(448,4,'路卡利歐','波導寶可夢'),(448,5,'Lucario','Pokémon Aura'),(448,6,'Lucario','Aura-Pokémon'),(448,7,'Lucario','Pokémon Aura'),(448,8,'Lucario','Pokémon Aura'),(448,9,'Lucario','Aura Pokémon'),(448,11,'ルカリオ','はどうポケモン'),(448,12,'路卡利欧','波导宝可梦'),(449,1,'ヒポポタス','カバポケモン'),(449,2,'Hipopotas',''),(449,3,'히포포타스','하마포켓몬'),(449,4,'沙河馬','河馬寶可夢'),(449,5,'Hippopotas','Pokémon Hippo'),(449,6,'Hippopotas','Flusspferd-Pokémon'),(449,7,'Hippopotas','Pokémon Hipo'),(449,8,'Hippopotas','Pokémon Ippo'),(449,9,'Hippopotas','Hippo Pokémon'),(449,11,'ヒポポタス','カバポケモン'),(449,12,'沙河马','河马宝可梦'),(450,1,'カバルドン','じゅうりょうポケモン'),(450,2,'Kabarudon',''),(450,3,'하마돈','중량포켓몬'),(450,4,'河馬獸','重量寶可夢'),(450,5,'Hippodocus','Pokémon Poids Lourd'),(450,6,'Hippoterus','Schwergewichts-Pokémon'),(450,7,'Hippowdon','Pokémon Peso Pesado'),(450,8,'Hippowdon','Pokémon Grandepeso'),(450,9,'Hippowdon','Heavyweight Pokémon'),(450,11,'カバルドン','じゅうりょうポケモン'),(450,12,'河马兽','重量宝可梦'),(451,1,'スコルピ','さそりポケモン'),(451,2,'Scorpi',''),(451,3,'스콜피','전갈포켓몬'),(451,4,'鉗尾蠍','蠍子寶可夢'),(451,5,'Rapion','Pokémon Scorpion'),(451,6,'Pionskora','Skorpion-Pokémon'),(451,7,'Skorupi','Pokémon Escorpión'),(451,8,'Skorupi','Pokémon Scorpione'),(451,9,'Skorupi','Scorpion Pokémon'),(451,11,'スコルピ','さそりポケモン'),(451,12,'钳尾蝎','蝎子宝可梦'),(452,1,'ドラピオン','ばけさそりポケモン'),(452,2,'Dorapion',''),(452,3,'드래피온','요괴전갈포켓몬'),(452,4,'龍王蠍','蠍怪寶可夢'),(452,5,'Drascore','Pokémon Scorpogre'),(452,6,'Piondragi','Ogerskorpion-Pokémon'),(452,7,'Drapion','Pokémon Escorpiogro'),(452,8,'Drapion','Pokémon Scorpiaccio'),(452,9,'Drapion','Ogre Scorpion Pokémon'),(452,11,'ドラピオン','ばけさそりポケモン'),(452,12,'龙王蝎','蝎怪宝可梦'),(453,1,'グレッグル','どくづきポケモン'),(453,2,'Gureggru',''),(453,3,'삐딱구리','독설포켓몬'),(453,4,'不良蛙','毒擊寶可夢'),(453,5,'Cradopaud','Pokémon Toxique'),(453,6,'Glibunkel','Giftmund-Pokémon'),(453,7,'Croagunk','Pokémon Boca Tóxica'),(453,8,'Croagunk','Pokémon Inveieleno'),(453,9,'Croagunk','Toxic Mouth Pokémon'),(453,11,'グレッグル','どくづきポケモン'),(453,12,'不良蛙','毒击宝可梦'),(454,1,'ドクロッグ','どくづきポケモン'),(454,2,'Dokurog',''),(454,3,'독개굴','독설포켓몬'),(454,4,'毒骷蛙','毒擊寶可夢'),(454,5,'Coatox','Pokémon Toxique'),(454,6,'Toxiquak','Giftmund-Pokémon'),(454,7,'Toxicroak','Pokémon Boca Tóxica'),(454,8,'Toxicroak','Pokémon Inveieleno'),(454,9,'Toxicroak','Toxic Mouth Pokémon'),(454,11,'ドクロッグ','どくづきポケモン'),(454,12,'毒骷蛙','毒击宝可梦'),(455,1,'マスキッパ','むしとりポケモン'),(455,2,'Muskippa',''),(455,3,'무스틈니','벌레잡이포켓몬'),(455,4,'尖牙籠','捕蟲寶可夢'),(455,5,'Vortente','Pokémon Chopinsecte'),(455,6,'Venuflibis','Käfertod'),(455,7,'Carnivine','Pokémon Caza Bichos'),(455,8,'Carnivine','Pokémon Insettivoro'),(455,9,'Carnivine','Bug Catcher Pokémon'),(455,11,'マスキッパ','むしとりポケモン'),(455,12,'尖牙笼','捕虫宝可梦'),(456,1,'ケイコウオ','はねうおポケモン'),(456,2,'Keikouo',''),(456,3,'형광어','비어포켓몬'),(456,4,'螢光魚','飛翅魚寶可夢'),(456,5,'Écayon','Pokémon Poisson Ailé'),(456,6,'Finneon','Flügelfisch'),(456,7,'Finneon','Pokémon Pez Ala'),(456,8,'Finneon','Pokémon Pescealato'),(456,9,'Finneon','Wing Fish Pokémon'),(456,11,'ケイコウオ','はねうおポケモン'),(456,12,'荧光鱼','飞翅鱼宝可梦'),(457,1,'ネオラント','ネオンポケモン'),(457,2,'Neolant',''),(457,3,'네오라이트','네온포켓몬'),(457,4,'霓虹魚','霓虹寶可夢'),(457,5,'Luminéon','Pokémon Néon'),(457,6,'Lumineon','Neon'),(457,7,'Lumineon','Pokémon Neón'),(457,8,'Lumineon','Pokémon Neon'),(457,9,'Lumineon','Neon Pokémon'),(457,11,'ネオラント','ネオンポケモン'),(457,12,'霓虹鱼','霓虹宝可梦'),(458,1,'タマンタ','カイトポケモン'),(458,2,'Tamanta',''),(458,3,'타만타','연포켓몬'),(458,4,'小球飛魚','風箏寶可夢'),(458,5,'Babimanta','Pokémon Cervolant'),(458,6,'Mantirps','Flugrochen-Pokémon'),(458,7,'Mantyke','Pokémon Milano'),(458,8,'Mantyke','Pokémon Aquilone'),(458,9,'Mantyke','Kite Pokémon'),(458,11,'タマンタ','カイトポケモン'),(458,12,'小球飞鱼','风筝宝可梦'),(459,1,'ユキカブリ','じゅひょうポケモン'),(459,2,'Yukikaburi',''),(459,3,'눈쓰개','얼음나무포켓몬'),(459,4,'雪笠怪','樹冰寶可夢'),(459,5,'Blizzi','Pokémon Arbregelé'),(459,6,'Shnebedeck','Frostbaum-Pokémon'),(459,7,'Snover','Pokémon Árbol Nieve'),(459,8,'Snover','Pokémon Albergelo'),(459,9,'Snover','Frost Tree Pokémon'),(459,11,'ユキカブリ','じゅひょうポケモン'),(459,12,'雪笠怪','树冰宝可梦'),(460,1,'ユキノオー','じゅひょうポケモン'),(460,2,'Yukinooh',''),(460,3,'눈설왕','얼음나무포켓몬'),(460,4,'暴雪王','樹冰寶可夢'),(460,5,'Blizzaroi','Pokémon Arbregelé'),(460,6,'Rexblisar','Frostbaum-Pokémon'),(460,7,'Abomasnow','Pokémon Árbol Nieve'),(460,8,'Abomasnow','Pokémon Albergelo'),(460,9,'Abomasnow','Frost Tree Pokémon'),(460,11,'ユキノオー','じゅひょうポケモン'),(460,12,'暴雪王','树冰宝可梦'),(461,1,'マニューラ','かぎづめポケモン'),(461,2,'Manyula',''),(461,3,'포푸니라','갈고리손톱포켓몬'),(461,4,'瑪狃拉','鉤爪寶可夢'),(461,5,'Dimoret','Pokémon Grifacérée'),(461,6,'Snibunna','Stichklauen-Pokémon'),(461,7,'Weavile','Pokémon Garra Filo'),(461,8,'Weavile','Pokémon Lamartigli'),(461,9,'Weavile','Sharp Claw Pokémon'),(461,11,'マニューラ','かぎづめポケモン'),(461,12,'玛狃拉','钩爪宝可梦'),(462,1,'ジバコイル','じばポケモン'),(462,2,'Jibacoil',''),(462,3,'자포코일','자기장포켓몬'),(462,4,'自爆磁怪','磁場寶可夢'),(462,5,'Magnézone','Pokémon Aimant'),(462,6,'Magnezone','Magnetgebiets-Pokémon'),(462,7,'Magnezone','Pokémon Magnético'),(462,8,'Magnezone','Pokémon Magnetico'),(462,9,'Magnezone','Magnet Area Pokémon'),(462,11,'ジバコイル','じばポケモン'),(462,12,'自爆磁怪','磁场宝可梦'),(463,1,'ベロベルト','なめまわしポケモン'),(463,2,'Beroberto',''),(463,3,'내룸벨트','핥기포켓몬'),(463,4,'大舌舔','舔舔寶可夢'),(463,5,'Coudlangue','Pokémon Lécheur'),(463,6,'Schlurplek','Schlecker-Pokémon'),(463,7,'Lickilicky','Pokémon Lametazo'),(463,8,'Lickilicky','Pokémon Linguaccia'),(463,9,'Lickilicky','Licking Pokémon'),(463,11,'ベロベルト','なめまわしポケモン'),(463,12,'大舌舔','舔舔宝可梦'),(464,1,'ドサイドン','ドリルポケモン'),(464,2,'Dosydon',''),(464,3,'거대코뿌리','드릴포켓몬'),(464,4,'超甲狂犀','鑽錐寶可夢'),(464,5,'Rhinastoc','Pokémon Perceur'),(464,6,'Rihornior','Bohrer-Pokémon'),(464,7,'Rhyperior','Pokémon Taladro'),(464,8,'Rhyperior','Pokémon Trapano'),(464,9,'Rhyperior','Drill Pokémon'),(464,11,'ドサイドン','ドリルポケモン'),(464,12,'超甲狂犀','钻锥宝可梦'),(465,1,'モジャンボ','ツルじょうポケモン'),(465,2,'Mojumbo',''),(465,3,'덩쿠림보','넝쿨포켓몬'),(465,4,'巨蔓藤','藤蔓狀寶可夢'),(465,5,'Bouldeneu','Pokémon Vigne'),(465,6,'Tangoloss','Ranken-Pokémon'),(465,7,'Tangrowth','Pokémon Enredadera'),(465,8,'Tangrowth','Pokémon Liana'),(465,9,'Tangrowth','Vine Pokémon'),(465,11,'モジャンボ','ツルじょうポケモン'),(465,12,'巨蔓藤','藤蔓状宝可梦'),(466,1,'エレキブル','らいでんポケモン'),(466,2,'Elekible',''),(466,3,'에레키블','뇌전포켓몬'),(466,4,'電擊魔獸','雷電寶可夢'),(466,5,'Élekable','Pokémon Foudrélec'),(466,6,'Elevoltek','Donnerkeil-Pokémon'),(466,7,'Electivire','Pokémon Rayo'),(466,8,'Electivire','Pokémon Saetta'),(466,9,'Electivire','Thunderbolt Pokémon'),(466,11,'エレキブル','らいでんポケモン'),(466,12,'电击魔兽','雷电宝可梦'),(467,1,'ブーバーン','ばくえんポケモン'),(467,2,'Booburn',''),(467,3,'마그마번','폭염포켓몬'),(467,4,'鴨嘴炎獸','爆炎寶可夢'),(467,5,'Maganon','Pokémon Explosion'),(467,6,'Magbrant','Detonations-Pokémon'),(467,7,'Magmortar','Pokémon Explosión'),(467,8,'Magmortar','Pokémon Esplosivo'),(467,9,'Magmortar','Blast Pokémon'),(467,11,'ブーバーン','ばくえんポケモン'),(467,12,'鸭嘴炎兽','爆炎宝可梦'),(468,1,'トゲキッス','しゅくふくポケモン'),(468,2,'Togekiss',''),(468,3,'토게키스','축복포켓몬'),(468,4,'波克基斯','祝福寶可夢'),(468,5,'Togekiss','Pokémon Célébration'),(468,6,'Togekiss','Jubilierer-Pokémon'),(468,7,'Togekiss','Pokémon Festejo'),(468,8,'Togekiss','Pokémon Festa'),(468,9,'Togekiss','Jubilee Pokémon'),(468,11,'トゲキッス','しゅくふくポケモン'),(468,12,'波克基斯','祝福宝可梦'),(469,1,'メガヤンマ','オニトンボポケモン'),(469,2,'Megayanma',''),(469,3,'메가자리','깨비잠자리포켓몬'),(469,4,'遠古巨蜓','勾蜓寶可夢'),(469,5,'Yanmega','Pokémon Libellogre'),(469,6,'Yanmega','Agrion'),(469,7,'Yanmega','Pokémon Libélula'),(469,8,'Yanmega','Pokémon Libellorco'),(469,9,'Yanmega','Ogre Darner Pokémon'),(469,11,'メガヤンマ','オニトンボポケモン'),(469,12,'远古巨蜓','勾蜓宝可梦'),(470,1,'リーフィア','しんりょくポケモン'),(470,2,'Leafia',''),(470,3,'리피아','심록포켓몬'),(470,4,'葉伊布','新綠寶可夢'),(470,5,'Phyllali','Pokémon Verdoyant'),(470,6,'Folipurba','Unreif-Pokémon'),(470,7,'Leafeon','Pokémon Verdor'),(470,8,'Leafeon','Pokémon Rigoglioso'),(470,9,'Leafeon','Verdant Pokémon'),(470,11,'リーフィア','しんりょくポケモン'),(470,12,'叶伊布','新绿宝可梦'),(471,1,'グレイシア','しんせつポケモン'),(471,2,'Glacia',''),(471,3,'글레이시아','신설포켓몬'),(471,4,'冰伊布','新雪寶可夢'),(471,5,'Givrali','Pokémon Poudreuse'),(471,6,'Glaziola','Neuschnee-Pokémon'),(471,7,'Glaceon','Pokémon Nieve Fresca'),(471,8,'Glaceon','Pokémon Nevefresca'),(471,9,'Glaceon','Fresh Snow Pokémon'),(471,11,'グレイシア','しんせつポケモン'),(471,12,'冰伊布','新雪宝可梦'),(472,1,'グライオン','キバさそりポケモン'),(472,2,'Glion',''),(472,3,'글라이온','송곳니전갈포켓몬'),(472,4,'天蠍王','牙蠍寶可夢'),(472,5,'Scorvol','Pokémon Scorpicroc'),(472,6,'Skorgro','Zahnskorpi'),(472,7,'Gliscor','Pokémon Colmicorpio'),(472,8,'Gliscor','Pokémon Scorpidente'),(472,9,'Gliscor','Fang Scorpion Pokémon'),(472,11,'グライオン','キバさそりポケモン'),(472,12,'天蝎王','牙蝎宝可梦'),(473,1,'マンムー','２ほんキバポケモン'),(473,2,'Mammoo',''),(473,3,'맘모꾸리','2개송곳니포켓몬'),(473,4,'象牙豬','雙牙寶可夢'),(473,5,'Mammochon','Pokémon Deudéfenses'),(473,6,'Mamutel','Doppelstoßzahn-Pokémon'),(473,7,'Mamoswine','Pokémon Doscolmillos'),(473,8,'Mamoswine','Pokémon Duezanne'),(473,9,'Mamoswine','Twin Tusk Pokémon'),(473,11,'マンムー','２ほんキバポケモン'),(473,12,'象牙猪','双牙宝可梦'),(474,1,'ポリゴンＺ','バーチャルポケモン'),(474,2,'PorygonZ',''),(474,3,'폴리곤Z','가상포켓몬'),(474,4,'多邊獸Ｚ','虛擬寶可夢'),(474,5,'Porygon-Z','Pokémon Virtuel'),(474,6,'Porygon-Z','Virtuell-Pokémon'),(474,7,'Porygon-Z','Pokémon Virtual'),(474,8,'Porygon-Z','Pokémon Virtuale'),(474,9,'Porygon-Z','Virtual Pokémon'),(474,11,'ポリゴンＺ','バーチャルポケモン'),(474,12,'多边兽乙型','虚拟宝可梦'),(475,1,'エルレイド','やいばポケモン'),(475,2,'Erlade',''),(475,3,'엘레이드','검포켓몬'),(475,4,'艾路雷朵','利刃寶可夢'),(475,5,'Gallame','Pokémon Lame'),(475,6,'Galagladi','Klingen-Pokémon'),(475,7,'Gallade','Pokémon Cuchilla'),(475,8,'Gallade','Pokémon Lama'),(475,9,'Gallade','Blade Pokémon'),(475,11,'エルレイド','やいばポケモン'),(475,12,'艾路雷朵','利刃宝可梦'),(476,1,'ダイノーズ','コンパスポケモン'),(476,2,'Dainose',''),(476,3,'대코파스','콤파스포켓몬'),(476,4,'大朝北鼻','羅盤寶可夢'),(476,5,'Tarinorme','Pokémon Boussole'),(476,6,'Voluminas','Kompass'),(476,7,'Probopass','Pokémon Brújula'),(476,8,'Probopass','Pokémon Bussola'),(476,9,'Probopass','Compass Pokémon'),(476,11,'ダイノーズ','コンパスポケモン'),(476,12,'大朝北鼻','罗盘宝可梦'),(477,1,'ヨノワール','てづかみポケモン'),(477,2,'Yonoir',''),(477,3,'야느와르몽','움켜쥠포켓몬'),(477,4,'黑夜魔靈','抓握寶可夢'),(477,5,'Noctunoir','Pokémon Mainpince'),(477,6,'Zwirrfinst','Greifer-Pokémon'),(477,7,'Dusknoir','Pokémon Grilletes'),(477,8,'Dusknoir','Pokémon Pinza'),(477,9,'Dusknoir','Gripper Pokémon'),(477,11,'ヨノワール','てづかみポケモン'),(477,12,'黑夜魔灵','抓握宝可梦'),(478,1,'ユキメノコ','ゆきぐにポケモン'),(478,2,'Yukimenoko',''),(478,3,'눈여아','설국포켓몬'),(478,4,'雪妖女','雪國寶可夢'),(478,5,'Momartik','Pokémon Enneigement'),(478,6,'Frosdedje','Schneegebiets-Pokémon'),(478,7,'Froslass','Pokémon Tierra Fría'),(478,8,'Froslass','Pokémon Suolnevoso'),(478,9,'Froslass','Snow Land Pokémon'),(478,11,'ユキメノコ','ゆきぐにポケモン'),(478,12,'雪妖女','雪国宝可梦'),(479,1,'ロトム','プラズマポケモン'),(479,2,'Rotom',''),(479,3,'로토무','플라스마포켓몬'),(479,4,'洛托姆','等離子寶可夢'),(479,5,'Motisma','Pokémon Plasma'),(479,6,'Rotom','Plasma-Pokémon'),(479,7,'Rotom','Pokémon Plasma'),(479,8,'Rotom','Pokémon Plasma'),(479,9,'Rotom','Plasma Pokémon'),(479,11,'ロトム','プラズマポケモン'),(479,12,'洛托姆','等离子宝可梦'),(480,1,'ユクシー','ちしきポケモン'),(480,2,'Yuxie',''),(480,3,'유크시','지식포켓몬'),(480,4,'由克希','知識寶可夢'),(480,5,'Créhelf','Pokémon Savoir'),(480,6,'Selfe','Wissens-Pokémon'),(480,7,'Uxie','Pokémon Sabiduría'),(480,8,'Uxie','Pokémon Sapienza'),(480,9,'Uxie','Knowledge Pokémon'),(480,11,'ユクシー','ちしきポケモン'),(480,12,'由克希','知识宝可梦'),(481,1,'エムリット','かんじょうポケモン'),(481,2,'Emrit',''),(481,3,'엠라이트','감정포켓몬'),(481,4,'艾姆利多','感情寶可夢'),(481,5,'Créfollet','Pokémon Émotion'),(481,6,'Vesprit','Emotions-Pokémon'),(481,7,'Mesprit','Pokémon Sensorio'),(481,8,'Mesprit','Pokémon Emozione'),(481,9,'Mesprit','Emotion Pokémon'),(481,11,'エムリット','かんじょうポケモン'),(481,12,'艾姆利多','感情宝可梦'),(482,1,'アグノム','いしポケモン'),(482,2,'Agnome',''),(482,3,'아그놈','의지포켓몬'),(482,4,'亞克諾姆','意志寶可夢'),(482,5,'Créfadet','Pokémon Volonté'),(482,6,'Tobutz','Willenskraft-Pokémon'),(482,7,'Azelf','Pokémon Voluntad'),(482,8,'Azelf','Pokémon Volontà'),(482,9,'Azelf','Willpower Pokémon'),(482,11,'アグノム','いしポケモン'),(482,12,'亚克诺姆','意志宝可梦'),(483,1,'ディアルガ','じかんポケモン'),(483,2,'Dialga',''),(483,3,'디아루가','시간포켓몬'),(483,4,'帝牙盧卡','時間寶可夢'),(483,5,'Dialga','Pokémon Temps'),(483,6,'Dialga','Zeitweilig-Pokémon'),(483,7,'Dialga','Pokémon Temporal'),(483,8,'Dialga','Pokémon Tempo'),(483,9,'Dialga','Temporal Pokémon'),(483,11,'ディアルガ','じかんポケモン'),(483,12,'帝牙卢卡','时间宝可梦'),(484,1,'パルキア','くうかんポケモン'),(484,2,'Palkia',''),(484,3,'펄기아','공간포켓몬'),(484,4,'帕路奇亞','空間寶可夢'),(484,5,'Palkia','Pokémon Espace'),(484,6,'Palkia','Räumlich-Pokémon'),(484,7,'Palkia','Pokémon Espacial'),(484,8,'Palkia','Pokémon Spazio'),(484,9,'Palkia','Spatial Pokémon'),(484,11,'パルキア','くうかんポケモン'),(484,12,'帕路奇亚','空间宝可梦'),(485,1,'ヒードラン','かこうポケモン'),(485,2,'Heatran',''),(485,3,'히드런','화구포켓몬'),(485,4,'席多藍恩','火山口寶可夢'),(485,5,'Heatran','Pokémon Caldeira'),(485,6,'Heatran','Lavadom-Pokémon'),(485,7,'Heatran','Pokémon Domo Lava'),(485,8,'Heatran','Pokémon Cratere'),(485,9,'Heatran','Lava Dome Pokémon'),(485,11,'ヒードラン','かこうポケモン'),(485,12,'席多蓝恩','火山口宝可梦'),(486,1,'レジギガス','きょだいポケモン'),(486,2,'Regigigas',''),(486,3,'레지기가스','거대포켓몬'),(486,4,'雷吉奇卡斯','巨大寶可夢'),(486,5,'Regigigas','Pokémon Prodigieux'),(486,6,'Regigigas','Kolossal-Pokémon'),(486,7,'Regigigas','Pokémon Colosal'),(486,8,'Regigigas','Pokémon Colossale'),(486,9,'Regigigas','Colossal Pokémon'),(486,11,'レジギガス','きょだいポケモン'),(486,12,'雷吉奇卡斯','巨大宝可梦'),(487,1,'ギラティナ','はんこつポケモン'),(487,2,'Giratina',''),(487,3,'기라티나','반골포켓몬'),(487,4,'騎拉帝納','反抗寶可夢'),(487,5,'Giratina','Pokémon Renégat'),(487,6,'Giratina','Rebellen-Pokémon'),(487,7,'Giratina','Pokémon Renegado'),(487,8,'Giratina','Pokémon Ribelle'),(487,9,'Giratina','Renegade Pokémon'),(487,11,'ギラティナ','はんこつポケモン'),(487,12,'骑拉帝纳','反抗宝可梦'),(488,1,'クレセリア','みかづきポケモン'),(488,2,'Crecelia',''),(488,3,'크레세리아','초승달포켓몬'),(488,4,'克雷色利亞','新月寶可夢'),(488,5,'Cresselia','Pokémon Lunaire'),(488,6,'Cresselia','Lunar-Pokémon'),(488,7,'Cresselia','Pokémon Lunar'),(488,8,'Cresselia','Pokémon Falcato'),(488,9,'Cresselia','Lunar Pokémon'),(488,11,'クレセリア','みかづきポケモン'),(488,12,'克雷色利亚','新月宝可梦'),(489,1,'フィオネ','かいようポケモン'),(489,2,'Phione',''),(489,3,'피오네','해양포켓몬'),(489,4,'霏歐納','海洋寶可夢'),(489,5,'Phione','Pokémon Dérivenmer'),(489,6,'Phione','Seedrift'),(489,7,'Phione','Pokémon Marino'),(489,8,'Phione','Pokémon Oceanbondo'),(489,9,'Phione','Sea Drifter Pokémon'),(489,11,'フィオネ','かいようポケモン'),(489,12,'霏欧纳','海洋宝可梦'),(490,1,'マナフィ','かいゆうポケモン'),(490,2,'Manaphy',''),(490,3,'마나피','회유포켓몬'),(490,4,'瑪納霏','洄游寶可夢'),(490,5,'Manaphy','Pokémon Voyagenmer'),(490,6,'Manaphy','Seefahrer'),(490,7,'Manaphy','Pokémon Náutico'),(490,8,'Manaphy','Pokémon Oceandante'),(490,9,'Manaphy','Seafaring Pokémon'),(490,11,'マナフィ','かいゆうポケモン'),(490,12,'玛纳霏','回游宝可梦'),(491,1,'ダークライ','あんこくポケモン'),(491,2,'Darkrai',''),(491,3,'다크라이','암흑포켓몬'),(491,4,'達克萊伊','暗黑寶可夢'),(491,5,'Darkrai','Pokémon Noirtotal'),(491,6,'Darkrai','Dunkelnacht'),(491,7,'Darkrai','Pokémon Oscuridad'),(491,8,'Darkrai','Pokémon Neropesto'),(491,9,'Darkrai','Pitch-Black Pokémon'),(491,11,'ダークライ','あんこくポケモン'),(491,12,'达克莱伊','暗黑宝可梦'),(492,1,'シェイミ','かんしゃポケモン'),(492,2,'Shaymin',''),(492,3,'쉐이미','감사포켓몬'),(492,4,'謝米','感謝寶可夢'),(492,5,'Shaymin','Pokémon Gratitude'),(492,6,'Shaymin','Dankbarkeit'),(492,7,'Shaymin','Pokémon Gratitud'),(492,8,'Shaymin','Pokémon Gratitudine'),(492,9,'Shaymin','Gratitude Pokémon'),(492,11,'シェイミ','かんしゃポケモン'),(492,12,'谢米','感谢宝可梦'),(493,1,'アルセウス','そうぞうポケモン'),(493,2,'Arceus',''),(493,3,'아르세우스','창조포켓몬'),(493,4,'阿爾宙斯','創造寶可夢'),(493,5,'Arceus','Pokémon Alpha'),(493,6,'Arceus','Alpha'),(493,7,'Arceus','Pokémon Alfa'),(493,8,'Arceus','Pokémon Primevo'),(493,9,'Arceus','Alpha Pokémon'),(493,11,'アルセウス','そうぞうポケモン'),(493,12,'阿尔宙斯','创造宝可梦'),(494,1,'ビクティニ','しょうりポケモン'),(494,3,'비크티니','승리포켓몬'),(494,4,'比克提尼','勝利寶可夢'),(494,5,'Victini','Pokémon Victoire'),(494,6,'Victini','Triumph-Pokémon'),(494,7,'Victini','Pokémon Victoria'),(494,8,'Victini','Pokémon Vittoria'),(494,9,'Victini','Victory Pokémon'),(494,11,'ビクティニ','しょうりポケモン'),(494,12,'比克提尼','胜利宝可梦'),(495,1,'ツタージャ','くさへびポケモン'),(495,3,'주리비얀','풀뱀포켓몬'),(495,4,'藤藤蛇','草蛇寶可夢'),(495,5,'Vipélierre','Pokémon Serpenterbe'),(495,6,'Serpifeu','Grasschlange'),(495,7,'Snivy','Pokémon Serp. Hierba'),(495,8,'Snivy','Pokémon Serperba'),(495,9,'Snivy','Grass Snake Pokémon'),(495,11,'ツタージャ','くさへびポケモン'),(495,12,'藤藤蛇','草蛇宝可梦'),(496,1,'ジャノビー','くさへびポケモン'),(496,3,'샤비','풀뱀포켓몬'),(496,4,'青藤蛇','草蛇寶可夢'),(496,5,'Lianaja','Pokémon Serpenterbe'),(496,6,'Efoserp','Grasschlange'),(496,7,'Servine','Pokémon Serp. Hierba'),(496,8,'Servine','Pokémon Serperba'),(496,9,'Servine','Grass Snake Pokémon'),(496,11,'ジャノビー','くさへびポケモン'),(496,12,'青藤蛇','草蛇宝可梦'),(497,1,'ジャローダ','ロイヤルポケモン'),(497,3,'샤로다','로열포켓몬'),(497,4,'君主蛇','皇家寶可夢'),(497,5,'Majaspic','Pokémon Majestueux'),(497,6,'Serpiroyal','Hoheit'),(497,7,'Serperior','Pokémon Realeza'),(497,8,'Serperior','Pokémon Regale'),(497,9,'Serperior','Regal Pokémon'),(497,11,'ジャローダ','ロイヤルポケモン'),(497,12,'君主蛇','皇家宝可梦'),(498,1,'ポカブ','ひぶたポケモン'),(498,3,'뚜꾸리','불돼지포켓몬'),(498,4,'暖暖豬','火豬寶可夢'),(498,5,'Gruikui','Pokémon Cochon Feu'),(498,6,'Floink','Feuerferkel'),(498,7,'Tepig','Pokémon Cerdo Fuego'),(498,8,'Tepig','Pokémon Suinfuoco'),(498,9,'Tepig','Fire Pig Pokémon'),(498,11,'ポカブ','ひぶたポケモン'),(498,12,'暖暖猪','火猪宝可梦'),(499,1,'チャオブー','ひぶたポケモン'),(499,3,'차오꿀','불돼지포켓몬'),(499,4,'炒炒豬','火豬寶可夢'),(499,5,'Grotichon','Pokémon Cochon Feu'),(499,6,'Ferkokel','Feuerferkel'),(499,7,'Pignite','Pokémon Cerdo Fuego'),(499,8,'Pignite','Pokémon Suinfuoco'),(499,9,'Pignite','Fire Pig Pokémon'),(499,11,'チャオブー','ひぶたポケモン'),(499,12,'炒炒猪','火猪宝可梦'),(500,1,'エンブオー','おおひぶたポケモン'),(500,3,'염무왕','큰불돼지포켓몬'),(500,4,'炎武王','大火豬寶可夢'),(500,5,'Roitiflam','Pokémon Grochon Feu'),(500,6,'Flambirex','Feuerschwein'),(500,7,'Emboar','Pokémon Cerdo Ígneo'),(500,8,'Emboar','Pokémon Suincendio'),(500,9,'Emboar','Mega Fire Pig Pokémon'),(500,11,'エンブオー','おおひぶたポケモン'),(500,12,'炎武王','大火猪宝可梦'),(501,1,'ミジュマル','ラッコポケモン'),(501,3,'수댕이','해달포켓몬'),(501,4,'水水獺','海獺寶可夢'),(501,5,'Moustillon','Pokémon Loutre'),(501,6,'Ottaro','Otter'),(501,7,'Oshawott','Pokémon Nutria'),(501,8,'Oshawott','Pokémon Lontra'),(501,9,'Oshawott','Sea Otter Pokémon'),(501,11,'ミジュマル','ラッコポケモン'),(501,12,'水水獭','海獭宝可梦'),(502,1,'フタチマル','しゅぎょうポケモン'),(502,3,'쌍검자비','수행포켓몬'),(502,4,'雙刃丸','修行寶可夢'),(502,5,'Mateloutre','Pokémon Entraînement'),(502,6,'Zwottronin','Schulung'),(502,7,'Dewott','Pokémon Superación'),(502,8,'Dewott','Pokémon Apprendista'),(502,9,'Dewott','Discipline Pokémon'),(502,11,'フタチマル','しゅぎょうポケモン'),(502,12,'双刃丸','修行宝可梦'),(503,1,'ダイケンキ','かんろくポケモン'),(503,3,'대검귀','관록포켓몬'),(503,4,'大劍鬼','威嚴寶可夢'),(503,5,'Clamiral','Pokémon Dignitaire'),(503,6,'Admurai','Würde'),(503,7,'Samurott','Pokémon Majestuoso'),(503,8,'Samurott','Pokémon Dignità'),(503,9,'Samurott','Formidable Pokémon'),(503,11,'ダイケンキ','かんろくポケモン'),(503,12,'大剑鬼','威严宝可梦'),(504,1,'ミネズミ','みはりポケモン'),(504,3,'보르쥐','망보기포켓몬'),(504,4,'探探鼠','放哨寶可夢'),(504,5,'Ratentif','Pokémon Espion'),(504,6,'Nagelotz','Späher'),(504,7,'Patrat','Pokémon Explorador'),(504,8,'Patrat','Pokémon Esplorante'),(504,9,'Patrat','Scout Pokémon'),(504,11,'ミネズミ','みはりポケモン'),(504,12,'探探鼠','放哨宝可梦'),(505,1,'ミルホッグ','けいかいポケモン'),(505,3,'보르그','경계포켓몬'),(505,4,'步哨鼠','警戒寶可夢'),(505,5,'Miradar','Pokémon Vigilant'),(505,6,'Kukmarda','Wachsamkeit'),(505,7,'Watchog','Pokémon Alerta'),(505,8,'Watchog','Pokémon Sentinella'),(505,9,'Watchog','Lookout Pokémon'),(505,11,'ミルホッグ','けいかいポケモン'),(505,12,'步哨鼠','警戒宝可梦'),(506,1,'ヨーテリー','こいぬポケモン'),(506,3,'요테리','강아지포켓몬'),(506,4,'小約克','小狗寶可夢'),(506,5,'Ponchiot','Pokémon Chiot'),(506,6,'Yorkleff','Welpen-Pokémon'),(506,7,'Lillipup','Pokémon Perrito'),(506,8,'Lillipup','Pokémon Cagnolino'),(506,9,'Lillipup','Puppy Pokémon'),(506,11,'ヨーテリー','こいぬポケモン'),(506,12,'小约克','小狗宝可梦'),(507,1,'ハーデリア','ちゅうけんポケモン'),(507,3,'하데리어','충견포켓몬'),(507,4,'哈約克','忠犬寶可夢'),(507,5,'Ponchien','Pokémon Chien Fidèle'),(507,6,'Terribark','Treuhund-Pokémon'),(507,7,'Herdier','Pokémon Leal'),(507,8,'Herdier','Pokémon Fedeltà'),(507,9,'Herdier','Loyal Dog Pokémon'),(507,11,'ハーデリア','ちゅうけんポケモン'),(507,12,'哈约克','忠犬宝可梦'),(508,1,'ムーランド','かんだいポケモン'),(508,3,'바랜드','관대포켓몬'),(508,4,'長毛狗','寬大寶可夢'),(508,5,'Mastouffe','Pokémon Magnanime'),(508,6,'Bissbark','Großmut-Pokémon'),(508,7,'Stoutland','Pokémon Magnánimo'),(508,8,'Stoutland','Pokémon Generosità'),(508,9,'Stoutland','Big-Hearted Pokémon'),(508,11,'ムーランド','かんだいポケモン'),(508,12,'长毛狗','宽大宝可梦'),(509,1,'チョロネコ','しょうわるポケモン'),(509,3,'쌔비냥','성악포켓몬'),(509,4,'扒手貓','壞心眼寶可夢'),(509,5,'Chacripan','Pokémon Scélérat'),(509,6,'Felilou','Schelm-Pokémon'),(509,7,'Purrloin','Pokémon Malicioso'),(509,8,'Purrloin','Pokémon Furbizia'),(509,9,'Purrloin','Devious Pokémon'),(509,11,'チョロネコ','しょうわるポケモン'),(509,12,'扒手猫','坏心眼宝可梦'),(510,1,'レパルダス','れいこくポケモン'),(510,3,'레파르다스','냉혹포켓몬'),(510,4,'酷豹','冷酷寶可夢'),(510,5,'Léopardus','Pokémon Implacable'),(510,6,'Kleoparda','Gefühlskälte-Pokémon'),(510,7,'Liepard','Pokémon Calculador'),(510,8,'Liepard','Pokémon Sanguefreddo'),(510,9,'Liepard','Cruel Pokémon'),(510,11,'レパルダス','れいこくポケモン'),(510,12,'酷豹','冷酷宝可梦'),(511,1,'ヤナップ','くさざるポケモン'),(511,3,'야나프','풀원숭이포켓몬'),(511,4,'花椰猴','草猴寶可夢'),(511,5,'Feuillajou','Pokémon Singe Herbe'),(511,6,'Vegimak','Grasaffe'),(511,7,'Pansage','Pokémon Mono Hierba'),(511,8,'Pansage','Pokémon Scimperba'),(511,9,'Pansage','Grass Monkey Pokémon'),(511,11,'ヤナップ','くさざるポケモン'),(511,12,'花椰猴','草猴宝可梦'),(512,1,'ヤナッキー','とげざるポケモン'),(512,3,'야나키','가시원숭이포켓몬'),(512,4,'花椰猿','刺猴寶可夢'),(512,5,'Feuiloutan','Pokémon Singépine'),(512,6,'Vegichita','Stachelaffe'),(512,7,'Simisage','Pokémon Mono Pincho'),(512,8,'Simisage','Pokémon Spinpanzé'),(512,9,'Simisage','Thorn Monkey Pokémon'),(512,11,'ヤナッキー','とげざるポケモン'),(512,12,'花椰猿','刺猴宝可梦'),(513,1,'バオップ','こうおんポケモン'),(513,3,'바오프','고온포켓몬'),(513,4,'爆香猴','高溫寶可夢'),(513,5,'Flamajou','Pokémon Brûlant'),(513,6,'Grillmak','Hitze'),(513,7,'Pansear','Pokémon Ardiente'),(513,8,'Pansear','Pokémon Testacalda'),(513,9,'Pansear','High Temp Pokémon'),(513,11,'バオップ','こうおんポケモン'),(513,12,'爆香猴','高温宝可梦'),(514,1,'バオッキー','ひのこポケモン'),(514,3,'바오키','불티포켓몬'),(514,4,'爆香猿','火花寶可夢'),(514,5,'Flamoutan','Pokémon Braise'),(514,6,'Grillchita','Funkenregen'),(514,7,'Simisear','Pokémon Lumbre'),(514,8,'Simisear','Pokémon Sfavillante'),(514,9,'Simisear','Ember Pokémon'),(514,11,'バオッキー','ひのこポケモン'),(514,12,'爆香猿','火花宝可梦'),(515,1,'ヒヤップ','みずかけポケモン'),(515,3,'앗차프','물뿌리기포켓몬'),(515,4,'冷水猴','潑水寶可夢'),(515,5,'Flotajou','Pokémon Jet d’Eau'),(515,6,'Sodamak','Wasserstrahl'),(515,7,'Panpour','Pokémon Salpicadura'),(515,8,'Panpour','Pokémon Annaffiatore'),(515,9,'Panpour','Spray Pokémon'),(515,11,'ヒヤップ','みずかけポケモン'),(515,12,'冷水猴','泼水宝可梦'),(516,1,'ヒヤッキー','ほうすいポケモン'),(516,3,'앗차키','방수포켓몬'),(516,4,'冷水猿','放水寶可夢'),(516,5,'Flotoutan','Pokémon Drainage'),(516,6,'Sodachita','Drainage'),(516,7,'Simipour','Pokémon Drenaje'),(516,8,'Simipour','Pokémon Spruzzacqua'),(516,9,'Simipour','Geyser Pokémon'),(516,11,'ヒヤッキー','ほうすいポケモン'),(516,12,'冷水猿','放水宝可梦'),(517,1,'ムンナ','ゆめくいポケモン'),(517,3,'몽나','꿈먹기포켓몬'),(517,4,'食夢夢','食夢寶可夢'),(517,5,'Munna','Pokémon Mangerêve'),(517,6,'Somniam','Traumfresser-Pokémon'),(517,7,'Munna','Pokémon Comesueños'),(517,8,'Munna','Pokémon Divorasogni'),(517,9,'Munna','Dream Eater Pokémon'),(517,11,'ムンナ','ゆめくいポケモン'),(517,12,'食梦梦','食梦宝可梦'),(518,1,'ムシャーナ','ゆめうつつポケモン'),(518,3,'몽얌나','꿈결포켓몬'),(518,4,'夢夢蝕','半夢半醒寶可夢'),(518,5,'Mushana','Pokémon Rêveur'),(518,6,'Somnivora','Halbschlaf-Pokémon'),(518,7,'Musharna','Pokémon Duermevela'),(518,8,'Musharna','Pokémon Dormiveglia'),(518,9,'Musharna','Drowsing Pokémon'),(518,11,'ムシャーナ','ゆめうつつポケモン'),(518,12,'梦梦蚀','半梦半醒宝可梦'),(519,1,'マメパト','こばとポケモン'),(519,3,'콩둘기','아기비둘기포켓몬'),(519,4,'豆豆鴿','小鴿寶可夢'),(519,5,'Poichigeon','Pokémon Tipigeon'),(519,6,'Dusselgurr','Täubchen-Pokémon'),(519,7,'Pidove','Pokémon Pichón'),(519,8,'Pidove','Pokémon Piccione'),(519,9,'Pidove','Tiny Pigeon Pokémon'),(519,11,'マメパト','こばとポケモン'),(519,12,'豆豆鸽','小鸽宝可梦'),(520,1,'ハトーボー','のばとポケモン'),(520,3,'유토브','들비둘기포켓몬'),(520,4,'咕咕鴿','野鴿寶可夢'),(520,5,'Colombeau','Pokémon Sauvapigeon'),(520,6,'Navitaub','Wildtauben-Pokémon'),(520,7,'Tranquill','Pokémon Torcaz'),(520,8,'Tranquill','Pokémon Granpiccione'),(520,9,'Tranquill','Wild Pigeon Pokémon'),(520,11,'ハトーボー','のばとポケモン'),(520,12,'咕咕鸽','野鸽宝可梦'),(521,1,'ケンホロウ','プライドポケモン'),(521,3,'켄호로우','프라이드포켓몬'),(521,4,'高傲雉雞','自尊心寶可夢'),(521,5,'Déflaisan','Pokémon Fier'),(521,6,'Fasasnob','Stolz-Pokémon'),(521,7,'Unfezant','Pokémon Altanero'),(521,8,'Unfezant','Pokémon Orgoglio'),(521,9,'Unfezant','Proud Pokémon'),(521,11,'ケンホロウ','プライドポケモン'),(521,12,'高傲雉鸡','自尊心宝可梦'),(522,1,'シママ','たいでんポケモン'),(522,3,'줄뮤마','하전포켓몬'),(522,4,'斑斑馬','帶電寶可夢'),(522,5,'Zébibron','Pokémon Étincélec'),(522,6,'Elezeba','Hochspannung'),(522,7,'Blitzle','Pokémon Electrizado'),(522,8,'Blitzle','Pokémon Caricavolt'),(522,9,'Blitzle','Electrified Pokémon'),(522,11,'シママ','たいでんポケモン'),(522,12,'斑斑马','带电宝可梦'),(523,1,'ゼブライカ','らいでんポケモン'),(523,3,'제브라이카','뇌전포켓몬'),(523,4,'雷電斑馬','雷電寶可夢'),(523,5,'Zéblitz','Pokémon Foudrélec'),(523,6,'Zebritz','Donnerkeil'),(523,7,'Zebstrika','Pokémon Rayo'),(523,8,'Zebstrika','Pokémon Saetta'),(523,9,'Zebstrika','Thunderbolt Pokémon'),(523,11,'ゼブライカ','らいでんポケモン'),(523,12,'雷电斑马','雷电宝可梦'),(524,1,'ダンゴロ','マントルポケモン'),(524,3,'단굴','맨틀포켓몬'),(524,4,'石丸子','地幔寶可夢'),(524,5,'Nodulithe','Pokémon Manteau'),(524,6,'Kiesling','Erdmantel-Pokémon'),(524,7,'Roggenrola','Pokémon Manto'),(524,8,'Roggenrola','Pokémon Placca'),(524,9,'Roggenrola','Mantle Pokémon'),(524,11,'ダンゴロ','マントルポケモン'),(524,12,'石丸子','地幔宝可梦'),(525,1,'ガントル','こうせきポケモン'),(525,3,'암트르','광석포켓몬'),(525,4,'地幔岩','礦石寶可夢'),(525,5,'Géolithe','Pokémon Minerai'),(525,6,'Sedimantur','Erz-Pokémon'),(525,7,'Boldore','Pokémon Mineral'),(525,8,'Boldore','Pokémon Minerale'),(525,9,'Boldore','Ore Pokémon'),(525,11,'ガントル','こうせきポケモン'),(525,12,'地幔岩','矿石宝可梦'),(526,1,'ギガイアス','こうあつポケモン'),(526,3,'기가이어스','고압포켓몬'),(526,4,'龐岩怪','高壓寶可夢'),(526,5,'Gigalithe','Pokémon Surpression'),(526,6,'Brockoloss','Kompressions-Pokémon'),(526,7,'Gigalith','Pokémon Presurizado'),(526,8,'Gigalith','Pokémon Pressionalta'),(526,9,'Gigalith','Compressed Pokémon'),(526,11,'ギガイアス','こうあつポケモン'),(526,12,'庞岩怪','高压宝可梦'),(527,1,'コロモリ','こうもりポケモン'),(527,3,'또르박쥐','박쥐포켓몬'),(527,4,'滾滾蝙蝠','蝙蝠寶可夢'),(527,5,'Chovsourir','Pokémon Chovsouris'),(527,6,'Fleknoil','Fledermaus-Pokémon'),(527,7,'Woobat','Pokémon Murciélago'),(527,8,'Woobat','Pokémon Pipistrello'),(527,9,'Woobat','Bat Pokémon'),(527,11,'コロモリ','こうもりポケモン'),(527,12,'滚滚蝙蝠','蝙蝠宝可梦'),(528,1,'ココロモリ','きゅうあいポケモン'),(528,3,'맘박쥐','구애포켓몬'),(528,4,'心蝙蝠','求愛寶可夢'),(528,5,'Rhinolove','Pokémon Cupidon'),(528,6,'Fletiamo','Balz-Pokémon'),(528,7,'Swoobat','Pokémon Galante'),(528,8,'Swoobat','Pokémon Cercamore'),(528,9,'Swoobat','Courting Pokémon'),(528,11,'ココロモリ','きゅうあいポケモン'),(528,12,'心蝙蝠','求爱宝可梦'),(529,1,'モグリュー','もぐらポケモン'),(529,3,'두더류','두더지포켓몬'),(529,4,'螺釘地鼠','鼴鼠寶可夢'),(529,5,'Rototaupe','Pokémon Taupe'),(529,6,'Rotomurf','Maulwurf-Pokémon'),(529,7,'Drilbur','Pokémon Topo'),(529,8,'Drilbur','Pokémon Talpa'),(529,9,'Drilbur','Mole Pokémon'),(529,11,'モグリュー','もぐらポケモン'),(529,12,'螺钉地鼠','鼹鼠宝可梦'),(530,1,'ドリュウズ','ちていポケモン'),(530,3,'몰드류','땅밑포켓몬'),(530,4,'龍頭地鼠','地底寶可夢'),(530,5,'Minotaupe','Pokémon Souterrain'),(530,6,'Stalobor','Untergrund-Pokémon'),(530,7,'Excadrill','Pokémon Subterráneo'),(530,8,'Excadrill','Pokémon Sottoterra'),(530,9,'Excadrill','Subterrene Pokémon'),(530,11,'ドリュウズ','ちていポケモン'),(530,12,'龙头地鼠','地底宝可梦'),(531,1,'タブンネ','ヒヤリングポケモン'),(531,3,'다부니','히어링포켓몬'),(531,4,'差不多娃娃','聽力寶可夢'),(531,5,'Nanméouïe','Pokémon Audition'),(531,6,'Ohrdoch','Gehör-Pokémon'),(531,7,'Audino','Pokémon Escucha'),(531,8,'Audino','Pokémon Ascolto'),(531,9,'Audino','Hearing Pokémon'),(531,11,'タブンネ','ヒヤリングポケモン'),(531,12,'差不多娃娃','听力宝可梦'),(532,1,'ドッコラー','きんこつポケモン'),(532,3,'으랏차','근골포켓몬'),(532,4,'搬運小匠','筋骨寶可夢'),(532,5,'Charpenti','Pokémon Costaud'),(532,6,'Praktibalk','Muskel-Pokémon'),(532,7,'Timburr','Pokémon Musculoso'),(532,8,'Timburr','Pokémon Forzaimmane'),(532,9,'Timburr','Muscular Pokémon'),(532,11,'ドッコラー','きんこつポケモン'),(532,12,'搬运小匠','筋骨宝可梦'),(533,1,'ドテッコツ','きんこつポケモン'),(533,3,'토쇠골','근골포켓몬'),(533,4,'鐵骨土人','筋骨寶可夢'),(533,5,'Ouvrifier','Pokémon Costaud'),(533,6,'Strepoli','Muskel-Pokémon'),(533,7,'Gurdurr','Pokémon Musculoso'),(533,8,'Gurdurr','Pokémon Forzaimmane'),(533,9,'Gurdurr','Muscular Pokémon'),(533,11,'ドテッコツ','きんこつポケモン'),(533,12,'铁骨土人','筋骨宝可梦'),(534,1,'ローブシン','きんこつポケモン'),(534,3,'노보청','근골포켓몬'),(534,4,'修建老匠','筋骨寶可夢'),(534,5,'Bétochef','Pokémon Costaud'),(534,6,'Meistagrif','Muskel-Pokémon'),(534,7,'Conkeldurr','Pokémon Musculoso'),(534,8,'Conkeldurr','Pokémon Forzaimmane'),(534,9,'Conkeldurr','Muscular Pokémon'),(534,11,'ローブシン','きんこつポケモン'),(534,12,'修建老匠','筋骨宝可梦'),(535,1,'オタマロ','おたまポケモン'),(535,3,'동챙이','올챙이포켓몬'),(535,4,'圓蝌蚪','蝌蚪寶可夢'),(535,5,'Tritonde','Pokémon Têtard'),(535,6,'Schallquap','Kaulquappen-Pokémon'),(535,7,'Tympole','Pokémon Renacuajo'),(535,8,'Tympole','Pokémon Girino'),(535,9,'Tympole','Tadpole Pokémon'),(535,11,'オタマロ','おたまポケモン'),(535,12,'圆蝌蚪','蝌蚪宝可梦'),(536,1,'ガマガル','しんどうポケモン'),(536,3,'두까비','진동포켓몬'),(536,4,'藍蟾蜍','震動寶可夢'),(536,5,'Batracné','Pokémon Vibration'),(536,6,'Mebrana','Vibrations-Pokémon'),(536,7,'Palpitoad','Pokémon Vibrante'),(536,8,'Palpitoad','Pokémon Vibrazione'),(536,9,'Palpitoad','Vibration Pokémon'),(536,11,'ガマガル','しんどうポケモン'),(536,12,'蓝蟾蜍','振动宝可梦'),(537,1,'ガマゲロゲ','しんどうポケモン'),(537,3,'두빅굴','진동포켓몬'),(537,4,'蟾蜍王','震動寶可夢'),(537,5,'Crapustule','Pokémon Vibration'),(537,6,'Branawarz','Vibrations-Pokémon'),(537,7,'Seismitoad','Pokémon Vibrante'),(537,8,'Seismitoad','Pokémon Vibrazione'),(537,9,'Seismitoad','Vibration Pokémon'),(537,11,'ガマゲロゲ','しんどうポケモン'),(537,12,'蟾蜍王','振动宝可梦'),(538,1,'ナゲキ','じゅうどうポケモン'),(538,3,'던지미','유도포켓몬'),(538,4,'投摔鬼','柔道寶可夢'),(538,5,'Judokrak','Pokémon Judo'),(538,6,'Jiutesto','Judo-Pokémon'),(538,7,'Throh','Pokémon Judo'),(538,8,'Throh','Pokémon Judo'),(538,9,'Throh','Judo Pokémon'),(538,11,'ナゲキ','じゅうどうポケモン'),(538,12,'投摔鬼','柔道宝可梦'),(539,1,'ダゲキ','からてポケモン'),(539,3,'타격귀','태권도포켓몬'),(539,4,'打擊鬼','空手道寶可夢'),(539,5,'Karaclée','Pokémon Karaté'),(539,6,'Karadonis','Karate-Pokémon'),(539,7,'Sawk','Pokémon Kárate'),(539,8,'Sawk','Pokémon Karate'),(539,9,'Sawk','Karate Pokémon'),(539,11,'ダゲキ','からてポケモン'),(539,12,'打击鬼','空手道宝可梦'),(540,1,'クルミル','さいほうポケモン'),(540,3,'두르보','재봉포켓몬'),(540,4,'蟲寶包','裁縫寶可夢'),(540,5,'Larveyette','Pokémon Couture'),(540,6,'Strawickl','Schneider'),(540,7,'Sewaddle','Pokémon Sastre'),(540,8,'Sewaddle','Pokémon Grancucito'),(540,9,'Sewaddle','Sewing Pokémon'),(540,11,'クルミル','さいほうポケモン'),(540,12,'虫宝包','裁缝宝可梦'),(541,1,'クルマユ','はごもりポケモン'),(541,3,'두르쿤','잎숨기포켓몬'),(541,4,'寶包繭','足不出葉寶可夢'),(541,5,'Couverdure','Pokémon Capefeuille'),(541,6,'Folikon','Wickelblatt'),(541,7,'Swadloon','Pokémon Arropado'),(541,8,'Swadloon','Pokémon Coprifoglia'),(541,9,'Swadloon','Leaf-Wrapped Pokémon'),(541,11,'クルマユ','はごもりポケモン'),(541,12,'宝包茧','足不出叶宝可梦'),(542,1,'ハハコモリ','こそだてポケモン'),(542,3,'모아머','육아포켓몬'),(542,4,'保母蟲','育兒寶可夢'),(542,5,'Manternel','Pokémon Précepteur'),(542,6,'Matrifol','Kinderpflege'),(542,7,'Leavanny','Pokémon Cuidador'),(542,8,'Leavanny','Pokémon Balia'),(542,9,'Leavanny','Nurturing Pokémon'),(542,11,'ハハコモリ','こそだてポケモン'),(542,12,'保姆虫','育儿宝可梦'),(543,1,'フシデ','ムカデポケモン'),(543,3,'마디네','지네포켓몬'),(543,4,'百足蜈蚣','蜈蚣寶可夢'),(543,5,'Venipatte','Pokémon Chilopode'),(543,6,'Toxiped','Tausendfüßer-Pokémon'),(543,7,'Venipede','Pokémon Ciempiés'),(543,8,'Venipede','Pokémon Centipede'),(543,9,'Venipede','Centipede Pokémon'),(543,11,'フシデ','ムカデポケモン'),(543,12,'百足蜈蚣','蜈蚣宝可梦'),(544,1,'ホイーガ','まゆムカデポケモン'),(544,3,'휠구','눈썹지네포켓몬'),(544,4,'車輪毬','繭蜈蚣寶可夢'),(544,5,'Scobolide','Pokémon Coconplopode'),(544,6,'Rollum','Kokonfüßer-Pokémon'),(544,7,'Whirlipede','Pokémon Pupaciempiés'),(544,8,'Whirlipede','Pokémon Rotopede'),(544,9,'Whirlipede','Curlipede Pokémon'),(544,11,'ホイーガ','まゆムカデポケモン'),(544,12,'车轮球','茧蜈蚣宝可梦'),(545,1,'ペンドラー','メガムカデポケモン'),(545,3,'펜드라','메가지네포켓몬'),(545,4,'蜈蚣王','巨蜈蚣寶可夢'),(545,5,'Brutapode','Pokémon Mégaplopode'),(545,6,'Cerapendra','Riesenfüßer-Pokémon'),(545,7,'Scolipede','Pokémon Megaciempiés'),(545,8,'Scolipede','Pokémon Megapede'),(545,9,'Scolipede','Megapede Pokémon'),(545,11,'ペンドラー','メガムカデポケモン'),(545,12,'蜈蚣王','巨蜈蚣宝可梦'),(546,1,'モンメン','わたたまポケモン'),(546,3,'소미안','솜뭉치포켓몬'),(546,4,'木棉球','棉球寶可夢'),(546,5,'Doudouvet','Pokémon Boule Coton'),(546,6,'Waumboll','Wattebausch-Pokémon'),(546,7,'Cottonee','Pokémon Bolalgodón'),(546,8,'Cottonee','Pokémon Cotonpalla'),(546,9,'Cottonee','Cotton Puff Pokémon'),(546,11,'モンメン','わたたまポケモン'),(546,12,'木棉球','棉球宝可梦'),(547,1,'エルフーン','かぜかくれポケモン'),(547,3,'엘풍','바람숨기포켓몬'),(547,4,'風妖精','風隱寶可夢'),(547,5,'Farfaduvet','Pokémon Vole Vent'),(547,6,'Elfun','Windschatten-Pokémon'),(547,7,'Whimsicott','Pokémon Vuelalviento'),(547,8,'Whimsicott','Pokémon Spiffero'),(547,9,'Whimsicott','Windveiled Pokémon'),(547,11,'エルフーン','かぜかくれポケモン'),(547,12,'风妖精','风隐宝可梦'),(548,1,'チュリネ','ねっこポケモン'),(548,3,'치릴리','뿌리포켓몬'),(548,4,'百合根娃娃','根莖寶可夢'),(548,5,'Chlorobule','Pokémon Racine'),(548,6,'Lilminip','Wurzel-Pokémon'),(548,7,'Petilil','Pokémon Bulbo'),(548,8,'Petilil','Pokémon Radice'),(548,9,'Petilil','Bulb Pokémon'),(548,11,'チュリネ','ねっこポケモン'),(548,12,'百合根娃娃','根茎宝可梦'),(549,1,'ドレディア','はなかざりポケモン'),(549,3,'드레디어','꽃장식포켓몬'),(549,4,'裙兒小姐','花飾寶可夢'),(549,5,'Fragilady','Pokémon Chef-Fleur'),(549,6,'Dressella','Blumenzier-Pokémon'),(549,7,'Lilligant','Pokémon Adornofloral'),(549,8,'Lilligant','Pokémon Fiorfronzolo'),(549,9,'Lilligant','Flowering Pokémon'),(549,11,'ドレディア','はなかざりポケモン'),(549,12,'裙儿小姐','花饰宝可梦'),(550,1,'バスラオ','らんぼうポケモン'),(550,3,'배쓰나이','흉포포켓몬'),(550,4,'野蠻鱸魚','粗暴寶可夢'),(550,5,'Bargantua','Pokémon Violent'),(550,6,'Barschuft','Grobheits-Pokémon'),(550,7,'Basculin','Pokémon Violento'),(550,8,'Basculin','Pokémon Irruenza'),(550,9,'Basculin','Hostile Pokémon'),(550,11,'バスラオ','らんぼうポケモン'),(550,12,'野蛮鲈鱼','粗暴宝可梦'),(551,1,'メグロコ','さばくワニポケモン'),(551,3,'깜눈크','사막악어포켓몬'),(551,4,'黑眼鱷','沙漠鱷魚寶可夢'),(551,5,'Mascaïman','Pokémon Croco Sable'),(551,6,'Ganovil','Wüstenkroko-Pokémon'),(551,7,'Sandile','Pokémon Desierdrilo'),(551,8,'Sandile','Pokémon Sabbiadrillo'),(551,9,'Sandile','Desert Croc Pokémon'),(551,11,'メグロコ','さばくワニポケモン'),(551,12,'黑眼鳄','沙漠鳄鱼宝可梦'),(552,1,'ワルビル','さばくワニポケモン'),(552,3,'악비르','사막악어포켓몬'),(552,4,'混混鱷','沙漠鱷魚寶可夢'),(552,5,'Escroco','Pokémon Croco Sable'),(552,6,'Rokkaiman','Wüstenkroko-Pokémon'),(552,7,'Krokorok','Pokémon Desierdrilo'),(552,8,'Krokorok','Pokémon Sabbiadrillo'),(552,9,'Krokorok','Desert Croc Pokémon'),(552,11,'ワルビル','さばくワニポケモン'),(552,12,'混混鳄','沙漠鳄鱼宝可梦'),(553,1,'ワルビアル','いかくポケモン'),(553,3,'악비아르','위협포켓몬'),(553,4,'流氓鱷','威嚇寶可夢'),(553,5,'Crocorible','Pokémon Intimidation'),(553,6,'Rabigator','Abschreckungs-Pokémon'),(553,7,'Krookodile','Pokémon Amenazador'),(553,8,'Krookodile','Pokémon Minaccia'),(553,9,'Krookodile','Intimidation Pokémon'),(553,11,'ワルビアル','いかくポケモン'),(553,12,'流氓鳄','威吓宝可梦'),(554,1,'ダルマッカ','だるまポケモン'),(554,3,'달막화','달마포켓몬'),(554,4,'火紅不倒翁','不倒翁寶可夢'),(554,5,'Darumarond','Pokémon Daruma'),(554,6,'Flampion','Lampion-Pokémon'),(554,7,'Darumaka','Pokémon Daruma'),(554,8,'Darumaka','Pokémon Daruma'),(554,9,'Darumaka','Zen Charm Pokémon'),(554,11,'ダルマッカ','だるまポケモン'),(554,12,'火红不倒翁','不倒翁宝可梦'),(555,1,'ヒヒダルマ','えんじょうポケモン'),(555,3,'불비달마','염상포켓몬'),(555,4,'達摩狒狒','爆燃寶可夢'),(555,5,'Darumacho','Pokémon Enflammé'),(555,6,'Flampivian','Lichterloh-Pokémon'),(555,7,'Darmanitan','Pokémon Candente'),(555,8,'Darmanitan','Pokémon Altefiamme'),(555,9,'Darmanitan','Blazing Pokémon'),(555,11,'ヒヒダルマ','えんじょうポケモン'),(555,12,'达摩狒狒','爆燃宝可梦'),(556,1,'マラカッチ','サボテンポケモン'),(556,3,'마라카치','선인장포켓몬'),(556,4,'沙鈴仙人掌','仙人掌寶可夢'),(556,5,'Maracachi','Pokémon Cactus'),(556,6,'Maracamba','Kaktus-Pokémon'),(556,7,'Maractus','Pokémon Cactus'),(556,8,'Maractus','Pokémon Cactus'),(556,9,'Maractus','Cactus Pokémon'),(556,11,'マラカッチ','サボテンポケモン'),(556,12,'沙铃仙人掌','仙人掌宝可梦'),(557,1,'イシズマイ','いしやどポケモン'),(557,3,'돌살이','돌집포켓몬'),(557,4,'石居蟹','石居寶可夢'),(557,5,'Crabicoque','Pokémon Lithicole'),(557,6,'Lithomith','Steinhaus-Pokémon'),(557,7,'Dwebble','Pokémon Casapiedra'),(557,8,'Dwebble','Pokémon Pietracasa'),(557,9,'Dwebble','Rock Inn Pokémon'),(557,11,'イシズマイ','いしやどポケモン'),(557,12,'石居蟹','石居宝可梦'),(558,1,'イワパレス','いわやどポケモン'),(558,3,'암팰리스','바위집포켓몬'),(558,4,'岩殿居蟹','岩居寶可夢'),(558,5,'Crabaraque','Pokémon Lapidicole'),(558,6,'Castellith','Felshaus-Pokémon'),(558,7,'Crustle','Pokémon Casarroca'),(558,8,'Crustle','Pokémon Scogliocasa'),(558,9,'Crustle','Stone Home Pokémon'),(558,11,'イワパレス','いわやどポケモン'),(558,12,'岩殿居蟹','岩居宝可梦'),(559,1,'ズルッグ','だっぴポケモン'),(559,3,'곤율랭','탈피포켓몬'),(559,4,'滑滑小子','蛻皮寶可夢'),(559,5,'Baggiguane','Pokémon Mue'),(559,6,'Zurrokex','Hautwechsel-Pokémon'),(559,7,'Scraggy','Pokémon Mudapiel'),(559,8,'Scraggy','Pokémon Mutapelle'),(559,9,'Scraggy','Shedding Pokémon'),(559,11,'ズルッグ','だっぴポケモン'),(559,12,'滑滑小子','蜕皮宝可梦'),(560,1,'ズルズキン','あくとうポケモン'),(560,3,'곤율거니','악당포켓몬'),(560,4,'頭巾混混','惡黨寶可夢'),(560,5,'Baggaïd','Pokémon Gang'),(560,6,'Irokex','Halunken-Pokémon'),(560,7,'Scrafty','Pokémon Gamberro'),(560,8,'Scrafty','Pokémon Furfante'),(560,9,'Scrafty','Hoodlum Pokémon'),(560,11,'ズルズキン','あくとうポケモン'),(560,12,'头巾混混','恶党宝可梦'),(561,1,'シンボラー','とりもどきポケモン'),(561,3,'심보러','흡사새포켓몬'),(561,4,'象徵鳥','似鳥寶可夢'),(561,5,'Cryptéro','Pokémon Similoiseau'),(561,6,'Symvolara','Vogelgleich-Pokémon'),(561,7,'Sigilyph','Pokémon Pseudopájaro'),(561,8,'Sigilyph','Pokémon Pseuduccello'),(561,9,'Sigilyph','Avianoid Pokémon'),(561,11,'シンボラー','とりもどきポケモン'),(561,12,'象征鸟','似鸟宝可梦'),(562,1,'デスマス','たましいポケモン'),(562,3,'데스마스','영혼포켓몬'),(562,4,'哭哭面具','魂寶可夢'),(562,5,'Tutafeh','Pokémon Âme'),(562,6,'Makabaja','Seelen-Pokémon'),(562,7,'Yamask','Pokémon Espíritu'),(562,8,'Yamask','Pokémon Fatuanima'),(562,9,'Yamask','Spirit Pokémon'),(562,11,'デスマス','たましいポケモン'),(562,12,'哭哭面具','魂宝可梦'),(563,1,'デスカーン','かんおけポケモン'),(563,3,'데스니칸','관포켓몬'),(563,4,'死神棺','棺木寶可夢'),(563,5,'Tutankafer','Pokémon Cercueil'),(563,6,'Echnatoll','Sarkophag-Pokémon'),(563,7,'Cofagrigus','Pokémon Sepultura'),(563,8,'Cofagrigus','Pokémon Bara'),(563,9,'Cofagrigus','Coffin Pokémon'),(563,11,'デスカーン','かんおけポケモン'),(563,12,'迭失棺','棺木宝可梦'),(564,1,'プロトーガ','こだいがめポケモン'),(564,3,'프로토가','옛날거북포켓몬'),(564,4,'原蓋海龜','古代龜寶可夢'),(564,5,'Carapagos','Pokémon Tortantique'),(564,6,'Galapaflos','Urzeitkröten-Pokémon'),(564,7,'Tirtouga','Pokémon Pretortuga'),(564,8,'Tirtouga','Pokémon Ancestruga'),(564,9,'Tirtouga','Prototurtle Pokémon'),(564,11,'プロトーガ','こだいがめポケモン'),(564,12,'原盖海龟','古代龟宝可梦'),(565,1,'アバゴーラ','こだいがめポケモン'),(565,3,'늑골라','옛날거북포켓몬'),(565,4,'肋骨海龜','古代龜寶可夢'),(565,5,'Mégapagos','Pokémon Tortantique'),(565,6,'Karippas','Urzeitkröten-Pokémon'),(565,7,'Carracosta','Pokémon Pretortuga'),(565,8,'Carracosta','Pokémon Ancestruga'),(565,9,'Carracosta','Prototurtle Pokémon'),(565,11,'アバゴーラ','こだいがめポケモン'),(565,12,'肋骨海龟','古代龟宝可梦'),(566,1,'アーケン','さいこどりポケモン'),(566,3,'아켄','최초새포켓몬'),(566,4,'始祖小鳥','遠古鳥寶可夢'),(566,5,'Arkéapti','Pokémon Oisancien'),(566,6,'Flapteryx','Urzeitvogel-Pokémon'),(566,7,'Archen','Pokémon Protopájaro'),(566,8,'Archen','Pokémon Paleouccello'),(566,9,'Archen','First Bird Pokémon'),(566,11,'アーケン','さいこどりポケモン'),(566,12,'始祖小鸟','远古鸟宝可梦'),(567,1,'アーケオス','さいこどりポケモン'),(567,3,'아케오스','최초새포켓몬'),(567,4,'始祖大鳥','遠古鳥寶可夢'),(567,5,'Aéroptéryx','Pokémon Oisancien'),(567,6,'Aeropteryx','Urzeitvogel-Pokémon'),(567,7,'Archeops','Pokémon Protopájaro'),(567,8,'Archeops','Pokémon Paleouccello'),(567,9,'Archeops','First Bird Pokémon'),(567,11,'アーケオス','さいこどりポケモン'),(567,12,'始祖大鸟','远古鸟宝可梦'),(568,1,'ヤブクロン','ゴミぶくろポケモン'),(568,3,'깨봉이','쓰레기봉투포켓몬'),(568,4,'破破袋','垃圾袋寶可夢'),(568,5,'Miamiasme','Pokémon Sac Poubelle'),(568,6,'Unratütox','Mülltüten-Pokémon'),(568,7,'Trubbish','Pokémon Bolsa Basura'),(568,8,'Trubbish','Pokémon Spazzatura'),(568,9,'Trubbish','Trash Bag Pokémon'),(568,11,'ヤブクロン','ゴミぶくろポケモン'),(568,12,'破破袋','垃圾袋宝可梦'),(569,1,'ダストダス','ゴミすてばポケモン'),(569,3,'더스트나','쓰레기장포켓몬'),(569,4,'灰塵山','垃圾場寶可夢'),(569,5,'Miasmax','Pokémon Dépotoir'),(569,6,'Deponitox','Müllhalden-Pokémon'),(569,7,'Garbodor','Pokémon Vertedero'),(569,8,'Garbodor','Pokémon Discarica'),(569,9,'Garbodor','Trash Heap Pokémon'),(569,11,'ダストダス','ゴミすてばポケモン'),(569,12,'灰尘山','垃圾场宝可梦'),(570,1,'ゾロア','わるぎつねポケモン'),(570,3,'조로아','나쁜여우포켓몬'),(570,4,'索羅亞','惡狐寶可夢'),(570,5,'Zorua','Pokémon Sombrenard'),(570,6,'Zorua','Lausefuchs-Pokémon'),(570,7,'Zorua','Pokémon Zorro Pillo'),(570,8,'Zorua','Pokémon Malavolpe'),(570,9,'Zorua','Tricky Fox Pokémon'),(570,11,'ゾロア','わるぎつねポケモン'),(570,12,'索罗亚','恶狐宝可梦'),(571,1,'ゾロアーク','ばけぎつねポケモン'),(571,3,'조로아크','요괴여우포켓몬'),(571,4,'索羅亞克','妖狐寶可夢'),(571,5,'Zoroark','Pokémon Polymorfox'),(571,6,'Zoroark','Polymorfuchs-Pokémon'),(571,7,'Zoroark','Pokémon Disfrazorro'),(571,8,'Zoroark','Pokémon Mutevolpe'),(571,9,'Zoroark','Illusion Fox Pokémon'),(571,11,'ゾロアーク','ばけぎつねポケモン'),(571,12,'索罗亚克','妖狐宝可梦'),(572,1,'チラーミィ','チンチラポケモン'),(572,3,'치라미','친칠라포켓몬'),(572,4,'泡沫栗鼠','栗鼠寶可夢'),(572,5,'Chinchidou','Pokémon Chinchilla'),(572,6,'Picochilla','Chinchilla-Pokémon'),(572,7,'Minccino','Pokémon Chinchilla'),(572,8,'Minccino','Pokémon Cincillà'),(572,9,'Minccino','Chinchilla Pokémon'),(572,11,'チラーミィ','チンチラポケモン'),(572,12,'泡沫栗鼠','栗鼠宝可梦'),(573,1,'チラチーノ','スカーフポケモン'),(573,3,'치라치노','스카프포켓몬'),(573,4,'奇諾栗鼠','圍巾寶可夢'),(573,5,'Pashmilla','Pokémon Écharpe'),(573,6,'Chillabell','Schal-Pokémon'),(573,7,'Cinccino','Pokémon Estola'),(573,8,'Cinccino','Pokémon Sciarpa'),(573,9,'Cinccino','Scarf Pokémon'),(573,11,'チラチーノ','スカーフポケモン'),(573,12,'奇诺栗鼠','围巾宝可梦'),(574,1,'ゴチム','ぎょうしポケモン'),(574,3,'고디탱','응시포켓몬'),(574,4,'哥德寶寶','凝視寶可夢'),(574,5,'Scrutella','Pokémon Dévisageur'),(574,6,'Mollimorba','Glotz-Pokémon'),(574,7,'Gothita','Pokémon Inquisitivo'),(574,8,'Gothita','Pokémon Fissosguardo'),(574,9,'Gothita','Fixation Pokémon'),(574,11,'ゴチム','ぎょうしポケモン'),(574,12,'哥德宝宝','凝视宝可梦'),(575,1,'ゴチミル','あやつりポケモン'),(575,3,'고디보미','조작포켓몬'),(575,4,'哥德小童','操縱寶可夢'),(575,5,'Mesmérella','Pokémon Magouilleur'),(575,6,'Hypnomorba','Manipulator-Pokémon'),(575,7,'Gothorita','Pokémon Manipulador'),(575,8,'Gothorita','Pokémon Raggiro'),(575,9,'Gothorita','Manipulate Pokémon'),(575,11,'ゴチミル','あやつりポケモン'),(575,12,'哥德小童','操纵宝可梦'),(576,1,'ゴチルゼル','てんたいポケモン'),(576,3,'고디모아젤','천체포켓몬'),(576,4,'哥德小姐','天體寶可夢'),(576,5,'Sidérella','Pokémon Cosmique'),(576,6,'Morbitesse','Gestirns-Pokémon'),(576,7,'Gothitelle','Pokémon Astro'),(576,8,'Gothitelle','Pokémon Corpoceleste'),(576,9,'Gothitelle','Astral Body Pokémon'),(576,11,'ゴチルゼル','てんたいポケモン'),(576,12,'哥德小姐','天体宝可梦'),(577,1,'ユニラン','さいぼうポケモン'),(577,3,'유니란','세포포켓몬'),(577,4,'單卵細胞球','細胞寶可夢'),(577,5,'Nucléos','Pokémon Cellule'),(577,6,'Monozyto','Zellen-Pokémon'),(577,7,'Solosis','Pokémon Célula'),(577,8,'Solosis','Pokémon Cellula'),(577,9,'Solosis','Cell Pokémon'),(577,11,'ユニラン','さいぼうポケモン'),(577,12,'单卵细胞球','细胞宝可梦'),(578,1,'ダブラン','ぶんかつポケモン'),(578,3,'듀란','분할포켓몬'),(578,4,'雙卵細胞球','分割寶可夢'),(578,5,'Méios','Pokémon Divisé'),(578,6,'Mitodos','Zellteilungs-Pokémon'),(578,7,'Duosion','Pokémon Mitosis'),(578,8,'Duosion','Pokémon Scissione'),(578,9,'Duosion','Mitosis Pokémon'),(578,11,'ダブラン','ぶんかつポケモン'),(578,12,'双卵细胞球','分割宝可梦'),(579,1,'ランクルス','ぞうふくポケモン'),(579,3,'란쿨루스','증폭포켓몬'),(579,4,'人造細胞卵','增幅寶可夢'),(579,5,'Symbios','Pokémon Multiplié'),(579,6,'Zytomega','Vermehrungs-Pokémon'),(579,7,'Reuniclus','Pokémon Ampliación'),(579,8,'Reuniclus','Pokémon Espansione'),(579,9,'Reuniclus','Multiplying Pokémon'),(579,11,'ランクルス','ぞうふくポケモン'),(579,12,'人造细胞卵','增幅宝可梦'),(580,1,'コアルヒー','みずどりポケモン'),(580,3,'꼬지보리','물새포켓몬'),(580,4,'鴨寶寶','水鳥寶可夢'),(580,5,'Couaneton','Pokémon Oiseaudo'),(580,6,'Piccolente','Wasservogel'),(580,7,'Ducklett','Pokémon Ave Agua'),(580,8,'Ducklett','Pokémon Alacquatico'),(580,9,'Ducklett','Water Bird Pokémon'),(580,11,'コアルヒー','みずどりポケモン'),(580,12,'鸭宝宝','水鸟宝可梦'),(581,1,'スワンナ','しらとりポケモン'),(581,3,'스완나','백조포켓몬'),(581,4,'舞天鵝','白鳥寶可夢'),(581,5,'Lakmécygne','Pokémon Cygne'),(581,6,'Swaroness','Schwan'),(581,7,'Swanna','Pokémon Cisne'),(581,8,'Swanna','Pokémon Biancuccello'),(581,9,'Swanna','White Bird Pokémon'),(581,11,'スワンナ','しらとりポケモン'),(581,12,'舞天鹅','白鸟宝可梦'),(582,1,'バニプッチ','しんせつポケモン'),(582,3,'바닐프티','신설포켓몬'),(582,4,'迷你冰','新雪寶可夢'),(582,5,'Sorbébé','Pokémon Poudreuse'),(582,6,'Gelatini','Neuschnee-Pokémon'),(582,7,'Vanillite','Pokémon Nieve Fresca'),(582,8,'Vanillite','Pokémon Nevefresca'),(582,9,'Vanillite','Fresh Snow Pokémon'),(582,11,'バニプッチ','しんせつポケモン'),(582,12,'迷你冰','新雪宝可梦'),(583,1,'バニリッチ','ひょうせつポケモン'),(583,3,'바닐리치','빙설포켓몬'),(583,4,'多多冰','冰雪寶可夢'),(583,5,'Sorboul','Pokémon Grêle'),(583,6,'Gelatroppo','Firn-Pokémon'),(583,7,'Vanillish','Pokémon Nieve Helada'),(583,8,'Vanillish','Pokémon Geloneve'),(583,9,'Vanillish','Icy Snow Pokémon'),(583,11,'バニリッチ','ひょうせつポケモン'),(583,12,'多多冰','冰雪宝可梦'),(584,1,'バイバニラ','ブリザードポケモン'),(584,3,'배바닐라','블리자드포켓몬'),(584,4,'雙倍多多冰','暴風雪寶可夢'),(584,5,'Sorbouboul','Pokémon Congère'),(584,6,'Gelatwino','Schneesturm-Pokémon'),(584,7,'Vanilluxe','Pokémon Nieve Gélida'),(584,8,'Vanilluxe','Pokémon Bufera'),(584,9,'Vanilluxe','Snowstorm Pokémon'),(584,11,'バイバニラ','ブリザードポケモン'),(584,12,'双倍多多冰','暴风雪宝可梦'),(585,1,'シキジカ','きせつポケモン'),(585,3,'사철록','계절포켓몬'),(585,4,'四季鹿','季節寶可夢'),(585,5,'Vivaldaim','Pokémon Saison'),(585,6,'Sesokitz','Jahreszeit'),(585,7,'Deerling','Pokémon Estacional'),(585,8,'Deerling','Pokémon Stagione'),(585,9,'Deerling','Season Pokémon'),(585,11,'シキジカ','きせつポケモン'),(585,12,'四季鹿','季节宝可梦'),(586,1,'メブキジカ','きせつポケモン'),(586,3,'바라철록','계절포켓몬'),(586,4,'萌芽鹿','季節寶可夢'),(586,5,'Haydaim','Pokémon Saison'),(586,6,'Kronjuwild','Jahreszeit'),(586,7,'Sawsbuck','Pokémon Estacional'),(586,8,'Sawsbuck','Pokémon Stagione'),(586,9,'Sawsbuck','Season Pokémon'),(586,11,'メブキジカ','きせつポケモン'),(586,12,'萌芽鹿','季节宝可梦'),(587,1,'エモンガ','モモンガポケモン'),(587,3,'에몽가','하늘다람쥐포켓몬'),(587,4,'電飛鼠','飛鼠寶可夢'),(587,5,'Emolga','Pokémon Pteromys'),(587,6,'Emolga','Flughörnchen-Pokémon'),(587,7,'Emolga','Pokémon Vuelardilla'),(587,8,'Emolga','Pokémon Petauro'),(587,9,'Emolga','Sky Squirrel Pokémon'),(587,11,'エモンガ','モモンガポケモン'),(587,12,'电飞鼠','飞鼠宝可梦'),(588,1,'カブルモ','かぶりつきポケモン'),(588,3,'딱정곤','덥석물기포켓몬'),(588,4,'蓋蓋蟲','啃咬寶可夢'),(588,5,'Carabing','Pokémon Carabe'),(588,6,'Laukaps','Schnappbiss-Pokémon'),(588,7,'Karrablast','Pokémon Bocado'),(588,8,'Karrablast','Pokémon Addentatore'),(588,9,'Karrablast','Clamping Pokémon'),(588,11,'カブルモ','かぶりつきポケモン'),(588,12,'盖盖虫','啃咬宝可梦'),(589,1,'シュバルゴ','きへいポケモン'),(589,3,'슈바르고','기병포켓몬'),(589,4,'騎士蝸牛','騎兵寶可夢'),(589,5,'Lançargot','Pokémon Chevalier'),(589,6,'Cavalanzas','Kavallerie-Pokémon'),(589,7,'Escavalier','Pokémon Soldado'),(589,8,'Escavalier','Pokémon Cavaliere'),(589,9,'Escavalier','Cavalry Pokémon'),(589,11,'シュバルゴ','きへいポケモン'),(589,12,'骑士蜗牛','骑兵宝可梦'),(590,1,'タマゲタケ','きのこポケモン'),(590,3,'깜놀버슬','버섯포켓몬'),(590,4,'哎呀球菇','蘑菇寶可夢'),(590,5,'Trompignon','Pokémon Champignon'),(590,6,'Tarnpignon','Pilz-Pokémon'),(590,7,'Foongus','Pokémon Hongo'),(590,8,'Foongus','Pokémon Fungo'),(590,9,'Foongus','Mushroom Pokémon'),(590,11,'タマゲタケ','きのこポケモン'),(590,12,'哎呀球菇','蘑菇宝可梦'),(591,1,'モロバレル','きのこポケモン'),(591,3,'뽀록나','버섯포켓몬'),(591,4,'敗露球菇','蘑菇寶可夢'),(591,5,'Gaulet','Pokémon Champignon'),(591,6,'Hutsassa','Pilz-Pokémon'),(591,7,'Amoonguss','Pokémon Hongo'),(591,8,'Amoonguss','Pokémon Fungo'),(591,9,'Amoonguss','Mushroom Pokémon'),(591,11,'モロバレル','きのこポケモン'),(591,12,'败露球菇','蘑菇宝可梦'),(592,1,'プルリル','ふゆうポケモン'),(592,3,'탱그릴','부유포켓몬'),(592,4,'輕飄飄','漂浮寶可夢'),(592,5,'Viskuse','Pokémon Flottaison'),(592,6,'Quabbel','Gleit-Pokémon'),(592,7,'Frillish','Pokémon Ingrávido'),(592,8,'Frillish','Pokémon Fluttuante'),(592,9,'Frillish','Floating Pokémon'),(592,11,'プルリル','ふゆうポケモン'),(592,12,'轻飘飘','漂浮宝可梦'),(593,1,'ブルンゲル','ふゆうポケモン'),(593,3,'탱탱겔','부유포켓몬'),(593,4,'胖嘟嘟','漂浮寶可夢'),(593,5,'Moyade','Pokémon Flottaison'),(593,6,'Apoquallyp','Gleit-Pokémon'),(593,7,'Jellicent','Pokémon Ingrávido'),(593,8,'Jellicent','Pokémon Fluttuante'),(593,9,'Jellicent','Floating Pokémon'),(593,11,'ブルンゲル','ふゆうポケモン'),(593,12,'胖嘟嘟','漂浮宝可梦'),(594,1,'ママンボウ','かいほうポケモン'),(594,3,'맘복치','돌보기포켓몬'),(594,4,'保母曼波','看護寶可夢'),(594,5,'Mamanbo','Pokémon Soigneur'),(594,6,'Mamolida','Fürsorge'),(594,7,'Alomomola','Pokémon Socorrista'),(594,8,'Alomomola','Pokémon Assistenza'),(594,9,'Alomomola','Caring Pokémon'),(594,11,'ママンボウ','かいほうポケモン'),(594,12,'保姆曼波','看护宝可梦'),(595,1,'バチュル','くっつきポケモン'),(595,3,'파쪼옥','들러붙기포켓몬'),(595,4,'電電蟲','吸附寶可夢'),(595,5,'Statitik','Pokémon Crampon'),(595,6,'Wattzapf','Kleben-Pokémon'),(595,7,'Joltik','Pokémon Lapa'),(595,8,'Joltik','Pokémon Appiccicante'),(595,9,'Joltik','Attaching Pokémon'),(595,11,'バチュル','くっつきポケモン'),(595,12,'电电虫','吸附宝可梦'),(596,1,'デンチュラ','でんきグモポケモン'),(596,3,'전툴라','전기거미포켓몬'),(596,4,'電蜘蛛','電蜘蛛寶可夢'),(596,5,'Mygavolt','Pokémon Araclectrik'),(596,6,'Voltula','Stromspinnen-Pokémon'),(596,7,'Galvantula','Pokémon Electroaraña'),(596,8,'Galvantula','Pokémon Elettroragno'),(596,9,'Galvantula','EleSpider Pokémon'),(596,11,'デンチュラ','でんきグモポケモン'),(596,12,'电蜘蛛','电蜘蛛宝可梦'),(597,1,'テッシード','とげのみポケモン'),(597,3,'철시드','가시열매포켓몬'),(597,4,'種子鐵球','刺果寶可夢'),(597,5,'Grindur','Pokémon Graine Épine'),(597,6,'Kastadur','Dornfrucht-Pokémon'),(597,7,'Ferroseed','Pokémon Fruto Espina'),(597,8,'Ferroseed','Pokémon Spinaseme'),(597,9,'Ferroseed','Thorn Seed Pokémon'),(597,11,'テッシード','とげのみポケモン'),(597,12,'种子铁球','刺果宝可梦'),(598,1,'ナットレイ','とげだまポケモン'),(598,3,'너트령','가시공포켓몬'),(598,4,'堅果啞鈴','刺球寶可夢'),(598,5,'Noacier','Pokémon Boule Épine'),(598,6,'Tentantel','Dornkugel-Pokémon'),(598,7,'Ferrothorn','Pokémon Bola Espina'),(598,8,'Ferrothorn','Pokémon Spinasfere'),(598,9,'Ferrothorn','Thorn Pod Pokémon'),(598,11,'ナットレイ','とげだまポケモン'),(598,12,'坚果哑铃','刺球宝可梦'),(599,1,'ギアル','はぐるまポケモン'),(599,3,'기어르','톱니바퀴포켓몬'),(599,4,'齒輪兒','齒輪寶可夢'),(599,5,'Tic','Pokémon Engrenage'),(599,6,'Klikk','Getriebe-Pokémon'),(599,7,'Klink','Pokémon Engranaje'),(599,8,'Klink','Pokémon Ingranaggio'),(599,9,'Klink','Gear Pokémon'),(599,11,'ギアル','はぐるまポケモン'),(599,12,'齿轮儿','齿轮宝可梦'),(600,1,'ギギアル','はぐるまポケモン'),(600,3,'기기어르','톱니바퀴포켓몬'),(600,4,'齒輪組','齒輪寶可夢'),(600,5,'Clic','Pokémon Engrenage'),(600,6,'Kliklak','Getriebe-Pokémon'),(600,7,'Klang','Pokémon Engranaje'),(600,8,'Klang','Pokémon Ingranaggio'),(600,9,'Klang','Gear Pokémon'),(600,11,'ギギアル','はぐるまポケモン'),(600,12,'齿轮组','齿轮宝可梦'),(601,1,'ギギギアル','はぐるまポケモン'),(601,3,'기기기어르','톱니바퀴포켓몬'),(601,4,'齒輪怪','齒輪寶可夢'),(601,5,'Cliticlic','Pokémon Engrenage'),(601,6,'Klikdiklak','Getriebe-Pokémon'),(601,7,'Klinklang','Pokémon Engranaje'),(601,8,'Klinklang','Pokémon Ingranaggio'),(601,9,'Klinklang','Gear Pokémon'),(601,11,'ギギギアル','はぐるまポケモン'),(601,12,'齿轮怪','齿轮宝可梦'),(602,1,'シビシラス','でんきうおポケモン'),(602,3,'저리어','전기물고기포켓몬'),(602,4,'麻麻小魚','電魚寶可夢'),(602,5,'Anchwatt','Pokémon Électrophore'),(602,6,'Zapplardin','Stromfisch'),(602,7,'Tynamo','Pokémon Electropez'),(602,8,'Tynamo','Pokémon Elettropesce'),(602,9,'Tynamo','EleFish Pokémon'),(602,11,'シビシラス','でんきうおポケモン'),(602,12,'麻麻小鱼','电鱼宝可梦'),(603,1,'シビビール','でんきうおポケモン'),(603,3,'저리릴','전기물고기포켓몬'),(603,4,'麻麻鰻','電魚寶可夢'),(603,5,'Lampéroie','Pokémon Électrophore'),(603,6,'Zapplalek','Stromfisch'),(603,7,'Eelektrik','Pokémon Electropez'),(603,8,'Eelektrik','Pokémon Elettropesce'),(603,9,'Eelektrik','EleFish Pokémon'),(603,11,'シビビール','でんきうおポケモン'),(603,12,'麻麻鳗','电鱼宝可梦'),(604,1,'シビルドン','でんきうおポケモン'),(604,3,'저리더프','전기물고기포켓몬'),(604,4,'麻麻鰻魚王','電魚寶可夢'),(604,5,'Ohmassacre','Pokémon Électrophore'),(604,6,'Zapplarang','Stromfisch'),(604,7,'Eelektross','Pokémon Electropez'),(604,8,'Eelektross','Pokémon Elettropesce'),(604,9,'Eelektross','EleFish Pokémon'),(604,11,'シビルドン','でんきうおポケモン'),(604,12,'麻麻鳗鱼王','电鱼宝可梦'),(605,1,'リグレー','ブレインポケモン'),(605,3,'리그레','브레인포켓몬'),(605,4,'小灰怪','腦寶可夢'),(605,5,'Lewsor','Pokémon Cerveau'),(605,6,'Pygraulon','Grips-Pokémon'),(605,7,'Elgyem','Pokémon Cerebro'),(605,8,'Elgyem','Pokémon Cervello'),(605,9,'Elgyem','Cerebral Pokémon'),(605,11,'リグレー','ブレインポケモン'),(605,12,'小灰怪','脑宝可梦'),(606,1,'オーベム','ブレインポケモン'),(606,3,'벰크','브레인포켓몬'),(606,4,'大宇怪','腦寶可夢'),(606,5,'Neitram','Pokémon Cerveau'),(606,6,'Megalon','Grips-Pokémon'),(606,7,'Beheeyem','Pokémon Cerebro'),(606,8,'Beheeyem','Pokémon Cervello'),(606,9,'Beheeyem','Cerebral Pokémon'),(606,11,'オーベム','ブレインポケモン'),(606,12,'大宇怪','脑宝可梦'),(607,1,'ヒトモシ','ろうそくポケモン'),(607,3,'불켜미','양초포켓몬'),(607,4,'燭光靈','蠟燭寶可夢'),(607,5,'Funécire','Pokémon Chandelle'),(607,6,'Lichtel','Kerzen-Pokémon'),(607,7,'Litwick','Pokémon Vela'),(607,8,'Litwick','Pokémon Candela'),(607,9,'Litwick','Candle Pokémon'),(607,11,'ヒトモシ','ろうそくポケモン'),(607,12,'烛光灵','蜡烛宝可梦'),(608,1,'ランプラー','ランプポケモン'),(608,3,'램프라','램프포켓몬'),(608,4,'燈火幽靈','油燈寶可夢'),(608,5,'Mélancolux','Pokémon Lampe'),(608,6,'Laternecto','Lampen-Pokémon'),(608,7,'Lampent','Pokémon Farolillo'),(608,8,'Lampent','Pokémon Lanterna'),(608,9,'Lampent','Lamp Pokémon'),(608,11,'ランプラー','ランプポケモン'),(608,12,'灯火幽灵','油灯宝可梦'),(609,1,'シャンデラ','いざないポケモン'),(609,3,'샹델라','권유포켓몬'),(609,4,'水晶燈火靈','引誘寶可夢'),(609,5,'Lugulabre','Pokémon Invitation'),(609,6,'Skelabra','Geleit-Pokémon'),(609,7,'Chandelure','Pokémon Señuelo'),(609,8,'Chandelure','Pokémon Attiranime'),(609,9,'Chandelure','Luring Pokémon'),(609,11,'シャンデラ','いざないポケモン'),(609,12,'水晶灯火灵','引诱宝可梦'),(610,1,'キバゴ','キバポケモン'),(610,3,'터검니','이빨포켓몬'),(610,4,'牙牙','牙寶可夢'),(610,5,'Coupenotte','Pokémon Crocs'),(610,6,'Milza','Stoßzahn-Pokémon'),(610,7,'Axew','Pokémon Colmillo'),(610,8,'Axew','Pokémon Zanna'),(610,9,'Axew','Tusk Pokémon'),(610,11,'キバゴ','キバポケモン'),(610,12,'牙牙','牙宝可梦'),(611,1,'オノンド','あごオノポケモン'),(611,3,'액슨도','도끼턱포켓몬'),(611,4,'斧牙龍','顎斧寶可夢'),(611,5,'Incisache','Pokémon Hachomenton'),(611,6,'Sharfax','Beilkiefer-Pokémon'),(611,7,'Fraxure','Pokémon Boca Hacha'),(611,8,'Fraxure','Pokémon Mascellascia'),(611,9,'Fraxure','Axe Jaw Pokémon'),(611,11,'オノンド','あごオノポケモン'),(611,12,'斧牙龙','颚斧宝可梦'),(612,1,'オノノクス','あごオノポケモン'),(612,3,'액스라이즈','도끼턱포켓몬'),(612,4,'雙斧戰龍','顎斧寶可夢'),(612,5,'Tranchodon','Pokémon Hachomenton'),(612,6,'Maxax','Beilkiefer-Pokémon'),(612,7,'Haxorus','Pokémon Boca Hacha'),(612,8,'Haxorus','Pokémon Mascellascia'),(612,9,'Haxorus','Axe Jaw Pokémon'),(612,11,'オノノクス','あごオノポケモン'),(612,12,'双斧战龙','颚斧宝可梦'),(613,1,'クマシュン','ひょうけつポケモン'),(613,3,'코고미','빙결포켓몬'),(613,4,'噴嚏熊','結冰寶可夢'),(613,5,'Polarhume','Pokémon Gelé'),(613,6,'Petznief','Eisschollen-Pokémon'),(613,7,'Cubchoo','Pokémon Congelación'),(613,8,'Cubchoo','Pokémon Freddo'),(613,9,'Cubchoo','Chill Pokémon'),(613,11,'クマシュン','ひょうけつポケモン'),(613,12,'喷嚏熊','结冰宝可梦'),(614,1,'ツンベアー','とうけつポケモン'),(614,3,'툰베어','동결포켓몬'),(614,4,'凍原熊','凍結寶可夢'),(614,5,'Polagriffe','Pokémon Congelé'),(614,6,'Siberio','Packeis-Pokémon'),(614,7,'Beartic','Pokémon Glaciación'),(614,8,'Beartic','Pokémon Glaciale'),(614,9,'Beartic','Freezing Pokémon'),(614,11,'ツンベアー','とうけつポケモン'),(614,12,'冻原熊','冻结宝可梦'),(615,1,'フリージオ','けっしょうポケモン'),(615,3,'프리지오','결정포켓몬'),(615,4,'幾何雪花','結晶寶可夢'),(615,5,'Hexagel','Pokémon Cristal'),(615,6,'Frigometri','Kristall-Pokémon'),(615,7,'Cryogonal','Pokémon Cristal'),(615,8,'Cryogonal','Pokémon Cristallo'),(615,9,'Cryogonal','Crystallizing Pokémon'),(615,11,'フリージオ','けっしょうポケモン'),(615,12,'几何雪花','结晶宝可梦'),(616,1,'チョボマキ','マイマイポケモン'),(616,3,'쪼마리','달팽이포켓몬'),(616,4,'小嘴蝸','蝸牛寶可夢'),(616,5,'Escargaume','Pokémon Escargot'),(616,6,'Schnuthelm','Schnecken-Pokémon'),(616,7,'Shelmet','Pokémon Caracol'),(616,8,'Shelmet','Pokémon Lumachina'),(616,9,'Shelmet','Snail Pokémon'),(616,11,'チョボマキ','マイマイポケモン'),(616,12,'小嘴蜗','蜗牛宝可梦'),(617,1,'アギルダー','からぬけポケモン'),(617,3,'어지리더','탈껍질포켓몬'),(617,4,'敏捷蟲','脫殼寶可夢'),(617,5,'Limaspeed','Pokémon Exuviateur'),(617,6,'Hydragil','Entschalungs-Pokémon'),(617,7,'Accelgor','Pokémon Sincaparazón'),(617,8,'Accelgor','Pokémon Sgusciato'),(617,9,'Accelgor','Shell Out Pokémon'),(617,11,'アギルダー','からぬけポケモン'),(617,12,'敏捷虫','脱壳宝可梦'),(618,1,'マッギョ','トラップポケモン'),(618,3,'메더','트랩포켓몬'),(618,4,'泥巴魚','陷阱寶可夢'),(618,5,'Limonde','Pokémon Piège'),(618,6,'Flunschlik','Falle-Pokémon'),(618,7,'Stunfisk','Pokémon Trampa'),(618,8,'Stunfisk','Pokémon Trappola'),(618,9,'Stunfisk','Trap Pokémon'),(618,11,'マッギョ','トラップポケモン'),(618,12,'泥巴鱼','陷阱宝可梦'),(619,1,'コジョフー','ぶじゅつポケモン'),(619,3,'비조푸','무술포켓몬'),(619,4,'功夫鼬','武術寶可夢'),(619,5,'Kungfouine','Pokémon Art Martial'),(619,6,'Lin-Fu','Kampfkünste-Pokémon'),(619,7,'Mienfoo','Pokémon Arte Marcial'),(619,8,'Mienfoo','Pokémon Marziale'),(619,9,'Mienfoo','Martial Arts Pokémon'),(619,11,'コジョフー','ぶじゅつポケモン'),(619,12,'功夫鼬','武术宝可梦'),(620,1,'コジョンド','ぶじゅつポケモン'),(620,3,'비조도','무술포켓몬'),(620,4,'師父鼬','武術寶可夢'),(620,5,'Shaofouine','Pokémon Art Martial'),(620,6,'Wie-Shu','Kampfkünste-Pokémon'),(620,7,'Mienshao','Pokémon Arte Marcial'),(620,8,'Mienshao','Pokémon Marziale'),(620,9,'Mienshao','Martial Arts Pokémon'),(620,11,'コジョンド','ぶじゅつポケモン'),(620,12,'师父鼬','武术宝可梦'),(621,1,'クリムガン','ほらあなポケモン'),(621,3,'크리만','동굴포켓몬'),(621,4,'赤面龍','洞穴寶可夢'),(621,5,'Drakkarmin','Pokémon Caverne'),(621,6,'Shardrago','Höhlen-Pokémon'),(621,7,'Druddigon','Pokémon Cueva'),(621,8,'Druddigon','Pokémon Grotta'),(621,9,'Druddigon','Cave Pokémon'),(621,11,'クリムガン','ほらあなポケモン'),(621,12,'赤面龙','洞穴宝可梦'),(622,1,'ゴビット','ゴーレムポケモン'),(622,3,'골비람','골렘포켓몬'),(622,4,'泥偶小人','魔像寶可夢'),(622,5,'Gringolem','Pokémon Golem Ancien'),(622,6,'Golbit','Urgolem-Pokémon'),(622,7,'Golett','Pokémon Autómata'),(622,8,'Golett','Pokémon Statuanimata'),(622,9,'Golett','Automaton Pokémon'),(622,11,'ゴビット','ゴーレムポケモン'),(622,12,'泥偶小人','魔像宝可梦'),(623,1,'ゴルーグ','ゴーレムポケモン'),(623,3,'골루그','골렘포켓몬'),(623,4,'泥偶巨人','魔像寶可夢'),(623,5,'Golemastoc','Pokémon Golem Ancien'),(623,6,'Golgantes','Urgolem-Pokémon'),(623,7,'Golurk','Pokémon Autómata'),(623,8,'Golurk','Pokémon Statuanimata'),(623,9,'Golurk','Automaton Pokémon'),(623,11,'ゴルーグ','ゴーレムポケモン'),(623,12,'泥偶巨人','魔像宝可梦'),(624,1,'コマタナ','はものポケモン'),(624,3,'자망칼','날붙이포켓몬'),(624,4,'駒刀小兵','利器寶可夢'),(624,5,'Scalpion','Pokémon Coupant'),(624,6,'Gladiantri','Stahlklingen-Pokémon'),(624,7,'Pawniard','Pokémon Tajo'),(624,8,'Pawniard','Pokémon Lamaffilata'),(624,9,'Pawniard','Sharp Blade Pokémon'),(624,11,'コマタナ','はものポケモン'),(624,12,'驹刀小兵','利器宝可梦'),(625,1,'キリキザン','とうじんポケモン'),(625,3,'절각참','도인포켓몬'),(625,4,'劈斬司令','刀刃寶可夢'),(625,5,'Scalproie','Pokémon Tranchant'),(625,6,'Caesurio','Schwertklingen-Pokémon'),(625,7,'Bisharp','Pokémon Filo'),(625,8,'Bisharp','Pokémon Fildilama'),(625,9,'Bisharp','Sword Blade Pokémon'),(625,11,'キリキザン','とうじんポケモン'),(625,12,'劈斩司令','刀刃宝可梦'),(626,1,'バッフロン','ずつきうしポケモン'),(626,3,'버프론','박치기소포켓몬'),(626,4,'爆炸頭水牛','頭錘牛寶可夢'),(626,5,'Frison','Pokémon Coup d’Bœuf'),(626,6,'Bisofank','Kopfstoßrind-Pokémon'),(626,7,'Bouffalant','Pokémon Torocabezazo'),(626,8,'Bouffalant','Pokémon Sfondatoro'),(626,9,'Bouffalant','Bash Buffalo Pokémon'),(626,11,'バッフロン','ずつきうしポケモン'),(626,12,'爆炸头水牛','头锤牛宝可梦'),(627,1,'ワシボン','ヒナわしポケモン'),(627,3,'수리둥보','새끼독수리포켓몬'),(627,4,'毛頭小鷹','雛鷹寶可夢'),(627,5,'Furaiglon','Pokémon Aiglon'),(627,6,'Geronimatz','Adlerküken-Pokémon'),(627,7,'Rufflet','Pokémon Aguilucho'),(627,8,'Rufflet','Pokémon Aquilotto'),(627,9,'Rufflet','Eaglet Pokémon'),(627,11,'ワシボン','ヒナわしポケモン'),(627,12,'毛头小鹰','雏鹰宝可梦'),(628,1,'ウォーグル','ゆうもうポケモン'),(628,3,'워글','용맹포켓몬'),(628,4,'勇士雄鷹','勇猛寶可夢'),(628,5,'Gueriaigle','Pokémon Vaillant'),(628,6,'Washakwil','Kühnheits-Pokémon'),(628,7,'Braviary','Pokémon Aguerrido'),(628,8,'Braviary','Pokémon Baldanza'),(628,9,'Braviary','Valiant Pokémon'),(628,11,'ウォーグル','ゆうもうポケモン'),(628,12,'勇士雄鹰','勇猛宝可梦'),(629,1,'バルチャイ','おむつポケモン'),(629,3,'벌차이','기저귀포켓몬'),(629,4,'禿鷹丫頭','尿布寶可夢'),(629,5,'Vostourno','Pokémon Couche'),(629,6,'Skallyk','Windel-Pokémon'),(629,7,'Vullaby','Pokémon Pañal'),(629,8,'Vullaby','Pokémon Pannolino'),(629,9,'Vullaby','Diapered Pokémon'),(629,11,'バルチャイ','おむつポケモン'),(629,12,'秃鹰丫头','尿布宝可梦'),(630,1,'バルジーナ','ほねわしポケモン'),(630,3,'버랜지나','뼈독수리포켓몬'),(630,4,'禿鷹娜','骨鷹寶可夢'),(630,5,'Vaututrice','Pokémon Vostour'),(630,6,'Grypheldis','Knochenadler-Pokémon'),(630,7,'Mandibuzz','Pokémon Buitre Hueso'),(630,8,'Mandibuzz','Pokémon Ossaquila'),(630,9,'Mandibuzz','Bone Vulture Pokémon'),(630,11,'バルジーナ','ほねわしポケモン'),(630,12,'秃鹰娜','骨鹰宝可梦'),(631,1,'クイタラン','アリクイポケモン'),(631,3,'앤티골','개미핥기포켓몬'),(631,4,'熔蟻獸','食蟻獸寶可夢'),(631,5,'Aflamanoir','Pokémon Tamanoir'),(631,6,'Furnifraß','Ameisenbären-Pokémon'),(631,7,'Heatmor','Pokémon Hormiguero'),(631,8,'Heatmor','Pokémon Formichiere'),(631,9,'Heatmor','Anteater Pokémon'),(631,11,'クイタラン','アリクイポケモン'),(631,12,'熔蚁兽','食蚁兽宝可梦'),(632,1,'アイアント','てつアリポケモン'),(632,3,'아이앤트','철개미포켓몬'),(632,4,'鐵蟻','鐵蟻寶可夢'),(632,5,'Fermite','Pokémon Fourmi Dure'),(632,6,'Fermicula','Eisenameisen-Pokémon'),(632,7,'Durant','Pokémon Hormigacero'),(632,8,'Durant','Pokémon Ferformica'),(632,9,'Durant','Iron Ant Pokémon'),(632,11,'アイアント','てつアリポケモン'),(632,12,'铁蚁','铁蚁宝可梦'),(633,1,'モノズ','そぼうポケモン'),(633,3,'모노두','폭거포켓몬'),(633,4,'單首龍','粗魯寶可夢'),(633,5,'Solochi','Pokémon Rude'),(633,6,'Kapuno','Haudrauf-Pokémon'),(633,7,'Deino','Pokémon Tosco'),(633,8,'Deino','Pokémon Impeto'),(633,9,'Deino','Irate Pokémon'),(633,11,'モノズ','そぼうポケモン'),(633,12,'单首龙','粗鲁宝可梦'),(634,1,'ジヘッド','らんぼうポケモン'),(634,3,'디헤드','흉포포켓몬'),(634,4,'雙首暴龍','粗暴寶可夢'),(634,5,'Diamat','Pokémon Violent'),(634,6,'Duodino','Grobheits-Pokémon'),(634,7,'Zweilous','Pokémon Violento'),(634,8,'Zweilous','Pokémon Irruenza'),(634,9,'Zweilous','Hostile Pokémon'),(634,11,'ジヘッド','らんぼうポケモン'),(634,12,'双首暴龙','粗暴宝可梦'),(635,1,'サザンドラ','きょうぼうポケモン'),(635,3,'삼삼드래','난폭포켓몬'),(635,4,'三首惡龍','凶暴寶可夢'),(635,5,'Trioxhydre','Pokémon Brutal'),(635,6,'Trikephalo','Brutal-Pokémon'),(635,7,'Hydreigon','Pokémon Voraz'),(635,8,'Hydreigon','Pokémon Brutale'),(635,9,'Hydreigon','Brutal Pokémon'),(635,11,'サザンドラ','きょうぼうポケモン'),(635,12,'三首恶龙','凶暴宝可梦'),(636,1,'メラルバ','たいまつポケモン'),(636,3,'활화르바','횃불포켓몬'),(636,4,'燃燒蟲','火炬寶可夢'),(636,5,'Pyronille','Pokémon Torche'),(636,6,'Ignivor','Fackel-Pokémon'),(636,7,'Larvesta','Pokémon Antorcha'),(636,8,'Larvesta','Pokémon Torcia'),(636,9,'Larvesta','Torch Pokémon'),(636,11,'メラルバ','たいまつポケモン'),(636,12,'燃烧虫','火炬宝可梦'),(637,1,'ウルガモス','たいようポケモン'),(637,3,'불카모스','태양포켓몬'),(637,4,'火神蛾','太陽寶可夢'),(637,5,'Pyrax','Pokémon Soleil'),(637,6,'Ramoth','Sonnen-Pokémon'),(637,7,'Volcarona','Pokémon Sol'),(637,8,'Volcarona','Pokémon Sole'),(637,9,'Volcarona','Sun Pokémon'),(637,11,'ウルガモス','たいようポケモン'),(637,12,'火神蛾','太阳宝可梦'),(638,1,'コバルオン','てっしんポケモン'),(638,3,'코바르온','철심포켓몬'),(638,4,'勾帕路翁','鐵心寶可夢'),(638,5,'Cobaltium','Pokémon Cœur de Fer'),(638,6,'Kobalium','Eisenkern-Pokémon'),(638,7,'Cobalion','Pokémon Tesón Acero'),(638,8,'Cobalion','Pokémon Metalcuore'),(638,9,'Cobalion','Iron Will Pokémon'),(638,11,'コバルオン','てっしんポケモン'),(638,12,'勾帕路翁','铁心宝可梦'),(639,1,'テラキオン','がんくつポケモン'),(639,3,'테라키온','암굴포켓몬'),(639,4,'代拉基翁','岩窟寶可夢'),(639,5,'Terrakium','Pokémon Grotte'),(639,6,'Terrakium','Felsenhöhlen-Pokémon'),(639,7,'Terrakion','Pokémon Gruta'),(639,8,'Terrakion','Pokémon Caverna'),(639,9,'Terrakion','Cavern Pokémon'),(639,11,'テラキオン','がんくつポケモン'),(639,12,'代拉基翁','岩窟宝可梦'),(640,1,'ビリジオン','そうげんポケモン'),(640,3,'비리디온','초원포켓몬'),(640,4,'畢力吉翁','草原寶可夢'),(640,5,'Viridium','Pokémon Plaine Verte'),(640,6,'Viridium','Wiesen-Pokémon'),(640,7,'Virizion','Pokémon Prado'),(640,8,'Virizion','Pokémon Prateria'),(640,9,'Virizion','Grassland Pokémon'),(640,11,'ビリジオン','そうげんポケモン'),(640,12,'毕力吉翁','草原宝可梦'),(641,1,'トルネロス','せんぷうポケモン'),(641,3,'토네로스','선풍포켓몬'),(641,4,'龍捲雲','旋風寶可夢'),(641,5,'Boréas','Pokémon Tornade'),(641,6,'Boreos','Wirbelsturm-Pokémon'),(641,7,'Tornadus','Pokémon Torbellino'),(641,8,'Tornadus','Pokémon Turbinio'),(641,9,'Tornadus','Cyclone Pokémon'),(641,11,'トルネロス','せんぷうポケモン'),(641,12,'龙卷云','旋风宝可梦'),(642,1,'ボルトロス','らいげきポケモン'),(642,3,'볼트로스','뇌격포켓몬'),(642,4,'雷電雲','雷擊寶可夢'),(642,5,'Fulguris','Pokémon Foudroyeur'),(642,6,'Voltolos','Torpedo-Pokémon'),(642,7,'Thundurus','Pokémon Centella'),(642,8,'Thundurus','Pokémon Fulminante'),(642,9,'Thundurus','Bolt Strike Pokémon'),(642,11,'ボルトロス','らいげきポケモン'),(642,12,'雷电云','雷击宝可梦'),(643,1,'レシラム','はくようポケモン'),(643,3,'레시라무','백양포켓몬'),(643,4,'萊希拉姆','白陽寶可夢'),(643,5,'Reshiram','Pokémon Blanc Réel'),(643,6,'Reshiram','Wahres Weiß-Pokémon'),(643,7,'Reshiram','Pokémon Blanco Veraz'),(643,8,'Reshiram','Pokémon Bianco Verità'),(643,9,'Reshiram','Vast White Pokémon'),(643,11,'レシラム','はくようポケモン'),(643,12,'莱希拉姆','白阳宝可梦'),(644,1,'ゼクロム','こくいんポケモン'),(644,3,'제크로무','흑음포켓몬'),(644,4,'捷克羅姆','黑陰寶可夢'),(644,5,'Zekrom','Pokémon Noir Idéal'),(644,6,'Zekrom','Reines Schwarz-Pokémon'),(644,7,'Zekrom','Pokémon Negro Puro'),(644,8,'Zekrom','Pokémon Nero Ideale'),(644,9,'Zekrom','Deep Black Pokémon'),(644,11,'ゼクロム','こくいんポケモン'),(644,12,'捷克罗姆','黑阴宝可梦'),(645,1,'ランドロス','ほうじょうポケモン'),(645,3,'랜드로스','풍요포켓몬'),(645,4,'土地雲','豐饒寶可夢'),(645,5,'Démétéros','Pokémon Fertilité'),(645,6,'Demeteros','Reichtums-Pokémon'),(645,7,'Landorus','Pokémon Fertilidad'),(645,8,'Landorus','Pokémon Fertilità'),(645,9,'Landorus','Abundance Pokémon'),(645,11,'ランドロス','ほうじょうポケモン'),(645,12,'土地云','丰饶宝可梦'),(646,1,'キュレム','きょうかいポケモン'),(646,3,'큐레무','경계포켓몬'),(646,4,'酋雷姆','境界寶可夢'),(646,5,'Kyurem','Pokémon Frontière'),(646,6,'Kyurem','Schwellen-Pokémon'),(646,7,'Kyurem','Pokémon Frontera'),(646,8,'Kyurem','Pokémon Confine'),(646,9,'Kyurem','Boundary Pokémon'),(646,11,'キュレム','きょうかいポケモン'),(646,12,'酋雷姆','境界宝可梦'),(647,1,'ケルディオ','わかごまポケモン'),(647,3,'케르디오','망아지포켓몬'),(647,4,'凱路迪歐','幼馬寶可夢'),(647,5,'Keldeo','Pokémon Poulain'),(647,6,'Keldeo','Fohlen-Pokémon'),(647,7,'Keldeo','Pokémon Potro'),(647,8,'Keldeo','Pokémon Puledro'),(647,9,'Keldeo','Colt Pokémon'),(647,11,'ケルディオ','わかごまポケモン'),(647,12,'凯路迪欧','幼马宝可梦'),(648,1,'メロエッタ','せんりつポケモン'),(648,3,'메로엣타','선율포켓몬'),(648,4,'美洛耶塔','旋律寶可夢'),(648,5,'Meloetta','Pokémon Mélodie'),(648,6,'Meloetta','Melodie'),(648,7,'Meloetta','Pokémon Melodía'),(648,8,'Meloetta','Pokémon Melodia'),(648,9,'Meloetta','Melody Pokémon'),(648,11,'メロエッタ','せんりつポケモン'),(648,12,'美洛耶塔','旋律宝可梦'),(649,1,'ゲノセクト','こせいだいポケモン'),(649,3,'게노세크트','고생대포켓몬'),(649,4,'蓋諾賽克特','古生代寶可夢'),(649,5,'Genesect','Pokémon Paléozoïque'),(649,6,'Genesect','Paläozoikums-Pokémon'),(649,7,'Genesect','Pokémon Paleozoico'),(649,8,'Genesect','Pokémon Paleozoico'),(649,9,'Genesect','Paleozoic Pokémon'),(649,11,'ゲノセクト','こせいだいポケモン'),(649,12,'盖诺赛克特','古生代宝可梦'),(650,1,'ハリマロン','いがぐりポケモン'),(650,3,'도치마론','밤송이포켓몬'),(650,4,'哈力栗','刺栗寶可夢'),(650,5,'Marisson','Pokémon Bogue'),(650,6,'Igamaro','Stachelkopf'),(650,7,'Chespin','Pokémon Erizo'),(650,8,'Chespin','Pokémon Castanriccio'),(650,9,'Chespin','Spiny Nut Pokémon'),(650,11,'ハリマロン','いがぐりポケモン'),(650,12,'哈力栗','刺栗宝可梦'),(651,1,'ハリボーグ','とげよろいポケモン'),(651,3,'도치보구','가시갑옷포켓몬'),(651,4,'胖胖哈力','刺鎧寶可夢'),(651,5,'Boguérisse','Pokémon Épinarmure'),(651,6,'Igastarnish','Spitzpanzer'),(651,7,'Quilladin','Pokémon Corazaespín'),(651,8,'Quilladin','Pokémon Spincorazza'),(651,9,'Quilladin','Spiny Armor Pokémon'),(651,11,'ハリボーグ','とげよろいポケモン'),(651,12,'胖胖哈力','刺铠宝可梦'),(652,1,'ブリガロン','とげよろいポケモン'),(652,3,'브리가론','가시갑옷포켓몬'),(652,4,'布里卡隆','刺鎧寶可夢'),(652,5,'Blindépique','Pokémon Épinarmure'),(652,6,'Brigaron','Spitzpanzer'),(652,7,'Chesnaught','Pokémon Corazaespín'),(652,8,'Chesnaught','Pokémon Spincorazza'),(652,9,'Chesnaught','Spiny Armor Pokémon'),(652,11,'ブリガロン','とげよろいポケモン'),(652,12,'布里卡隆','刺铠宝可梦'),(653,1,'フォッコ','キツネポケモン'),(653,3,'푸호꼬','여우포켓몬'),(653,4,'火狐狸','狐狸寶可夢'),(653,5,'Feunnec','Pokémon Renard'),(653,6,'Fynx','Fuchs'),(653,7,'Fennekin','Pokémon Zorro'),(653,8,'Fennekin','Pokémon Volpe'),(653,9,'Fennekin','Fox Pokémon'),(653,11,'フォッコ','キツネポケモン'),(653,12,'火狐狸','狐狸宝可梦'),(654,1,'テールナー','キツネポケモン'),(654,3,'테르나','여우포켓몬'),(654,4,'長尾火狐','狐狸寶可夢'),(654,5,'Roussil','Pokémon Renard'),(654,6,'Rutena','Fuchs'),(654,7,'Braixen','Pokémon Zorro'),(654,8,'Braixen','Pokémon Volpe'),(654,9,'Braixen','Fox Pokémon'),(654,11,'テールナー','キツネポケモン'),(654,12,'长尾火狐','狐狸宝可梦'),(655,1,'マフォクシー','キツネポケモン'),(655,3,'마폭시','여우포켓몬'),(655,4,'妖火紅狐','狐狸寶可夢'),(655,5,'Goupelin','Pokémon Renard'),(655,6,'Fennexis','Fuchs'),(655,7,'Delphox','Pokémon Zorro'),(655,8,'Delphox','Pokémon Volpe'),(655,9,'Delphox','Fox Pokémon'),(655,11,'マフォクシー','キツネポケモン'),(655,12,'妖火红狐','狐狸宝可梦'),(656,1,'ケロマツ','あわがえるポケモン'),(656,3,'개구마르','거품개구리포켓몬'),(656,4,'呱呱泡蛙','泡蛙寶可夢'),(656,5,'Grenousse','Pokémon Crapobulle'),(656,6,'Froxy','Blubbfrosch'),(656,7,'Froakie','Pokémon Burburrana'),(656,8,'Froakie','Pokémon Schiumorana'),(656,9,'Froakie','Bubble Frog Pokémon'),(656,11,'ケロマツ','あわがえるポケモン'),(656,12,'呱呱泡蛙','泡蛙宝可梦'),(657,1,'ゲコガシラ','あわがえるポケモン'),(657,3,'개굴반장','거품개구리포켓몬'),(657,4,'呱頭蛙','泡蛙寶可夢'),(657,5,'Croâporal','Pokémon Crapobulle'),(657,6,'Amphizel','Blubbfrosch'),(657,7,'Frogadier','Pokémon Burburrana'),(657,8,'Frogadier','Pokémon Schiumorana'),(657,9,'Frogadier','Bubble Frog Pokémon'),(657,11,'ゲコガシラ','あわがえるポケモン'),(657,12,'呱头蛙','泡蛙宝可梦'),(658,1,'ゲッコウガ','しのびポケモン'),(658,3,'개굴닌자','시노비포켓몬'),(658,4,'甲賀忍蛙','忍者寶可夢'),(658,5,'Amphinobi','Pokémon Ninja'),(658,6,'Quajutsu','Ninja'),(658,7,'Greninja','Pokémon Ninja'),(658,8,'Greninja','Pokémon Ninja'),(658,9,'Greninja','Ninja Pokémon'),(658,11,'ゲッコウガ','しのびポケモン'),(658,12,'甲贺忍蛙','忍者宝可梦'),(659,1,'ホルビー','あなほりポケモン'),(659,3,'파르빗','땅구멍파기포켓몬'),(659,4,'掘掘兔','挖洞寶可夢'),(659,5,'Sapereau','Pokémon Fouisseur'),(659,6,'Scoppel','Baugräber-Pokémon'),(659,7,'Bunnelby','Pokémon Excavador'),(659,8,'Bunnelby','Pokémon Scavabuche'),(659,9,'Bunnelby','Digging Pokémon'),(659,11,'ホルビー','あなほりポケモン'),(659,12,'掘掘兔','挖洞宝可梦'),(660,1,'ホルード','あなほりポケモン'),(660,3,'파르토','땅구멍파기포켓몬'),(660,4,'掘地兔','挖洞寶可夢'),(660,5,'Excavarenne','Pokémon Fouisseur'),(660,6,'Grebbit','Baugräber-Pokémon'),(660,7,'Diggersby','Pokémon Excavador'),(660,8,'Diggersby','Pokémon Scavabuche'),(660,9,'Diggersby','Digging Pokémon'),(660,11,'ホルード','あなほりポケモン'),(660,12,'掘地兔','挖洞宝可梦'),(661,1,'ヤヤコマ','コマドリポケモン'),(661,3,'화살꼬빈','울새포켓몬'),(661,4,'小箭雀','知更鳥寶可夢'),(661,5,'Passerouge','Pokémon Rougegorge'),(661,6,'Dartiri','Rotkehlchen-Pokémon'),(661,7,'Fletchling','Pokémon Petirrojo'),(661,8,'Fletchling','Pokémon Pettirosso'),(661,9,'Fletchling','Tiny Robin Pokémon'),(661,11,'ヤヤコマ','コマドリポケモン'),(661,12,'小箭雀','知更鸟宝可梦'),(662,1,'ヒノヤコマ','ひのこポケモン'),(662,3,'불화살빈','불티포켓몬'),(662,4,'火箭雀','火花寶可夢'),(662,5,'Braisillon','Pokémon Braise'),(662,6,'Dartignis','Funkenregen-Pokémon'),(662,7,'Fletchinder','Pokémon Lumbre'),(662,8,'Fletchinder','Pokémon Sfavillante'),(662,9,'Fletchinder','Ember Pokémon'),(662,11,'ヒノヤコマ','ひのこポケモン'),(662,12,'火箭雀','火花宝可梦'),(663,1,'ファイアロー','れっかポケモン'),(663,3,'파이어로','열화포켓몬'),(663,4,'烈箭鷹','烈火寶可夢'),(663,5,'Flambusard','Pokémon Fournaise'),(663,6,'Fiaro','Stichflammen-Pokémon'),(663,7,'Talonflame','Pokémon Flamígero'),(663,8,'Talonflame','Pokémon Ardifiamma'),(663,9,'Talonflame','Scorching Pokémon'),(663,11,'ファイアロー','れっかポケモン'),(663,12,'烈箭鹰','烈火宝可梦'),(664,1,'コフキムシ','こなふきポケモン'),(664,3,'분이벌레','가루뿜기포켓몬'),(664,4,'粉蝶蟲','噴粉寶可夢'),(664,5,'Lépidonille','Pokémon Exhalécaille'),(664,6,'Purmel','Puderinsekt'),(664,7,'Scatterbug','Pokémon Tiraescamas'),(664,8,'Scatterbug','Pokémon Tirascaglie'),(664,9,'Scatterbug','Scatterdust Pokémon'),(664,11,'コフキムシ','こなふきポケモン'),(664,12,'粉蝶虫','喷粉宝可梦'),(665,1,'コフーライ','こなふきポケモン'),(665,3,'분떠도리','가루뿜기포켓몬'),(665,4,'粉蝶蛹','噴粉寶可夢'),(665,5,'Pérégrain','Pokémon Exhalécaille'),(665,6,'Puponcho','Puderinsekt'),(665,7,'Spewpa','Pokémon Tiraescamas'),(665,8,'Spewpa','Pokémon Tirascaglie'),(665,9,'Spewpa','Scatterdust Pokémon'),(665,11,'コフーライ','こなふきポケモン'),(665,12,'粉蝶蛹','喷粉宝可梦'),(666,1,'ビビヨン','りんぷんポケモン'),(666,3,'비비용','인분포켓몬'),(666,4,'彩粉蝶','鱗粉寶可夢'),(666,5,'Prismillon','Pokémon Lépidécaille'),(666,6,'Vivillon','Flügelstaub'),(666,7,'Vivillon','Pokémon Escamaposa'),(666,8,'Vivillon','Pokémon Farfascaglia'),(666,9,'Vivillon','Scale Pokémon'),(666,11,'ビビヨン','りんぷんポケモン'),(666,12,'彩粉蝶','鳞粉宝可梦'),(667,1,'シシコ','わかじしポケモン'),(667,3,'레오꼬','어린사자포켓몬'),(667,4,'小獅獅','幼獅寶可夢'),(667,5,'Hélionceau','Pokémon Lionceau'),(667,6,'Leufeo','Junglöwe'),(667,7,'Litleo','Pokémon Leoncito'),(667,8,'Litleo','Pokémon Leoncino'),(667,9,'Litleo','Lion Cub Pokémon'),(667,11,'シシコ','わかじしポケモン'),(667,12,'小狮狮','幼狮宝可梦'),(668,1,'カエンジシ','おうじゃポケモン'),(668,3,'화염레오','임금포켓몬'),(668,4,'火炎獅','王者寶可夢'),(668,5,'Némélios','Pokémon Royal'),(668,6,'Pyroleo','Monarch'),(668,7,'Pyroar','Pokémon Regio'),(668,8,'Pyroar','Pokémon Reale'),(668,9,'Pyroar','Royal Pokémon'),(668,11,'カエンジシ','おうじゃポケモン'),(668,12,'火炎狮','王者宝可梦'),(669,1,'フラベベ','いちりんポケモン'),(669,3,'플라베베','한송이포켓몬'),(669,4,'花蓓蓓','單朵寶可夢'),(669,5,'Flabébé','Pokémon Uniflore'),(669,6,'Flabébé','Einblütler'),(669,7,'Flabébé','Pokémon Monoflor'),(669,8,'Flabébé','Pokémon Monofiore'),(669,9,'Flabébé','Single Bloom Pokémon'),(669,11,'フラベベ','いちりんポケモン'),(669,12,'花蓓蓓','单朵宝可梦'),(670,1,'フラエッテ','いちりんポケモン'),(670,3,'플라엣테','한송이포켓몬'),(670,4,'花葉蒂','單朵寶可夢'),(670,5,'Floette','Pokémon Uniflore'),(670,6,'Floette','Einblütler'),(670,7,'Floette','Pokémon Monoflor'),(670,8,'Floette','Pokémon Monofiore'),(670,9,'Floette','Single Bloom Pokémon'),(670,11,'フラエッテ','いちりんポケモン'),(670,12,'花叶蒂','单朵宝可梦'),(671,1,'フラージェス','ガーデンポケモン'),(671,3,'플라제스','가든포켓몬'),(671,4,'花潔夫人','花園寶可夢'),(671,5,'Florges','Pokémon Jardin'),(671,6,'Florges','Garten'),(671,7,'Florges','Pokémon Jardín'),(671,8,'Florges','Pokémon Giardino'),(671,9,'Florges','Garden Pokémon'),(671,11,'フラージェス','ガーデンポケモン'),(671,12,'花洁夫人','花园宝可梦'),(672,1,'メェークル','ライドポケモン'),(672,3,'메이클','라이드포켓몬'),(672,4,'坐騎小羊','坐騎寶可夢'),(672,5,'Cabriolaine','Pokémon Monture'),(672,6,'Mähikel','Ritt'),(672,7,'Skiddo','Pokémon Montura'),(672,8,'Skiddo','Pokémon Cavalcatura'),(672,9,'Skiddo','Mount Pokémon'),(672,11,'メェークル','ライドポケモン'),(672,12,'坐骑小羊','坐骑宝可梦'),(673,1,'ゴーゴート','ライドポケモン'),(673,3,'고고트','라이드포켓몬'),(673,4,'坐騎山羊','坐騎寶可夢'),(673,5,'Chevroum','Pokémon Monture'),(673,6,'Chevrumm','Ritt'),(673,7,'Gogoat','Pokémon Montura'),(673,8,'Gogoat','Pokémon Cavalcatura'),(673,9,'Gogoat','Mount Pokémon'),(673,11,'ゴーゴート','ライドポケモン'),(673,12,'坐骑山羊','坐骑宝可梦'),(674,1,'ヤンチャム','やんちゃポケモン'),(674,3,'판짱','개구쟁이포켓몬'),(674,4,'頑皮熊貓','頑皮寶可夢'),(674,5,'Pandespiègle','Pokémon Garnement'),(674,6,'Pam-Pam','Verspielt-Pokémon'),(674,7,'Pancham','Pokémon Juguetón'),(674,8,'Pancham','Pokémon Briccone'),(674,9,'Pancham','Playful Pokémon'),(674,11,'ヤンチャム','やんちゃポケモン'),(674,12,'顽皮熊猫','顽皮宝可梦'),(675,1,'ゴロンダ','こわもてポケモン'),(675,3,'부란다','무서운얼굴포켓몬'),(675,4,'流氓熊貓','惡顏寶可夢'),(675,5,'Pandarbare','Pokémon Patibulaire'),(675,6,'Pandagro','Gaunerblick-Pokémon'),(675,7,'Pangoro','Pokémon Rostro Fiero'),(675,8,'Pangoro','Pokémon Occhiotruce'),(675,9,'Pangoro','Daunting Pokémon'),(675,11,'ゴロンダ','こわもてポケモン'),(675,12,'霸道熊猫','恶颜宝可梦'),(676,1,'トリミアン','プードルポケモン'),(676,3,'트리미앙','푸들포켓몬'),(676,4,'多麗米亞','貴賓犬寶可夢'),(676,5,'Couafarel','Pokémon Caniche'),(676,6,'Coiffwaff','Pudel'),(676,7,'Furfrou','Pokémon Caniche'),(676,8,'Furfrou','Pokémon Barboncino'),(676,9,'Furfrou','Poodle Pokémon'),(676,11,'トリミアン','プードルポケモン'),(676,12,'多丽米亚','贵宾犬宝可梦'),(677,1,'ニャスパー','じせいポケモン'),(677,3,'냐스퍼','자제포켓몬'),(677,4,'妙喵','自制寶可夢'),(677,5,'Psystigri','Pokémon Retenue'),(677,6,'Psiau','Zügelungs-Pokémon'),(677,7,'Espurr','Pokémon Moderación'),(677,8,'Espurr','Pokémon Moderazione'),(677,9,'Espurr','Restraint Pokémon'),(677,11,'ニャスパー','じせいポケモン'),(677,12,'妙喵','自制宝可梦'),(678,1,'ニャオニクス','よくせいポケモン'),(678,3,'냐오닉스','억제포켓몬'),(678,4,'超能妙喵','抑制寶可夢'),(678,5,'Mistigrix','Pokémon SelfContrôle'),(678,6,'Psiaugon','Fassungs-Pokémon'),(678,7,'Meowstic','Pokémon Autocontrol'),(678,8,'Meowstic','Pokémon Temperanza'),(678,9,'Meowstic','Constraint Pokémon'),(678,11,'ニャオニクス','よくせいポケモン'),(678,12,'超能妙喵','抑制宝可梦'),(679,1,'ヒトツキ','とうけんポケモン'),(679,3,'단칼빙','도검포켓몬'),(679,4,'獨劍鞘','刀劍寶可夢'),(679,5,'Monorpale','Pokémon Glaive'),(679,6,'Gramokles','Klingenkraft-Pokémon'),(679,7,'Honedge','Pokémon Tizona'),(679,8,'Honedge','Pokémon Armabianca'),(679,9,'Honedge','Sword Pokémon'),(679,11,'ヒトツキ','とうけんポケモン'),(679,12,'独剑鞘','刀剑宝可梦'),(680,1,'ニダンギル','とうけんポケモン'),(680,3,'쌍검킬','도검포켓몬'),(680,4,'雙劍鞘','刀劍寶可夢'),(680,5,'Dimoclès','Pokémon Glaive'),(680,6,'Duokles','Klingenkraft-Pokémon'),(680,7,'Doublade','Pokémon Tizona'),(680,8,'Doublade','Pokémon Armabianca'),(680,9,'Doublade','Sword Pokémon'),(680,11,'ニダンギル','とうけんポケモン'),(680,12,'双剑鞘','刀剑宝可梦'),(681,1,'ギルガルド','おうけんポケモン'),(681,3,'킬가르도','왕검포켓몬'),(681,4,'堅盾劍怪','王劍寶可夢'),(681,5,'Exagide','Pokémon Noble Lame'),(681,6,'Durengard','Königsklingen-Pokémon'),(681,7,'Aegislash','Pokémon Espada Real'),(681,8,'Aegislash','Pokémon Spadareale'),(681,9,'Aegislash','Royal Sword Pokémon'),(681,11,'ギルガルド','おうけんポケモン'),(681,12,'坚盾剑怪','王剑宝可梦'),(682,1,'シュシュプ','こうすいポケモン'),(682,3,'슈쁘','향수포켓몬'),(682,4,'粉香香','香水寶可夢'),(682,5,'Fluvetin','Pokémon Fragrance'),(682,6,'Parfi','Parfüm-Pokémon'),(682,7,'Spritzee','Pokémon Aroma'),(682,8,'Spritzee','Pokémon Profumo'),(682,9,'Spritzee','Perfume Pokémon'),(682,11,'シュシュプ','こうすいポケモン'),(682,12,'粉香香','香水宝可梦'),(683,1,'フレフワン','ほうこうポケモン'),(683,3,'프레프티르','방향포켓몬'),(683,4,'芳香精','芳香寶可夢'),(683,5,'Cocotine','Pokémon Parfum'),(683,6,'Parfinesse','Duft-Pokémon'),(683,7,'Aromatisse','Pokémon Fragancia'),(683,8,'Aromatisse','Pokémon Fragranza'),(683,9,'Aromatisse','Fragrance Pokémon'),(683,11,'フレフワン','ほうこうポケモン'),(683,12,'芳香精','芳香宝可梦'),(684,1,'ペロッパフ','わたあめポケモン'),(684,3,'나룸퍼프','솜사탕포켓몬'),(684,4,'綿綿泡芙','棉花糖寶可夢'),(684,5,'Sucroquin','Pokémon Confiserie'),(684,6,'Flauschling','Zuckerwatte-Pokémon'),(684,7,'Swirlix','Pokémon Chuchería'),(684,8,'Swirlix','Pokémon Zuccherino'),(684,9,'Swirlix','Cotton Candy Pokémon'),(684,11,'ペロッパフ','わたあめポケモン'),(684,12,'绵绵泡芙','棉花糖宝可梦'),(685,1,'ペロリーム','ホイップポケモン'),(685,3,'나루림','휩포켓몬'),(685,4,'胖甜妮','泡沫奶油寶可夢'),(685,5,'Cupcanaille','Pokémon Mousseline'),(685,6,'Sabbaione','Schlagsahne-Pokémon'),(685,7,'Slurpuff','Pokémon Nata'),(685,8,'Slurpuff','Pokémon Panna'),(685,9,'Slurpuff','Meringue Pokémon'),(685,11,'ペロリーム','ホイップポケモン'),(685,12,'胖甜妮','泡沫奶油宝可梦'),(686,1,'マーイーカ','かいてんポケモン'),(686,3,'오케이징','회전포켓몬'),(686,4,'好啦魷','回轉寶可夢'),(686,5,'Sepiatop','Pokémon Rotation'),(686,6,'Iscalar','Rotations-Pokémon'),(686,7,'Inkay','Pokémon Rotación'),(686,8,'Inkay','Pokémon Volteggio'),(686,9,'Inkay','Revolving Pokémon'),(686,11,'マーイーカ','かいてんポケモン'),(686,12,'好啦鱿','回转宝可梦'),(687,1,'カラマネロ','ぎゃくてんポケモン'),(687,3,'칼라마네로','역전포켓몬'),(687,4,'烏賊王','倒轉寶可夢'),(687,5,'Sepiatroce','Pokémon Révolution'),(687,6,'Calamanero','Inversions-Pokémon'),(687,7,'Malamar','Pokémon Revolución'),(687,8,'Malamar','Pokémon Giravolta'),(687,9,'Malamar','Overturning Pokémon'),(687,11,'カラマネロ','ぎゃくてんポケモン'),(687,12,'乌贼王','倒转宝可梦'),(688,1,'カメテテ','ふたてポケモン'),(688,3,'거북손손','두손포켓몬'),(688,4,'龜腳腳','雙手寶可夢'),(688,5,'Opermine','Pokémon Bimane'),(688,6,'Bithora','Krallenduo-Pokémon'),(688,7,'Binacle','Pokémon Dos Manos'),(688,8,'Binacle','Pokémon Bimano'),(688,9,'Binacle','Two-Handed Pokémon'),(688,11,'カメテテ','ふたてポケモン'),(688,12,'龟脚脚','双手宝可梦'),(689,1,'ガメノデス','しゅうごうポケモン'),(689,3,'거북손데스','집합포켓몬'),(689,4,'龜足巨鎧','集合寶可夢'),(689,5,'Golgopathe','Pokémon Assemblage'),(689,6,'Thanathora','Ballungs-Pokémon'),(689,7,'Barbaracle','Pokémon Combinación'),(689,8,'Barbaracle','Pokémon Aggregato'),(689,9,'Barbaracle','Collective Pokémon'),(689,11,'ガメノデス','しゅうごうポケモン'),(689,12,'龟足巨铠','集合宝可梦'),(690,1,'クズモー','クサモドキポケモン'),(690,3,'수레기','풀모방포켓몬'),(690,4,'垃垃藻','似草寶可夢'),(690,5,'Venalgue','Pokémon Simulalgue'),(690,6,'Algitt','Tangmimikry-Pokémon'),(690,7,'Skrelp','Pokémon Pseudoalga'),(690,8,'Skrelp','Pokémon Similalga'),(690,9,'Skrelp','Mock Kelp Pokémon'),(690,11,'クズモー','クサモドキポケモン'),(690,12,'垃垃藻','似草宝可梦'),(691,1,'ドラミドロ','クサモドキポケモン'),(691,3,'드래캄','풀모방포켓몬'),(691,4,'毒藻龍','似草寶可夢'),(691,5,'Kravarech','Pokémon Simulalgue'),(691,6,'Tandrak','Tangmimikry-Pokémon'),(691,7,'Dragalge','Pokémon Pseudoalga'),(691,8,'Dragalge','Pokémon Similalga'),(691,9,'Dragalge','Mock Kelp Pokémon'),(691,11,'ドラミドロ','クサモドキポケモン'),(691,12,'毒藻龙','似草宝可梦'),(692,1,'ウデッポウ','みずでっぽうポケモン'),(692,3,'완철포','물대포포켓몬'),(692,4,'鐵臂槍蝦','水槍寶可夢'),(692,5,'Flingouste','Pokémon Lance à Eau'),(692,6,'Scampisto','Aquapistolen-Pokémon'),(692,7,'Clauncher','Pokémon Proyectagua'),(692,8,'Clauncher','Pokémon Zampillo'),(692,9,'Clauncher','Water Gun Pokémon'),(692,11,'ウデッポウ','みずでっぽうポケモン'),(692,12,'铁臂枪虾','水枪宝可梦'),(693,1,'ブロスター','ランチャーポケモン'),(693,3,'블로스터','런처포켓몬'),(693,4,'鋼炮臂蝦','發射器寶可夢'),(693,5,'Gamblast','Pokémon Blaster'),(693,6,'Wummer','Aquawummen-Pokémon'),(693,7,'Clawitzer','Pokémon Lanzachorro'),(693,8,'Clawitzer','Pokémon Acqualancio'),(693,9,'Clawitzer','Howitzer Pokémon'),(693,11,'ブロスター','ランチャーポケモン'),(693,12,'钢炮臂虾','发射器宝可梦'),(694,1,'エリキテル','はつでんポケモン'),(694,3,'목도리키텔','발전포켓몬'),(694,4,'傘電蜥','發電寶可夢'),(694,5,'Galvaran','Pokémon Générateur'),(694,6,'Eguana','Generatoren-Pokémon'),(694,7,'Helioptile','Pokémon Generador'),(694,8,'Helioptile','Pokémon Generatore'),(694,9,'Helioptile','Generator Pokémon'),(694,11,'エリキテル','はつでんポケモン'),(694,12,'伞电蜥','发电宝可梦'),(695,1,'エレザード','はつでんポケモン'),(695,3,'일레도리자드','발전포켓몬'),(695,4,'光電傘蜥','發電寶可夢'),(695,5,'Iguolta','Pokémon Générateur'),(695,6,'Elezard','Generatoren-Pokémon'),(695,7,'Heliolisk','Pokémon Generador'),(695,8,'Heliolisk','Pokémon Generatore'),(695,9,'Heliolisk','Generator Pokémon'),(695,11,'エレザード','はつでんポケモン'),(695,12,'光电伞蜥','发电宝可梦'),(696,1,'チゴラス','ようくんポケモン'),(696,3,'티고라스','유군포켓몬'),(696,4,'寶寶暴龍','幼君寶可夢'),(696,5,'Ptyranidur','Pokémon Prince'),(696,6,'Balgoras','Kronprinz-Pokémon'),(696,7,'Tyrunt','Pokémon Heredero'),(696,8,'Tyrunt','Pokémon Principino'),(696,9,'Tyrunt','Royal Heir Pokémon'),(696,11,'チゴラス','ようくんポケモン'),(696,12,'宝宝暴龙','幼君宝可梦'),(697,1,'ガチゴラス','ぼうくんポケモン'),(697,3,'견고라스','폭군포켓몬'),(697,4,'怪顎龍','暴君寶可夢'),(697,5,'Rexillius','Pokémon Tyran'),(697,6,'Monargoras','Tyrannen-Pokémon'),(697,7,'Tyrantrum','Pokémon Tirano'),(697,8,'Tyrantrum','Pokémon Tiranno'),(697,9,'Tyrantrum','Despot Pokémon'),(697,11,'ガチゴラス','ぼうくんポケモン'),(697,12,'怪颚龙','暴君宝可梦'),(698,1,'アマルス','ツンドラポケモン'),(698,3,'아마루스','툰드라포켓몬'),(698,4,'冰雪龍','凍原寶可夢'),(698,5,'Amagara','Pokémon Toundra'),(698,6,'Amarino','Tundra-Pokémon'),(698,7,'Amaura','Pokémon Tundra'),(698,8,'Amaura','Pokémon Tundra'),(698,9,'Amaura','Tundra Pokémon'),(698,11,'アマルス','ツンドラポケモン'),(698,12,'冰雪龙','冻原宝可梦'),(699,1,'アマルルガ','ツンドラポケモン'),(699,3,'아마루르가','툰드라포켓몬'),(699,4,'冰雪巨龍','凍原寶可夢'),(699,5,'Dragmara','Pokémon Toundra'),(699,6,'Amagarga','Tundra-Pokémon'),(699,7,'Aurorus','Pokémon Tundra'),(699,8,'Aurorus','Pokémon Tundra'),(699,9,'Aurorus','Tundra Pokémon'),(699,11,'アマルルガ','ツンドラポケモン'),(699,12,'冰雪巨龙','冻原宝可梦'),(700,1,'ニンフィア','むすびつきポケモン'),(700,3,'님피아','연결포켓몬'),(700,4,'仙子伊布','連結寶可夢'),(700,5,'Nymphali','Pokémon Attachant'),(700,6,'Feelinara','Bindungs-Pokémon'),(700,7,'Sylveon','Pokémon Vínculo'),(700,8,'Sylveon','Pokémon Legame'),(700,9,'Sylveon','Intertwining Pokémon'),(700,11,'ニンフィア','むすびつきポケモン'),(700,12,'仙子伊布','连结宝可梦'),(701,1,'ルチャブル','レスリングポケモン'),(701,3,'루차불','레슬링포켓몬'),(701,4,'摔角鷹人','摔角寶可夢'),(701,5,'Brutalibré','Pokémon Catcheur'),(701,6,'Resladero','Wrestling-Pokémon'),(701,7,'Hawlucha','Pokémon Lucha Libre'),(701,8,'Hawlucha','Pokémon Lottalibera'),(701,9,'Hawlucha','Wrestling Pokémon'),(701,11,'ルチャブル','レスリングポケモン'),(701,12,'摔角鹰人','摔角宝可梦'),(702,1,'デデンネ','アンテナポケモン'),(702,3,'데덴네','안테나포켓몬'),(702,4,'咚咚鼠','天線寶可夢'),(702,5,'Dedenne','Pokémon Antenne'),(702,6,'Dedenne','Antennen-Pokémon'),(702,7,'Dedenne','Pokémon Antenas'),(702,8,'Dedenne','Pokémon Antenna'),(702,9,'Dedenne','Antenna Pokémon'),(702,11,'デデンネ','アンテナポケモン'),(702,12,'咚咚鼠','天线宝可梦'),(703,1,'メレシー','ほうせきポケモン'),(703,3,'멜리시','보석포켓몬'),(703,4,'小碎鑽','寶石寶可夢'),(703,5,'Strassie','Pokémon Joyau'),(703,6,'Rocara','Edelstein-Pokémon'),(703,7,'Carbink','Pokémon Joya'),(703,8,'Carbink','Pokémon Gemma'),(703,9,'Carbink','Jewel Pokémon'),(703,11,'メレシー','ほうせきポケモン'),(703,12,'小碎钻','宝石宝可梦'),(704,1,'ヌメラ','なんたいポケモン'),(704,3,'미끄메라','연체포켓몬'),(704,4,'黏黏寶','軟體生物寶可夢'),(704,5,'Mucuscule','Pokémon Mollusque'),(704,6,'Viscora','Schneckedei-Pokémon'),(704,7,'Goomy','Pokémon Molusco'),(704,8,'Goomy','Pokémon Mollusco'),(704,9,'Goomy','Soft Tissue Pokémon'),(704,11,'ヌメラ','なんたいポケモン'),(704,12,'黏黏宝','软体生物宝可梦'),(705,1,'ヌメイル','なんたいポケモン'),(705,3,'미끄네일','연체포켓몬'),(705,4,'黏美兒','軟體生物寶可夢'),(705,5,'Colimucus','Pokémon Mollusque'),(705,6,'Viscargot','Schneckedei-Pokémon'),(705,7,'Sliggoo','Pokémon Molusco'),(705,8,'Sliggoo','Pokémon Mollusco'),(705,9,'Sliggoo','Soft Tissue Pokémon'),(705,11,'ヌメイル','なんたいポケモン'),(705,12,'黏美儿','软体生物宝可梦'),(706,1,'ヌメルゴン','ドラゴンポケモン'),(706,3,'미끄래곤','드래곤포켓몬'),(706,4,'黏美龍','龍寶可夢'),(706,5,'Muplodocus','Pokémon Dragon'),(706,6,'Viscogon','Drachen-Pokémon'),(706,7,'Goodra','Pokémon Dragón'),(706,8,'Goodra','Pokémon Drago'),(706,9,'Goodra','Dragon Pokémon'),(706,11,'ヌメルゴン','ドラゴンポケモン'),(706,12,'黏美龙','龙宝可梦'),(707,1,'クレッフィ','かぎたばポケモン'),(707,3,'클레피','열쇠꾸러미포켓몬'),(707,4,'鑰圈兒','鑰匙串寶可夢'),(707,5,'Trousselin','Pokémon Trousseau'),(707,6,'Clavion','Schlüssel-Pokémon'),(707,7,'Klefki','Pokémon Llavero'),(707,8,'Klefki','Pokémon Portachiavi'),(707,9,'Klefki','Key Ring Pokémon'),(707,11,'クレッフィ','かぎたばポケモン'),(707,12,'钥圈儿','钥匙串宝可梦'),(708,1,'ボクレー','きりかぶポケモン'),(708,3,'나목령','그루터기포켓몬'),(708,4,'小木靈','樹樁寶可夢'),(708,5,'Brocélôme','Pokémon Souche'),(708,6,'Paragoni','Baumstumpf-Pokémon'),(708,7,'Phantump','Pokémon Tocón'),(708,8,'Phantump','Pokémon Ceppo'),(708,9,'Phantump','Stump Pokémon'),(708,11,'ボクレー','きりかぶポケモン'),(708,12,'小木灵','树桩宝可梦'),(709,1,'オーロット','ろうぼくポケモン'),(709,3,'대로트','고목포켓몬'),(709,4,'朽木妖','老樹寶可夢'),(709,5,'Desséliande','Pokémon Vieillarbre'),(709,6,'Trombork','Urgehölz-Pokémon'),(709,7,'Trevenant','Pokémon Árbol Viejo'),(709,8,'Trevenant','Pokémon Alberantico'),(709,9,'Trevenant','Elder Tree Pokémon'),(709,11,'オーロット','ろうぼくポケモン'),(709,12,'朽木妖','老树宝可梦'),(710,1,'バケッチャ','かぼちゃポケモン'),(710,3,'호바귀','호박포켓몬'),(710,4,'南瓜精','南瓜寶可夢'),(710,5,'Pitrouille','Pokémon Citrouille'),(710,6,'Irrbis','Kürbis-Pokémon'),(710,7,'Pumpkaboo','Pokémon Calabaza'),(710,8,'Pumpkaboo','Pokémon Zucca'),(710,9,'Pumpkaboo','Pumpkin Pokémon'),(710,11,'バケッチャ','かぼちゃポケモン'),(710,12,'南瓜精','南瓜宝可梦'),(711,1,'パンプジン','かぼちゃポケモン'),(711,3,'펌킨인','호박포켓몬'),(711,4,'南瓜怪人','南瓜寶可夢'),(711,5,'Banshitrouye','Pokémon Citrouille'),(711,6,'Pumpdjinn','Kürbis-Pokémon'),(711,7,'Gourgeist','Pokémon Calabaza'),(711,8,'Gourgeist','Pokémon Zucca'),(711,9,'Gourgeist','Pumpkin Pokémon'),(711,11,'パンプジン','かぼちゃポケモン'),(711,12,'南瓜怪人','南瓜宝可梦'),(712,1,'カチコール','ひょうかいポケモン'),(712,3,'꽁어름','얼음덩이포켓몬'),(712,4,'冰寶','冰塊寶可夢'),(712,5,'Grelaçon','Pokémon Glaçon'),(712,6,'Arktip','Eisklumpen-Pokémon'),(712,7,'Bergmite','Pokémon Témpano'),(712,8,'Bergmite','Pokémon Ghiacciolo'),(712,9,'Bergmite','Ice Chunk Pokémon'),(712,11,'カチコール','ひょうかいポケモン'),(712,12,'冰宝','冰块宝可梦'),(713,1,'クレベース','ひょうざんポケモン'),(713,3,'크레베이스','빙산포켓몬'),(713,4,'冰岩怪','冰山寶可夢'),(713,5,'Séracrawl','Pokémon Iceberg'),(713,6,'Arktilas','Eisberg-Pokémon'),(713,7,'Avalugg','Pokémon Iceberg'),(713,8,'Avalugg','Pokémon Iceberg'),(713,9,'Avalugg','Iceberg Pokémon'),(713,11,'クレベース','ひょうざんポケモン'),(713,12,'冰岩怪','冰山宝可梦'),(714,1,'オンバット','おんぱポケモン'),(714,3,'음뱃','음파포켓몬'),(714,4,'嗡蝠','音波寶可夢'),(714,5,'Sonistrelle','Pokémon Ondes'),(714,6,'eF-eM','Schallwellen-Pokémon'),(714,7,'Noibat','Pokémon Onda Sónica'),(714,8,'Noibat','Pokémon Ondasonora'),(714,9,'Noibat','Sound Wave Pokémon'),(714,11,'オンバット','おんぱポケモン'),(714,12,'嗡蝠','音波宝可梦'),(715,1,'オンバーン','おんぱポケモン'),(715,3,'음번','음파포켓몬'),(715,4,'音波龍','音波寶可夢'),(715,5,'Bruyverne','Pokémon Ondes'),(715,6,'UHaFnir','Schallwellen-Pokémon'),(715,7,'Noivern','Pokémon Onda Sónica'),(715,8,'Noivern','Pokémon Ondasonora'),(715,9,'Noivern','Sound Wave Pokémon'),(715,11,'オンバーン','おんぱポケモン'),(715,12,'音波龙','音波宝可梦'),(716,1,'ゼルネアス','せいめいポケモン'),(716,3,'제르네아스','생명포켓몬'),(716,4,'哲爾尼亞斯','生命寶可夢'),(716,5,'Xerneas','Pokémon Existence'),(716,6,'Xerneas','Lebens-Pokémon'),(716,7,'Xerneas','Pokémon Creación'),(716,8,'Xerneas','Pokémon Creazione'),(716,9,'Xerneas','Life Pokémon'),(716,11,'ゼルネアス','せいめいポケモン'),(716,12,'哲尔尼亚斯','生命宝可梦'),(717,1,'イベルタル','はかいポケモン'),(717,3,'이벨타르','파괴포켓몬'),(717,4,'伊裴爾塔爾','破壞寶可夢'),(717,5,'Yveltal','Pokémon Annihilation'),(717,6,'Yveltal','Zerstörungs-Pokémon'),(717,7,'Yveltal','Pokémon Destrucción'),(717,8,'Yveltal','Pokémon Distruzione'),(717,9,'Yveltal','Destruction Pokémon'),(717,11,'イベルタル','はかいポケモン'),(717,12,'伊裴尔塔尔','破坏宝可梦'),(718,1,'ジガルデ','ちつじょポケモン'),(718,3,'지가르데','질서포켓몬'),(718,4,'基格爾德','秩序寶可夢'),(718,5,'Zygarde','Pokémon Équilibre'),(718,6,'Zygarde','Ordnungs-Pokémon'),(718,7,'Zygarde','Pokémon Equilibrio'),(718,8,'Zygarde','Pokémon Equilibrio'),(718,9,'Zygarde','Order Pokémon'),(718,11,'ジガルデ','ちつじょポケモン'),(718,12,'基格尔德','秩序宝可梦'),(719,1,'ディアンシー','ほうせきポケモン'),(719,3,'디안시','보석포켓몬'),(719,4,'蒂安希','寶石寶可夢'),(719,5,'Diancie','Pokémon Joyau'),(719,6,'Diancie','Edelstein-Pokémon'),(719,7,'Diancie','Pokémon Joya'),(719,8,'Diancie','Pokémon Gemma'),(719,9,'Diancie','Jewel Pokémon'),(719,11,'ディアンシー','ほうせきポケモン'),(719,12,'蒂安希','宝石宝可梦'),(720,1,'フーパ','いたずらポケモン'),(720,3,'후파','장난포켓몬'),(720,4,'胡帕','頑童寶可夢'),(720,5,'Hoopa','Pokémon Chenapan'),(720,6,'Hoopa','Schabernack'),(720,7,'Hoopa','Pokémon Travesura'),(720,8,'Hoopa','Pokémon Birba'),(720,9,'Hoopa','Mischief Pokémon'),(720,11,'フーパ','いたずらポケモン'),(720,12,'胡帕','顽童宝可梦'),(721,1,'ボルケニオン','スチームポケモン'),(721,3,'볼케니온','스팀포켓몬'),(721,4,'波爾凱尼恩','蒸汽寶可夢'),(721,5,'Volcanion','Pokémon Vapeur'),(721,6,'Volcanion','Dampf-Pokémon'),(721,7,'Volcanion','Pokémon Vapor'),(721,8,'Volcanion','Pokémon Vapore'),(721,9,'Volcanion','Steam Pokémon'),(721,11,'ボルケニオン','スチームポケモン'),(721,12,'波尔凯尼恩','蒸汽宝可梦'),(722,1,'モクロー','くさばねポケモン'),(722,3,'나몰빼미','풀깃포켓몬'),(722,4,'木木梟','草羽寶可夢'),(722,5,'Brindibou','Pokémon Plumefeuille'),(722,6,'Bauz','Laubflügel-Pokémon'),(722,7,'Rowlet','Pokémon Pluma Hoja'),(722,8,'Rowlet','Pokémon Aliderba'),(722,9,'Rowlet','Grass Quill Pokémon'),(722,11,'モクロー','くさばねポケモン'),(722,12,'木木枭','草羽宝可梦'),(723,1,'フクスロー','はばねポケモン'),(723,3,'빼미스로우','칼날깃포켓몬'),(723,4,'投羽梟','刃羽寶可夢'),(723,5,'Efflèche','Pokémon Plum’acérée'),(723,6,'Arboretoss','Flügelklingen-Pokémon'),(723,7,'Dartrix','Pokémon Pluma Filo'),(723,8,'Dartrix','Pokémon Piumaffilata'),(723,9,'Dartrix','Blade Quill Pokémon'),(723,11,'フクスロー','はばねポケモン'),(723,12,'投羽枭','刃羽宝可梦'),(724,1,'ジュナイパー','やばねポケモン'),(724,3,'모크나이퍼','화살깃포켓몬'),(724,4,'狙射樹梟','箭羽寶可夢'),(724,5,'Archéduc','Pokémon Plumeflèche'),(724,6,'Silvarro','Pfeilflügel-Pokémon'),(724,7,'Decidueye','Pokémon Pluma Flecha'),(724,8,'Decidueye','Pokémon Alifreccia'),(724,9,'Decidueye','Arrow Quill Pokémon'),(724,11,'ジュナイパー','やばねポケモン'),(724,12,'狙射树枭','箭羽宝可梦'),(725,1,'ニャビー','ひねこポケモン'),(725,3,'냐오불','불고양이포켓몬'),(725,4,'火斑喵','火貓寶可夢'),(725,5,'Flamiaou','Pokémon Chat Feu'),(725,6,'Flamiau','Feuerkatzen-Pokémon'),(725,7,'Litten','Pokémon Gato Fuego'),(725,8,'Litten','Pokémon Pirofelino'),(725,9,'Litten','Fire Cat Pokémon'),(725,11,'ニャビー','ひねこポケモン'),(725,12,'火斑喵','火猫宝可梦'),(726,1,'ニャヒート','ひねこポケモン'),(726,3,'냐오히트','불고양이포켓몬'),(726,4,'炎熱喵','火貓寶可夢'),(726,5,'Matoufeu','Pokémon Chat Feu'),(726,6,'Miezunder','Feuerkatzen-Pokémon'),(726,7,'Torracat','Pokémon Gato Fuego'),(726,8,'Torracat','Pokémon Pirofelino'),(726,9,'Torracat','Fire Cat Pokémon'),(726,11,'ニャヒート','ひねこポケモン'),(726,12,'炎热喵','火猫宝可梦'),(727,1,'ガオガエン','ヒールポケモン'),(727,3,'어흥염','힐포켓몬'),(727,4,'熾焰咆哮虎','反派寶可夢'),(727,5,'Félinferno','Pokémon Vil Catcheur'),(727,6,'Fuegro','Fieslings-Pokémon'),(727,7,'Incineroar','Pokémon Rudo'),(727,8,'Incineroar','Pokémon Colpibassi'),(727,9,'Incineroar','Heel Pokémon'),(727,11,'ガオガエン','ヒールポケモン'),(727,12,'炽焰咆哮虎','反派宝可梦'),(728,1,'アシマリ','あしかポケモン'),(728,3,'누리공','강치포켓몬'),(728,4,'球球海獅','海獅寶可夢'),(728,5,'Otaquin','Pokémon Otarie'),(728,6,'Robball','Seehund-Pokémon'),(728,7,'Popplio','Pokémon León Marino'),(728,8,'Popplio','Pokémon Otaria'),(728,9,'Popplio','Sea Lion Pokémon'),(728,11,'アシマリ','あしかポケモン'),(728,12,'球球海狮','海狮宝可梦'),(729,1,'オシャマリ','アイドルポケモン'),(729,3,'키요공','아이돌포켓몬'),(729,4,'花漾海獅','偶像寶可夢'),(729,5,'Otarlette','Pokémon Starlette'),(729,6,'Marikeck','Popsternchen-Pokémon'),(729,7,'Brionne','Pokémon Fama'),(729,8,'Brionne','Pokémon Pop Star'),(729,9,'Brionne','Pop Star Pokémon'),(729,11,'オシャマリ','アイドルポケモン'),(729,12,'花漾海狮','偶像宝可梦'),(730,1,'アシレーヌ','ソリストポケモン'),(730,3,'누리레느','솔리스트포켓몬'),(730,4,'西獅海壬','獨唱者寶可夢'),(730,5,'Oratoria','Pokémon Soliste'),(730,6,'Primarene','Solisten-Pokémon'),(730,7,'Primarina','Pokémon Solista'),(730,8,'Primarina','Pokémon Solista'),(730,9,'Primarina','Soloist Pokémon'),(730,11,'アシレーヌ','ソリストポケモン'),(730,12,'西狮海壬','独唱者宝可梦'),(731,1,'ツツケラ','きつつきポケモン'),(731,3,'콕코구리','딱따구리포켓몬'),(731,4,'小篤兒','啄木鳥寶可夢'),(731,5,'Picassaut','Pokémon Pivert'),(731,6,'Peppeck','Specht'),(731,7,'Pikipek','Pokémon Carpintero'),(731,8,'Pikipek','Pokémon Picchio'),(731,9,'Pikipek','Woodpecker Pokémon'),(731,11,'ツツケラ','きつつきポケモン'),(731,12,'小笃儿','啄木鸟宝可梦'),(732,1,'ケララッパ','ラッパぐちポケモン'),(732,3,'크라파','나팔입포켓몬'),(732,4,'喇叭啄鳥','喇叭喙寶可夢'),(732,5,'Piclairon','Pokémon Bec Clairon'),(732,6,'Trompeck','Trompete'),(732,7,'Trumbeak','Pokémon Trompeta'),(732,8,'Trumbeak','Pokémon Trombecco'),(732,9,'Trumbeak','Bugle Beak Pokémon'),(732,11,'ケララッパ','ラッパぐちポケモン'),(732,12,'喇叭啄鸟','喇叭喙宝可梦'),(733,1,'ドデカバシ','おおづつポケモン'),(733,3,'왕큰부리','대포포켓몬'),(733,4,'銃嘴大鳥','銃炮寶可夢'),(733,5,'Bazoucan','Pokémon Canon'),(733,6,'Tukanon','Kanone'),(733,7,'Toucannon','Pokémon Cañón'),(733,8,'Toucannon','Pokémon Cannone'),(733,9,'Toucannon','Cannon Pokémon'),(733,11,'ドデカバシ','おおづつポケモン'),(733,12,'铳嘴大鸟','铳炮宝可梦'),(734,1,'ヤングース','うろつきポケモン'),(734,3,'영구스','순회포켓몬'),(734,4,'貓鼬少','巡迴寶可夢'),(734,5,'Manglouton','Pokémon Patrouille'),(734,6,'Mangunior','Patrouille'),(734,7,'Yungoos','Pokémon Patrulla'),(734,8,'Yungoos','Pokémon Pattuglia'),(734,9,'Yungoos','Loitering Pokémon'),(734,11,'ヤングース','うろつきポケモン'),(734,12,'猫鼬少','巡回宝可梦'),(735,1,'デカグース','はりこみポケモン'),(735,3,'형사구스','잠복포켓몬'),(735,4,'貓鼬探長','監視寶可夢'),(735,5,'Argouste','Pokémon Filature'),(735,6,'Manguspektor','Beschattung'),(735,7,'Gumshoos','Pokémon Vigilante'),(735,8,'Gumshoos','Pokémon Sorveglianza'),(735,9,'Gumshoos','Stakeout Pokémon'),(735,11,'デカグース','はりこみポケモン'),(735,12,'猫鼬探长','蹲守宝可梦'),(736,1,'アゴジムシ','ようちゅうポケモン'),(736,3,'턱지충이','유충포켓몬'),(736,4,'強顎雞母蟲','幼蟲寶可夢'),(736,5,'Larvibule','Pokémon Larve'),(736,6,'Mabula','Larven-Pokémon'),(736,7,'Grubbin','Pokémon Pupa'),(736,8,'Grubbin','Pokémon Coleolarva'),(736,9,'Grubbin','Larva Pokémon'),(736,11,'アゴジムシ','ようちゅうポケモン'),(736,12,'强颚鸡母虫','幼虫宝可梦'),(737,1,'デンヂムシ','バッテリーポケモン'),(737,3,'전지충이','배터리포켓몬'),(737,4,'蟲電寶','蓄電池寶可夢'),(737,5,'Chrysapile','Pokémon Batterie'),(737,6,'Akkup','Batterie-Pokémon'),(737,7,'Charjabug','Pokémon Batería'),(737,8,'Charjabug','Pokémon Batteria'),(737,9,'Charjabug','Battery Pokémon'),(737,11,'デンヂムシ','バッテリーポケモン'),(737,12,'虫电宝','蓄电池宝可梦'),(738,1,'クワガノン','くわがたポケモン'),(738,3,'투구뿌논','뿔집게포켓몬'),(738,4,'鍬農炮蟲','鍬形蟲寶可夢'),(738,5,'Lucanon','Pokémon Scarabée'),(738,6,'Donarion','Kneifkäfer-Pokémon'),(738,7,'Vikavolt','Pokémon Escarabajo'),(738,8,'Vikavolt','Pokémon Cervolante'),(738,9,'Vikavolt','Stag Beetle Pokémon'),(738,11,'クワガノン','くわがたポケモン'),(738,12,'锹农炮虫','锹形虫宝可梦'),(739,1,'マケンカニ','けんとうポケモン'),(739,3,'오기지게','권투포켓몬'),(739,4,'好勝蟹','拳鬥寶可夢'),(739,5,'Crabagarre','Pokémon Boxeur'),(739,6,'Krabbox','Boxkampf'),(739,7,'Crabrawler','Pokémon Púgil'),(739,8,'Crabrawler','Pokémon Pugile'),(739,9,'Crabrawler','Boxing Pokémon'),(739,11,'マケンカニ','けんとうポケモン'),(739,12,'好胜蟹','拳斗宝可梦'),(740,1,'ケケンカニ','けがにポケモン'),(740,3,'모단단게','털게포켓몬'),(740,4,'好勝毛蟹','毛蟹寶可夢'),(740,5,'Crabominable','Pokémon Crabe Velu'),(740,6,'Krawell','Fellkrabbe'),(740,7,'Crabominable','Pokémon Cangrejopelo'),(740,8,'Crabominable','Pokémon Peligranchio'),(740,9,'Crabominable','Woolly Crab Pokémon'),(740,11,'ケケンカニ','けがにポケモン'),(740,12,'好胜毛蟹','毛蟹宝可梦'),(741,1,'オドリドリ','ダンスポケモン'),(741,3,'춤추새','댄스포켓몬'),(741,4,'花舞鳥','舞蹈寶可夢'),(741,5,'Plumeline','Pokémon Danse'),(741,6,'Choreogel','Tanz'),(741,7,'Oricorio','Pokémon Danza'),(741,8,'Oricorio','Pokémon Danza'),(741,9,'Oricorio','Dancing Pokémon'),(741,11,'オドリドリ','ダンスポケモン'),(741,12,'花舞鸟','舞蹈宝可梦'),(742,1,'アブリー','ツリアブポケモン'),(742,3,'에블리','재니등에포켓몬'),(742,4,'萌虻','蜂虻寶可夢'),(742,5,'Bombydou','Pokémon Bombyle'),(742,6,'Wommel','Hummelfliegen-Pokémon'),(742,7,'Cutiefly','Pokémon Mosca Abeja'),(742,8,'Cutiefly','Pokémon Bombilide'),(742,9,'Cutiefly','Bee Fly Pokémon'),(742,11,'アブリー','ツリアブポケモン'),(742,12,'萌虻','蜂虻宝可梦'),(743,1,'アブリボン','ツリアブポケモン'),(743,3,'에리본','재니등에포켓몬'),(743,4,'蝶結萌虻','蜂虻寶可夢'),(743,5,'Rubombelle','Pokémon Bombyle'),(743,6,'Bandelby','Hummelfliegen-Pokémon'),(743,7,'Ribombee','Pokémon Mosca Abeja'),(743,8,'Ribombee','Pokémon Bombilide'),(743,9,'Ribombee','Bee Fly Pokémon'),(743,11,'アブリボン','ツリアブポケモン'),(743,12,'蝶结萌虻','蜂虻宝可梦'),(744,1,'イワンコ','こいぬポケモン'),(744,3,'암멍이','강아지포켓몬'),(744,4,'岩狗狗','小狗寶可夢'),(744,5,'Rocabot','Pokémon Chiot'),(744,6,'Wuffels','Welpen-Pokémon'),(744,7,'Rockruff','Pokémon Perrito'),(744,8,'Rockruff','Pokémon Cagnolino'),(744,9,'Rockruff','Puppy Pokémon'),(744,11,'イワンコ','こいぬポケモン'),(744,12,'岩狗狗','小狗宝可梦'),(745,1,'ルガルガン','オオカミポケモン'),(745,3,'루가루암','늑대포켓몬'),(745,4,'鬃岩狼人','狼寶可夢'),(745,5,'Lougaroc','Pokémon Loup'),(745,6,'Wolwerock','Wolfs-Pokémon'),(745,7,'Lycanroc','Pokémon Lobo'),(745,8,'Lycanroc','Pokémon Lupo'),(745,9,'Lycanroc','Wolf Pokémon'),(745,11,'ルガルガン','オオカミポケモン'),(745,12,'鬃岩狼人','狼宝可梦'),(746,1,'ヨワシ','こざかなポケモン'),(746,3,'약어리','잔물고기포켓몬'),(746,4,'弱丁魚','小魚寶可夢'),(746,5,'Froussardine','Pokémon Minipoisson'),(746,6,'Lusardin','Kleinfisch-Pokémon'),(746,7,'Wishiwashi','Pokémon Pececillo'),(746,8,'Wishiwashi','Pokémon Pesciolino'),(746,9,'Wishiwashi','Small Fry Pokémon'),(746,11,'ヨワシ','こざかなポケモン'),(746,12,'弱丁鱼','小鱼宝可梦'),(747,1,'ヒドイデ','ヒトデナシポケモン'),(747,3,'시마사리','깨비사리포켓몬'),(747,4,'好壞星','非星寶可夢'),(747,5,'Vorastérie','Pokémon Cruel'),(747,6,'Garstella','Quäl-Stern-Pokémon'),(747,7,'Mareanie','Pokémon Estrellatroz'),(747,8,'Mareanie','Pokémon Stellatroce'),(747,9,'Mareanie','Brutal Star Pokémon'),(747,11,'ヒドイデ','ヒトデナシポケモン'),(747,12,'好坏星','非星宝可梦'),(748,1,'ドヒドイデ','ヒトデナシポケモン'),(748,3,'더시마사리','깨비사리포켓몬'),(748,4,'超壞星','非星寶可夢'),(748,5,'Prédastérie','Pokémon Cruel'),(748,6,'Aggrostella','Quäl-Stern-Pokémon'),(748,7,'Toxapex','Pokémon Estrellatroz'),(748,8,'Toxapex','Pokémon Stellatroce'),(748,9,'Toxapex','Brutal Star Pokémon'),(748,11,'ドヒドイデ','ヒトデナシポケモン'),(748,12,'超坏星','非星宝可梦'),(749,1,'ドロバンコ','うさぎうまポケモン'),(749,3,'머드나기','당나귀포켓몬'),(749,4,'泥驢仔','驢寶可夢'),(749,5,'Tiboudet','Pokémon Âne'),(749,6,'Pampuli','Packesel-Pokémon'),(749,7,'Mudbray','Pokémon Asno'),(749,8,'Mudbray','Pokémon Ciuconiglio'),(749,9,'Mudbray','Donkey Pokémon'),(749,11,'ドロバンコ','うさぎうまポケモン'),(749,12,'泥驴仔','驴宝可梦'),(750,1,'バンバドロ','ばんばポケモン'),(750,3,'만마드','만마포켓몬'),(750,4,'重泥挽馬','挽馬寶可夢'),(750,5,'Bourrinos','Pokémon Cheval Trait'),(750,6,'Pampross','Zugpferd-Pokémon'),(750,7,'Mudsdale','Pokémon Caballo Tiro'),(750,8,'Mudsdale','Pokémon Fortequino'),(750,9,'Mudsdale','Draft Horse Pokémon'),(750,11,'バンバドロ','ばんばポケモン'),(750,12,'重泥挽马','挽马宝可梦'),(751,1,'シズクモ','すいほうポケモン'),(751,3,'물거미','수포포켓몬'),(751,4,'滴蛛','水泡寶可夢'),(751,5,'Araqua','Pokémon Aquabulle'),(751,6,'Araqua','Wasserblasen-Pokémon'),(751,7,'Dewpider','Pokémon Pompa'),(751,8,'Dewpider','Pokémon Bolladacqua'),(751,9,'Dewpider','Water Bubble Pokémon'),(751,11,'シズクモ','すいほうポケモン'),(751,12,'滴蛛','水泡宝可梦'),(752,1,'オニシズクモ','すいほうポケモン'),(752,3,'깨비물거미','수포포켓몬'),(752,4,'滴蛛霸','水泡寶可夢'),(752,5,'Tarenbulle','Pokémon Aquabulle'),(752,6,'Aranestro','Wasserblasen-Pokémon'),(752,7,'Araquanid','Pokémon Pompa'),(752,8,'Araquanid','Pokémon Bolladacqua'),(752,9,'Araquanid','Water Bubble Pokémon'),(752,11,'オニシズクモ','すいほうポケモン'),(752,12,'滴蛛霸','水泡宝可梦'),(753,1,'カリキリ','かまくさポケモン'),(753,3,'짜랑랑','풀사마귀포켓몬'),(753,4,'偽螳草','鐮草寶可夢'),(753,5,'Mimantis','Pokémon Fauch’Herbe'),(753,6,'Imantis','Grassichel-Pokémon'),(753,7,'Fomantis','Pokémon Filo Hoja'),(753,8,'Fomantis','Pokémon Mantiderba'),(753,9,'Fomantis','Sickle Grass Pokémon'),(753,11,'カリキリ','かまくさポケモン'),(753,12,'伪螳草','镰草宝可梦'),(754,1,'ラランテス','はなかまポケモン'),(754,3,'라란티스','꽃사마귀포켓몬'),(754,4,'蘭螳花','花鐮寶可夢'),(754,5,'Floramantis','Pokémon Fauch’Fleur'),(754,6,'Mantidea','Blumensichel-Pokémon'),(754,7,'Lurantis','Pokémon Filo Flor'),(754,8,'Lurantis','Pokémon Mantifiore'),(754,9,'Lurantis','Bloom Sickle Pokémon'),(754,11,'ラランテス','はなかまポケモン'),(754,12,'兰螳花','花镰宝可梦'),(755,1,'ネマシュ','はっこうポケモン'),(755,3,'자마슈','발광포켓몬'),(755,4,'睡睡菇','發光寶可夢'),(755,5,'Spododo','Pokémon Luminescent'),(755,6,'Bubungus','Lumineszenz-Pokémon'),(755,7,'Morelull','Pokémon Luminiscente'),(755,8,'Morelull','Pokémon Luminescenza'),(755,9,'Morelull','Illuminating Pokémon'),(755,11,'ネマシュ','はっこうポケモン'),(755,12,'睡睡菇','发光宝可梦'),(756,1,'マシェード','はっこうポケモン'),(756,3,'마셰이드','발광포켓몬'),(756,4,'燈罩夜菇','發光寶可夢'),(756,5,'Lampignon','Pokémon Luminescent'),(756,6,'Lamellux','Lumineszenz-Pokémon'),(756,7,'Shiinotic','Pokémon Luminiscente'),(756,8,'Shiinotic','Pokémon Luminescenza'),(756,9,'Shiinotic','Illuminating Pokémon'),(756,11,'マシェード','はっこうポケモン'),(756,12,'灯罩夜菇','发光宝可梦'),(757,1,'ヤトウモリ','どくトカゲポケモン'),(757,3,'야도뇽','독도마뱀포켓몬'),(757,4,'夜盜火蜥','毒蜥寶可夢'),(757,5,'Tritox','Pokémon Toxilézard'),(757,6,'Molunk','Giftechsen-Pokémon'),(757,7,'Salandit','Pokémon Lagartoxina'),(757,8,'Salandit','Pokémon Lucertossina'),(757,9,'Salandit','Toxic Lizard Pokémon'),(757,11,'ヤトウモリ','どくトカゲポケモン'),(757,12,'夜盗火蜥','毒蜥宝可梦'),(758,1,'エンニュート','どくトカゲポケモン'),(758,3,'염뉴트','독도마뱀포켓몬'),(758,4,'焰后蜥','毒蜥寶可夢'),(758,5,'Malamandre','Pokémon Toxilézard'),(758,6,'Amfira','Giftechsen-Pokémon'),(758,7,'Salazzle','Pokémon Lagartoxina'),(758,8,'Salazzle','Pokémon Lucertossina'),(758,9,'Salazzle','Toxic Lizard Pokémon'),(758,11,'エンニュート','どくトカゲポケモン'),(758,12,'焰后蜥','毒蜥宝可梦'),(759,1,'ヌイコグマ','じたばたポケモン'),(759,3,'포곰곰','바둥바둥포켓몬'),(759,4,'童偶熊','抓狂寶可夢'),(759,5,'Nounourson','Pokémon Gigoteur'),(759,6,'Velursi','Wildfang-Pokémon'),(759,7,'Stufful','Pokémon Rabieta'),(759,8,'Stufful','Pokémon Bizzoso'),(759,9,'Stufful','Flailing Pokémon'),(759,11,'ヌイコグマ','じたばたポケモン'),(759,12,'童偶熊','抓狂宝可梦'),(760,1,'キテルグマ','ごうわんポケモン'),(760,3,'이븐곰','강한완력포켓몬'),(760,4,'穿著熊','強臂寶可夢'),(760,5,'Chelours','Pokémon Biscoteaux'),(760,6,'Kosturso','Kraftarme-Pokémon'),(760,7,'Bewear','Pokémon Brazo Fuerte'),(760,8,'Bewear','Pokémon Fortebraccio'),(760,9,'Bewear','Strong Arm Pokémon'),(760,11,'キテルグマ','ごうわんポケモン'),(760,12,'穿着熊','强臂宝可梦'),(761,1,'アマカジ','フルーツポケモン'),(761,3,'달콤아','후르츠포켓몬'),(761,4,'甜竹竹','水果寶可夢'),(761,5,'Croquine','Pokémon Fruit'),(761,6,'Frubberl','Obst-Pokémon'),(761,7,'Bounsweet','Pokémon Fruto'),(761,8,'Bounsweet','Pokémon Frutto'),(761,9,'Bounsweet','Fruit Pokémon'),(761,11,'アマカジ','フルーツポケモン'),(761,12,'甜竹竹','水果宝可梦'),(762,1,'アママイコ','フルーツポケモン'),(762,3,'달무리나','후르츠포켓몬'),(762,4,'甜舞妮','水果寶可夢'),(762,5,'Candine','Pokémon Fruit'),(762,6,'Frubaila','Obst-Pokémon'),(762,7,'Steenee','Pokémon Fruto'),(762,8,'Steenee','Pokémon Frutto'),(762,9,'Steenee','Fruit Pokémon'),(762,11,'アママイコ','フルーツポケモン'),(762,12,'甜舞妮','水果宝可梦'),(763,1,'アマージョ','フルーツポケモン'),(763,3,'달코퀸','후르츠포켓몬'),(763,4,'甜冷美后','水果寶可夢'),(763,5,'Sucreine','Pokémon Fruit'),(763,6,'Fruyal','Obst-Pokémon'),(763,7,'Tsareena','Pokémon Fruto'),(763,8,'Tsareena','Pokémon Frutto'),(763,9,'Tsareena','Fruit Pokémon'),(763,11,'アマージョ','フルーツポケモン'),(763,12,'甜冷美后','水果宝可梦'),(764,1,'キュワワー','はなつみポケモン'),(764,3,'큐아링','꽃따기포켓몬'),(764,4,'花療環環','摘花寶可夢'),(764,5,'Guérilande','Pokémon Tressefleur'),(764,6,'Curelei','Blumenkranz-Pokémon'),(764,7,'Comfey','Pokémon Recogeflores'),(764,8,'Comfey','Pokémon Ghirlanda'),(764,9,'Comfey','Posy Picker Pokémon'),(764,11,'キュワワー','はなつみポケモン'),(764,12,'花疗环环','摘花宝可梦'),(765,1,'ヤレユータン','けんじゃポケモン'),(765,3,'하랑우탄','현자포켓몬'),(765,4,'智揮猩','賢者寶可夢'),(765,5,'Gouroutan','Pokémon Grand Sage'),(765,6,'Kommandutan','Weisheits-Pokémon'),(765,7,'Oranguru','Pokémon Sabio'),(765,8,'Oranguru','Pokémon Saggio'),(765,9,'Oranguru','Sage Pokémon'),(765,11,'ヤレユータン','けんじゃポケモン'),(765,12,'智挥猩','贤者宝可梦'),(766,1,'ナゲツケサル','れんけいポケモン'),(766,3,'내던숭이','연계포켓몬'),(766,4,'投擲猴','配合寶可夢'),(766,5,'Quartermac','Pokémon Coopération'),(766,6,'Quartermak','Teamwork-Pokémon'),(766,7,'Passimian','Pokémon Cooperación'),(766,8,'Passimian','Pokémon Giocosquadra'),(766,9,'Passimian','Teamwork Pokémon'),(766,11,'ナゲツケサル','れんけいポケモン'),(766,12,'投掷猴','配合宝可梦'),(767,1,'コソクムシ','そうこうポケモン'),(767,3,'꼬시레','주행포켓몬'),(767,4,'膽小蟲','疾行寶可夢'),(767,5,'Sovkipou','Pokémon Cavaleur'),(767,6,'Reißlaus','Laufschritt-Pokémon'),(767,7,'Wimpod','Pokémon Huidizo'),(767,8,'Wimpod','Pokémon Lestopode'),(767,9,'Wimpod','Turn Tail Pokémon'),(767,11,'コソクムシ','そうこうポケモン'),(767,12,'胆小虫','疾行宝可梦'),(768,1,'グソクムシャ','そうこうポケモン'),(768,3,'갑주무사','장갑포켓몬'),(768,4,'具甲武者','裝甲寶可夢'),(768,5,'Sarmuraï','Pokémon Blindé'),(768,6,'Tectass','Rüstungs-Pokémon'),(768,7,'Golisopod','Pokémon Blindaje'),(768,8,'Golisopod','Pokémon Blindato'),(768,9,'Golisopod','Hard Scale Pokémon'),(768,11,'グソクムシャ','そうこうポケモン'),(768,12,'具甲武者','装甲宝可梦'),(769,1,'スナバァ','すなやまポケモン'),(769,3,'모래꿍','모래산포켓몬'),(769,4,'沙丘娃','沙丘寶可夢'),(769,5,'Bacabouh','Pokémon Pâtéd’Sable'),(769,6,'Sankabuh','Sandhaufen-Pokémon'),(769,7,'Sandygast','Pokémon Montearena'),(769,8,'Sandygast','Pokémon Montesabbia'),(769,9,'Sandygast','Sand Heap Pokémon'),(769,11,'スナバァ','すなやまポケモン'),(769,12,'沙丘娃','沙丘宝可梦'),(770,1,'シロデスナ','すなのしろポケモン'),(770,3,'모래성이당','모래성포켓몬'),(770,4,'噬沙堡爺','沙堡寶可夢'),(770,5,'Trépassable','Pokémon Châtod’Sable'),(770,6,'Colossand','Sandschloss-Pokémon'),(770,7,'Palossand','Pokémon Castiarena'),(770,8,'Palossand','Pokémon Castelsabbia'),(770,9,'Palossand','Sand Castle Pokémon'),(770,11,'シロデスナ','すなのしろポケモン'),(770,12,'噬沙堡爷','沙堡宝可梦'),(771,1,'ナマコブシ','なまこポケモン'),(771,3,'해무기','해삼포켓몬'),(771,4,'拳海參','海參寶可夢'),(771,5,'Concombaffe','Pokémon Holothurie'),(771,6,'Gufa','Seegurken-Pokémon'),(771,7,'Pyukumuku','Pokémon Pepino Mar'),(771,8,'Pyukumuku','Pokémon Oloturia'),(771,9,'Pyukumuku','Sea Cucumber Pokémon'),(771,11,'ナマコブシ','なまこポケモン'),(771,12,'拳海参','海参宝可梦'),(772,1,'タイプ：ヌル','じんこうポケモン'),(772,3,'타입:널','인공포켓몬'),(772,4,'屬性：空','人工寶可夢'),(772,5,'Type:0','Pokémon Multigénome'),(772,6,'Typ:Null','Modifikations-Pokémon'),(772,7,'Código Cero','Pokémon Multigénico'),(772,8,'Tipo Zero','Pokémon Multigene'),(772,9,'Type: Null','Synthetic Pokémon'),(772,11,'タイプ：ヌル','じんこうポケモン'),(772,12,'属性：空','人工宝可梦'),(773,1,'シルヴァディ','じんこうポケモン'),(773,3,'실버디','인공포켓몬'),(773,4,'銀伴戰獸','人工寶可夢'),(773,5,'Silvallié','Pokémon Multigénome'),(773,6,'Amigento','Modifikations-Pokémon'),(773,7,'Silvally','Pokémon Multigénico'),(773,8,'Silvally','Pokémon Multigene'),(773,9,'Silvally','Synthetic Pokémon'),(773,11,'シルヴァディ','じんこうポケモン'),(773,12,'银伴战兽','人工宝可梦'),(774,1,'メテノ','ながれぼしポケモン'),(774,3,'메테노','유성포켓몬'),(774,4,'小隕星','流星寶可夢'),(774,5,'Météno','Pokémon Météore'),(774,6,'Meteno','Meteor'),(774,7,'Minior','Pokémon Meteoro'),(774,8,'Minior','Pokémon Meteora'),(774,9,'Minior','Meteor Pokémon'),(774,11,'メテノ','ながれぼしポケモン'),(774,12,'小陨星','流星宝可梦'),(775,1,'ネッコアラ','ゆめうつつポケモン'),(775,3,'자말라','꿈결포켓몬'),(775,4,'樹枕尾熊','半夢半醒寶可夢'),(775,5,'Dodoala','Pokémon Rêveur'),(775,6,'Koalelu','Halbschlaf'),(775,7,'Komala','Pokémon Duermevela'),(775,8,'Komala','Pokémon Dormiveglia'),(775,9,'Komala','Drowsing Pokémon'),(775,11,'ネッコアラ','ゆめうつつポケモン'),(775,12,'树枕尾熊','半梦半醒宝可梦'),(776,1,'バクガメス','ばくはつがめポケモン'),(776,3,'폭거북스','폭발거북포켓몬'),(776,4,'爆焰龜獸','爆炸龜寶可夢'),(776,5,'Boumata','Pokémon Tortue Boum'),(776,6,'Tortunator','Knallkröten-Pokémon'),(776,7,'Turtonator','Pokémon Tortugabomba'),(776,8,'Turtonator','Pokémon Tartabomba'),(776,9,'Turtonator','Blast Turtle Pokémon'),(776,11,'バクガメス','ばくはつがめポケモン'),(776,12,'爆焰龟兽','爆炸龟宝可梦'),(777,1,'トゲデマル','まるまりポケモン'),(777,3,'토게데마루','동글동글포켓몬'),(777,4,'托戈德瑪爾','蜷縮寶可夢'),(777,5,'Togedemaru','Pokémon Roulenboule'),(777,6,'Togedemaru','Einigler-Pokémon'),(777,7,'Togedemaru','Pokémon Bolita'),(777,8,'Togedemaru','Pokémon Ricciopalla'),(777,9,'Togedemaru','Roly-Poly Pokémon'),(777,11,'トゲデマル','まるまりポケモン'),(777,12,'托戈德玛尔','蜷缩宝可梦'),(778,1,'ミミッキュ','ばけのかわポケモン'),(778,3,'따라큐','탈포켓몬'),(778,4,'謎擬Ｑ','畫皮寶可夢'),(778,5,'Mimiqui','Pokémon Fantômasque'),(778,6,'Mimigma','Kostümspuk-Pokémon'),(778,7,'Mimikyu','Pokémon Disfraz'),(778,8,'Mimikyu','Pokémon Fantasmanto'),(778,9,'Mimikyu','Disguise Pokémon'),(778,11,'ミミッキュ','ばけのかわポケモン'),(778,12,'谜拟丘','画皮宝可梦'),(779,1,'ハギギシリ','はぎしりポケモン'),(779,3,'치갈기','이갈기포켓몬'),(779,4,'磨牙彩皮魚','磨牙寶可夢'),(779,5,'Denticrisse','Pokémon Grincedent'),(779,6,'Knirfish','Knirschzahn'),(779,7,'Bruxish','Pokémon Rechinante'),(779,8,'Bruxish','Pokémon Sfregadenti'),(779,9,'Bruxish','Gnash Teeth Pokémon'),(779,11,'ハギギシリ','はぎしりポケモン'),(779,12,'磨牙彩皮鱼','磨牙宝可梦'),(780,1,'ジジーロン','ゆうゆうポケモン'),(780,3,'할비롱','느긋누긋포켓몬'),(780,4,'老翁龍','悠遊寶可夢'),(780,5,'Draïeul','Pokémon Nonchalant'),(780,6,'Sen-Long','Gelassenheits-Pokémon'),(780,7,'Drampa','Pokémon Sosiego'),(780,8,'Drampa','Pokémon Tuttacalma'),(780,9,'Drampa','Placid Pokémon'),(780,11,'ジジーロン','ゆうゆうポケモン'),(780,12,'老翁龙','悠游宝可梦'),(781,1,'ダダリン','もくずポケモン'),(781,3,'타타륜','해초조각포켓몬'),(781,4,'破破舵輪','碎藻寶可夢'),(781,5,'Sinistrail','Pokémon Varech'),(781,6,'Moruda','Seetang-Pokémon'),(781,7,'Dhelmise','Pokémon Alga Ancla'),(781,8,'Dhelmise','Pokémon Brandellalga'),(781,9,'Dhelmise','Sea Creeper Pokémon'),(781,11,'ダダリン','もくずポケモン'),(781,12,'破破舵轮','碎藻宝可梦'),(782,1,'ジャラコ','うろこポケモン'),(782,3,'짜랑꼬','비늘포켓몬'),(782,4,'心鱗寶','鱗片寶可夢'),(782,5,'Bébécaille','Pokémon Écailles'),(782,6,'Miniras','Schuppentier-Pokémon'),(782,7,'Jangmo-o','Pokémon Escamas'),(782,8,'Jangmo-o','Pokémon Squama'),(782,9,'Jangmo-o','Scaly Pokémon'),(782,11,'ジャラコ','うろこポケモン'),(782,12,'心鳞宝','鳞片宝可梦'),(783,1,'ジャランゴ','うろこポケモン'),(783,3,'짜랑고우','비늘포켓몬'),(783,4,'鱗甲龍','鱗片寶可夢'),(783,5,'Écaïd','Pokémon Écailles'),(783,6,'Mediras','Schuppentier-Pokémon'),(783,7,'Hakamo-o','Pokémon Escamas'),(783,8,'Hakamo-o','Pokémon Squama'),(783,9,'Hakamo-o','Scaly Pokémon'),(783,11,'ジャランゴ','うろこポケモン'),(783,12,'鳞甲龙','鳞片宝可梦'),(784,1,'ジャラランガ','うろこポケモン'),(784,3,'짜랑고우거','비늘포켓몬'),(784,4,'杖尾鱗甲龍','鱗片寶可夢'),(784,5,'Ékaïser','Pokémon Écailles'),(784,6,'Grandiras','Schuppentier-Pokémon'),(784,7,'Kommo-o','Pokémon Escamas'),(784,8,'Kommo-o','Pokémon Squama'),(784,9,'Kommo-o','Scaly Pokémon'),(784,11,'ジャラランガ','うろこポケモン'),(784,12,'杖尾鳞甲龙','鳞片宝可梦'),(785,1,'カプ・コケコ','とちがみポケモン'),(785,3,'카푸꼬꼬꼭','토속신포켓몬'),(785,4,'卡璞・鳴鳴','土地神寶可夢'),(785,5,'Tokorico','Pokémon Tutélaire'),(785,6,'Kapu-Riki','Schutzpatron-Pokémon'),(785,7,'Tapu Koko','Pokémon Dios Nativo'),(785,8,'Tapu Koko','Pokémon Nume Locale'),(785,9,'Tapu Koko','Land Spirit Pokémon'),(785,11,'カプ・コケコ','とちがみポケモン'),(785,12,'卡璞・鸣鸣','土地神宝可梦'),(786,1,'カプ・テテフ','とちがみポケモン'),(786,3,'카푸나비나','토속신포켓몬'),(786,4,'卡璞・蝶蝶','土地神寶可夢'),(786,5,'Tokopiyon','Pokémon Tutélaire'),(786,6,'Kapu-Fala','Schutzpatron-Pokémon'),(786,7,'Tapu Lele','Pokémon Dios Nativo'),(786,8,'Tapu Lele','Pokémon Nume Locale'),(786,9,'Tapu Lele','Land Spirit Pokémon'),(786,11,'カプ・テテフ','とちがみポケモン'),(786,12,'卡璞・蝶蝶','土地神宝可梦'),(787,1,'カプ・ブルル','とちがみポケモン'),(787,3,'카푸브루루','토속신포켓몬'),(787,4,'卡璞・哞哞','土地神寶可夢'),(787,5,'Tokotoro','Pokémon Tutélaire'),(787,6,'Kapu-Toro','Schutzpatron-Pokémon'),(787,7,'Tapu Bulu','Pokémon Dios Nativo'),(787,8,'Tapu Bulu','Pokémon Nume Locale'),(787,9,'Tapu Bulu','Land Spirit Pokémon'),(787,11,'カプ・ブルル','とちがみポケモン'),(787,12,'卡璞・哞哞','土地神宝可梦'),(788,1,'カプ・レヒレ','とちがみポケモン'),(788,3,'카푸느지느','토속신포켓몬'),(788,4,'卡璞・鰭鰭','土地神寶可夢'),(788,5,'Tokopisco','Pokémon Tutélaire'),(788,6,'Kapu-Kime','Schutzpatron-Pokémon'),(788,7,'Tapu Fini','Pokémon Dios Nativo'),(788,8,'Tapu Fini','Pokémon Nume Locale'),(788,9,'Tapu Fini','Land Spirit Pokémon'),(788,11,'カプ・レヒレ','とちがみポケモン'),(788,12,'卡璞・鳍鳍','土地神宝可梦'),(789,1,'コスモッグ','せいうんポケモン'),(789,3,'코스모그','성운포켓몬'),(789,4,'科斯莫古','星雲寶可夢'),(789,5,'Cosmog','Pokémon Nébuleuse'),(789,6,'Cosmog','Nebula-Pokémon'),(789,7,'Cosmog','Pokémon Nebulosa'),(789,8,'Cosmog','Pokémon Nebulosa'),(789,9,'Cosmog','Nebula Pokémon'),(789,11,'コスモッグ','せいうんポケモン'),(789,12,'科斯莫古','星云宝可梦'),(790,1,'コスモウム','げんしせいポケモン'),(790,3,'코스모움','원시성포켓몬'),(790,4,'科斯莫姆','原始星寶可夢'),(790,5,'Cosmovum','Pokémon Proto-Étoile'),(790,6,'Cosmovum','Urgestirns-Pokémon'),(790,7,'Cosmoem','Pokémon Protostrella'),(790,8,'Cosmoem','Pokémon Protostella'),(790,9,'Cosmoem','Protostar Pokémon'),(790,11,'コスモウム','げんしせいポケモン'),(790,12,'科斯莫姆','原始星宝可梦'),(791,1,'ソルガレオ','にちりんポケモン'),(791,3,'솔가레오','일륜포켓몬'),(791,4,'索爾迦雷歐','日輪寶可夢'),(791,5,'Solgaleo','Pokémon Halo Solaire'),(791,6,'Solgaleo','Sonnenkreis-Pokémon'),(791,7,'Solgaleo','Pokémon Corona Solar'),(791,8,'Solgaleo','Pokémon Solare'),(791,9,'Solgaleo','Sunne Pokémon'),(791,11,'ソルガレオ','にちりんポケモン'),(791,12,'索尔迦雷欧','日轮宝可梦'),(792,1,'ルナアーラ','がちりんポケモン'),(792,3,'루나아라','월륜포켓몬'),(792,4,'露奈雅拉','月輪寶可夢'),(792,5,'Lunala','Pokémon Halo Lunaire'),(792,6,'Lunala','Mondscheiben-Pokémon'),(792,7,'Lunala','Pokémon Corona Lunar'),(792,8,'Lunala','Pokémon Lunare'),(792,9,'Lunala','Moone Pokémon'),(792,11,'ルナアーラ','がちりんポケモン'),(792,12,'露奈雅拉','月轮宝可梦'),(793,1,'ウツロイド','きせいポケモン'),(793,3,'텅비드','기생포켓몬'),(793,4,'虛吾伊德','寄生寶可夢'),(793,5,'Zéroïd','Pokémon Parasite'),(793,6,'Anego','Parasiten-Pokémon'),(793,7,'Nihilego','Pokémon Parásito'),(793,8,'Nihilego','Pokémon Parassita'),(793,9,'Nihilego','Parasite Pokémon'),(793,11,'ウツロイド','きせいポケモン'),(793,12,'虚吾伊德','寄生宝可梦'),(794,1,'マッシブーン','ぼうちょうポケモン'),(794,3,'매시붕','팽창포켓몬'),(794,4,'爆肌蚊','膨脹寶可夢'),(794,5,'Mouscoto','Pokémon Enflé'),(794,6,'Masskito','Ausdehnungs-Pokémon'),(794,7,'Buzzwole','Pokémon Hinchado'),(794,8,'Buzzwole','Pokémon Gonfiacorpo'),(794,9,'Buzzwole','Swollen Pokémon'),(794,11,'マッシブーン','ぼうちょうポケモン'),(794,12,'爆肌蚊','膨胀宝可梦'),(795,1,'フェローチェ','えんびポケモン'),(795,3,'페로코체','염미포켓몬'),(795,4,'費洛美螂','美艷寶可夢'),(795,5,'Cancrelove','Pokémon Gracile'),(795,6,'Schabelle','Eleganz-Pokémon'),(795,7,'Pheromosa','Pokémon Elegancia'),(795,8,'Pheromosa','Pokémon Leggiadria'),(795,9,'Pheromosa','Lissome Pokémon'),(795,11,'フェローチェ','えんびポケモン'),(795,12,'费洛美螂','美艳宝可梦'),(796,1,'デンジュモク','でんしょくポケモン'),(796,3,'전수목','전기장식포켓몬'),(796,4,'電束木','燈飾寶可夢'),(796,5,'Câblifère','Pokémon Luminaire'),(796,6,'Voltriant','Illuminations-Pokémon'),(796,7,'Xurkitree','Pokémon Luminaria'),(796,8,'Xurkitree','Pokémon Luminaria'),(796,9,'Xurkitree','Glowing Pokémon'),(796,11,'デンジュモク','でんしょくポケモン'),(796,12,'电束木','灯饰宝可梦'),(797,1,'テッカグヤ','うちあげポケモン'),(797,3,'철화구야','쏴올리기포켓몬'),(797,4,'鐵火輝夜','發射寶可夢'),(797,5,'Bamboiselle','Pokémon Décollage'),(797,6,'Kaguron','Raketenstart-Pokémon'),(797,7,'Celesteela','Pokémon Lanzamiento'),(797,8,'Celesteela','Pokémon Decollo'),(797,9,'Celesteela','Launch Pokémon'),(797,11,'テッカグヤ','うちあげポケモン'),(797,12,'铁火辉夜','发射宝可梦'),(798,1,'カミツルギ','ばっとうポケモン'),(798,3,'종이신도','발도포켓몬'),(798,4,'紙御劍','拔刀寶可夢'),(798,5,'Katagami','Pokémon Battô'),(798,6,'Katagami','Schwertkunst-Pokémon'),(798,7,'Kartana','Pokémon Desenvaine'),(798,8,'Kartana','Pokémon Spadatratta'),(798,9,'Kartana','Drawn Sword Pokémon'),(798,11,'カミツルギ','ばっとうポケモン'),(798,12,'纸御剑','拔刀宝可梦'),(799,1,'アクジキング','あくじきポケモン'),(799,3,'악식킹','악식성포켓몬'),(799,4,'惡食大王','異食寶可夢'),(799,5,'Engloutyran','Pokémon Bizarrovore'),(799,6,'Schlingking','Gaumenfolter-Pokémon'),(799,7,'Guzzlord','Pokémon Tragaldabas'),(799,8,'Guzzlord','Pokémon Divoratutto'),(799,9,'Guzzlord','Junkivore Pokémon'),(799,11,'アクジキング','あくじきポケモン'),(799,12,'恶食大王','异食宝可梦'),(800,1,'ネクロズマ','プリズムポケモン'),(800,3,'네크로즈마','프리즘포켓몬'),(800,4,'奈克洛茲瑪','稜鏡寶可夢'),(800,5,'Necrozma','Pokémon Prisme'),(800,6,'Necrozma','Prisma-Pokémon'),(800,7,'Necrozma','Pokémon Prisma'),(800,8,'Necrozma','Pokémon Prisma'),(800,9,'Necrozma','Prism Pokémon'),(800,11,'ネクロズマ','プリズムポケモン'),(800,12,'奈克洛兹玛','棱镜宝可梦'),(801,1,'マギアナ','じんぞうポケモン'),(801,3,'마기아나','인조포켓몬'),(801,4,'瑪機雅娜','人造寶可夢'),(801,5,'Magearna','Pokémon Artificiel'),(801,6,'Magearna','Fabrikats-Pokémon'),(801,7,'Magearna','Pokémon Artificial'),(801,8,'Magearna','Pokémon Artificiale'),(801,9,'Magearna','Artificial Pokémon'),(801,11,'マギアナ','じんぞうポケモン'),(801,12,'玛机雅娜','人造宝可梦'),(802,1,'マーシャドー','かげすみポケモン'),(802,3,'마샤도','그림자살이포켓몬'),(802,4,'瑪夏多','棲影寶可夢'),(802,5,'Marshadow','Pokémon Ombrefuge'),(802,6,'Marshadow','Dunkelwesen-Pokémon'),(802,7,'Marshadow','Pokémon Morasombra'),(802,8,'Marshadow','Pokémon Vivinombra'),(802,9,'Marshadow','Gloomdweller Pokémon'),(802,11,'マーシャドー','かげすみポケモン'),(802,12,'玛夏多','栖影宝可梦'),(803,1,'ベベノム','どくばりポケモン'),(803,3,'베베놈','독침포켓몬'),(803,4,'毒貝比','毒針寶可夢'),(803,5,'Vémini','Pokémon Vénépic'),(803,6,'Venicro','Giftdorn-Pokémon'),(803,7,'Poipole','Pokémon Pin Veneno'),(803,8,'Poipole','Pokémon Velenago'),(803,9,'Poipole','Poison Pin Pokémon'),(803,11,'ベベノム','どくばりポケモン'),(803,12,'毒贝比','毒针宝可梦'),(804,1,'アーゴヨン','どくばりポケモン'),(804,3,'아고용','독침포켓몬'),(804,4,'四顎針龍','毒針寶可夢'),(804,5,'Mandrillon','Pokémon Vénépic'),(804,6,'Agoyon','Giftdorn-Pokémon'),(804,7,'Naganadel','Pokémon Pin Veneno'),(804,8,'Naganadel','Pokémon Velenago'),(804,9,'Naganadel','Poison Pin Pokémon'),(804,11,'アーゴヨン','どくばりポケモン'),(804,12,'四颚针龙','毒针宝可梦'),(805,1,'ツンデツンデ','いしがきポケモン'),(805,3,'차곡차곡','돌담포켓몬'),(805,4,'壘磊石','石牆寶可夢'),(805,5,'Ama-Ama','Pokémon Muraille'),(805,6,'Muramura','Steinmauer-Pokémon'),(805,7,'Stakataka','Pokémon Muro'),(805,8,'Stakataka','Pokémon Bastione'),(805,9,'Stakataka','Rampart Pokémon'),(805,11,'ツンデツンデ','いしがきポケモン'),(805,12,'垒磊石','石墙宝可梦'),(806,1,'ズガドーン','はなびポケモン'),(806,3,'두파팡','불꽃놀이포켓몬'),(806,4,'砰頭小丑','煙火寶可夢'),(806,5,'Pierroteknik','Pokémon Artificier'),(806,6,'Kopplosio','Feuerwerks-Pokémon'),(806,7,'Blacephalon','Pokémon Pirotecnia'),(806,8,'Blacephalon','Pokémon Pirotecnico'),(806,9,'Blacephalon','Fireworks Pokémon'),(806,11,'ズガドーン','はなびポケモン'),(806,12,'砰头小丑','烟火宝可梦'),(807,1,'ゼラオラ','じんらいポケモン'),(807,3,'제라오라','신뢰포켓몬'),(807,4,'捷拉奧拉','奔雷寶可夢'),(807,5,'Zeraora','Pokémon Vif Éclair'),(807,6,'Zeraora','Blitzsturm-Pokémon'),(807,7,'Zeraora','Pokémon Fulgor'),(807,8,'Zeraora','Pokémon Fulmirapido'),(807,9,'Zeraora','Thunderclap Pokémon'),(807,11,'ゼラオラ','じんらいポケモン'),(807,12,'捷拉奥拉','奔雷宝可梦'),(808,1,'メルタン','ナットポケモン'),(808,3,'멜탄','너트포켓몬'),(808,4,'美錄坦','螺帽寶可夢'),(808,5,'Meltan','Pokémon Écrou'),(808,6,'Meltan','Mutter-Pokémon'),(808,7,'Meltan','Pokémon Tuerca'),(808,8,'Meltan','Pokémon Bullone'),(808,9,'Meltan','Hex Nut Pokémon'),(808,11,'メルタン','ナットポケモン'),(808,12,'美录坦','螺帽宝可梦'),(809,1,'メルメタル','ナットポケモン'),(809,3,'멜메탈','너트포켓몬'),(809,4,'美錄梅塔','螺帽寶可夢'),(809,5,'Melmetal','Pokémon Écrou'),(809,6,'Melmetal','Mutter-Pokémon'),(809,7,'Melmetal','Pokémon Tuerca'),(809,8,'Melmetal','Pokémon Bullone'),(809,9,'Melmetal','Hex Nut Pokémon'),(809,11,'メルメタル','ナットポケモン'),(809,12,'美录梅塔','螺帽宝可梦'),(810,1,'サルノリ','こざるポケモン'),(810,3,'흥나숭','꼬마원숭이포켓몬'),(810,4,'敲音猴','小猴寶可夢'),(810,5,'Ouistempo','Pokémon Chimpanzé'),(810,6,'Chimpep','Schimpansen-Pokémon'),(810,7,'Grookey','Pokémon Chimpancé'),(810,8,'Grookey','Pokémon Scimpanzé'),(810,9,'Grookey','Chimp Pokémon'),(810,11,'サルノリ','こざるポケモン'),(810,12,'敲音猴','小猴宝可梦'),(811,1,'バチンキー','ビートポケモン'),(811,3,'채키몽','비트포켓몬'),(811,4,'啪咚猴','節拍寶可夢'),(811,5,'Badabouin','Pokémon Percussions'),(811,6,'Chimstix','Beat-Pokémon'),(811,7,'Thwackey','Pokémon Ritmo'),(811,8,'Thwackey','Pokémon Ritmo'),(811,9,'Thwackey','Beat Pokémon'),(811,11,'バチンキー','ビートポケモン'),(811,12,'啪咚猴','节拍宝可梦'),(812,1,'ゴリランダー','ドラマーポケモン'),(812,3,'고릴타','드러머포켓몬'),(812,4,'轟擂金剛猩','鼓手寶可夢'),(812,5,'Gorythmic','Pokémon Batteur'),(812,6,'Gortrom','Drummer-Pokémon'),(812,7,'Rillaboom','Pokémon Percusión'),(812,8,'Rillaboom','Pokémon Percussione'),(812,9,'Rillaboom','Drummer Pokémon'),(812,11,'ゴリランダー','ドラマーポケモン'),(812,12,'轰擂金刚猩','鼓手宝可梦'),(813,1,'ヒバニー','うさぎポケモン'),(813,3,'염버니','토끼포켓몬'),(813,4,'炎兔兒','兔子寶可夢'),(813,5,'Flambino','Pokémon Lapin'),(813,6,'Hopplo','Hasen-Pokémon'),(813,7,'Scorbunny','Pokémon Conejo'),(813,8,'Scorbunny','Pokémon Coniglio'),(813,9,'Scorbunny','Rabbit Pokémon'),(813,11,'ヒバニー','うさぎポケモン'),(813,12,'炎兔儿','兔子宝可梦'),(814,1,'ラビフット','うさぎポケモン'),(814,3,'래비풋','토끼포켓몬'),(814,4,'騰蹴小將','兔子寶可夢'),(814,5,'Lapyro','Pokémon Lapin'),(814,6,'Kickerlo','Hasen-Pokémon'),(814,7,'Raboot','Pokémon Conejo'),(814,8,'Raboot','Pokémon Coniglio'),(814,9,'Raboot','Rabbit Pokémon'),(814,11,'ラビフット','うさぎポケモン'),(814,12,'腾蹴小将','兔子宝可梦'),(815,1,'エースバーン','ストライカーポケモン'),(815,3,'에이스번','스트라이커포켓몬'),(815,4,'閃焰王牌','前鋒寶可夢'),(815,5,'Pyrobut','Pokémon Buteur'),(815,6,'Liberlo','Torschützen-Pokémon'),(815,7,'Cinderace','Pokémon Delantero'),(815,8,'Cinderace','Pokémon Cannoniere'),(815,9,'Cinderace','Striker Pokémon'),(815,11,'エースバーン','ストライカーポケモン'),(815,12,'闪焰王牌','前锋宝可梦'),(816,1,'メッソン','みずとかげポケモン'),(816,3,'울머기','물도마뱀포켓몬'),(816,4,'淚眼蜥','水蜥寶可夢'),(816,5,'Larméléon','Pokémon Lézard’Eau'),(816,6,'Memmeon','Wasserechsen-Pokémon'),(816,7,'Sobble','Pokémon Acuartija'),(816,8,'Sobble','Pokémon Acquacertola'),(816,9,'Sobble','Water Lizard Pokémon'),(816,11,'メッソン','みずとかげポケモン'),(816,12,'泪眼蜥','水蜥宝可梦'),(817,1,'ジメレオン','みずとかげポケモン'),(817,3,'누겔레온','물도마뱀포켓몬'),(817,4,'變澀蜥','水蜥寶可夢'),(817,5,'Arrozard','Pokémon Lézard’Eau'),(817,6,'Phlegleon','Wasserechsen-Pokémon'),(817,7,'Drizzile','Pokémon Acuartija'),(817,8,'Drizzile','Pokémon Acquacertola'),(817,9,'Drizzile','Water Lizard Pokémon'),(817,11,'ジメレオン','みずとかげポケモン'),(817,12,'变涩蜥','水蜥宝可梦'),(818,1,'インテレオン','エージェントポケモン'),(818,3,'인텔리레온','에이전트포켓몬'),(818,4,'千面避役','特工寶可夢'),(818,5,'Lézargus','Pokémon Agent Secret'),(818,6,'Intelleon','Geheimagenten-Pokémon'),(818,7,'Inteleon','Pokémon Agente'),(818,8,'Inteleon','Pokémon Agente'),(818,9,'Inteleon','Secret Agent Pokémon'),(818,11,'インテレオン','エージェントポケモン'),(818,12,'千面避役','特工宝可梦'),(819,1,'ホシガリス','ほおばりポケモン'),(819,3,'탐리스','볼가득포켓몬'),(819,4,'貪心栗鼠','貪吃寶可夢'),(819,5,'Rongourmand','Pokémon Joufflu'),(819,6,'Raffel','Raffbacken-Pokémon'),(819,7,'Skwovet','Pokémon Abazón'),(819,8,'Skwovet','Pokémon Guancepiene'),(819,9,'Skwovet','Cheeky Pokémon'),(819,11,'ホシガリス','ほおばりポケモン'),(819,12,'贪心栗鼠','贪吃宝可梦'),(820,1,'ヨクバリス','よくばりポケモン'),(820,3,'요씽리스','욕심쟁이포켓몬'),(820,4,'藏飽栗鼠','貪慾寶可夢'),(820,5,'Rongrigou','Pokémon Goulu'),(820,6,'Schlaraffel','Gierschlund-Pokémon'),(820,7,'Greedent','Pokémon Avaricia'),(820,8,'Greedent','Pokémon Ingordigia'),(820,9,'Greedent','Greedy Pokémon'),(820,11,'ヨクバリス','よくばりポケモン'),(820,12,'藏饱栗鼠','贪欲宝可梦'),(821,1,'ココガラ','ことりポケモン'),(821,3,'파라꼬','아기새포켓몬'),(821,4,'稚山雀','小鳥寶可夢'),(821,5,'Minisange','Pokémon Minoiseau'),(821,6,'Meikro','Kleinvogel-Pokémon'),(821,7,'Rookidee','Pokémon Pajarito'),(821,8,'Rookidee','Pokémon Uccellino'),(821,9,'Rookidee','Tiny Bird Pokémon'),(821,11,'ココガラ','ことりポケモン'),(821,12,'稚山雀','小鸟宝可梦'),(822,1,'アオガラス','カラスポケモン'),(822,3,'파크로우','까마귀포켓몬'),(822,4,'藍鴉','烏鴉寶可夢'),(822,5,'Bleuseille','Pokémon Corbeau'),(822,6,'Kranoviz','Krähen-Pokémon'),(822,7,'Corvisquire','Pokémon Cuervo'),(822,8,'Corvisquire','Pokémon Corvo'),(822,9,'Corvisquire','Raven Pokémon'),(822,11,'アオガラス','カラスポケモン'),(822,12,'蓝鸦','乌鸦宝可梦'),(823,1,'アーマーガア','カラスポケモン'),(823,3,'아머까오','까마귀포켓몬'),(823,4,'鋼鎧鴉','烏鴉寶可夢'),(823,5,'Corvaillus','Pokémon Corbeau'),(823,6,'Krarmor','Krähen-Pokémon'),(823,7,'Corviknight','Pokémon Cuervo'),(823,8,'Corviknight','Pokémon Corvo'),(823,9,'Corviknight','Raven Pokémon'),(823,11,'アーマーガア','カラスポケモン'),(823,12,'钢铠鸦','乌鸦宝可梦'),(824,1,'サッチムシ','ようちゅうポケモン'),(824,3,'두루지벌레','유충포켓몬'),(824,4,'索偵蟲','幼蟲寶可夢'),(824,5,'Larvadar','Pokémon Larve'),(824,6,'Sensect','Larven-Pokémon'),(824,7,'Blipbug','Pokémon Pupa'),(824,8,'Blipbug','Pokémon Coleolarva'),(824,9,'Blipbug','Larva Pokémon'),(824,11,'サッチムシ','ようちゅうポケモン'),(824,12,'索侦虫','幼虫宝可梦'),(825,1,'レドームシ','レドームポケモン'),(825,3,'레돔벌레','레이돔포켓몬'),(825,4,'天罩蟲','天線罩寶可夢'),(825,5,'Coléodôme','Pokémon Radôme'),(825,6,'Keradar','Radarkuppel-Pokémon'),(825,7,'Dottler','Pokémon Radomo'),(825,8,'Dottler','Pokémon Radome'),(825,9,'Dottler','Radome Pokémon'),(825,11,'レドームシ','レドームポケモン'),(825,12,'天罩虫','天线罩宝可梦'),(826,1,'イオルブ','ななほしポケモン'),(826,3,'이올브','칠성포켓몬'),(826,4,'以歐路普','七星寶可夢'),(826,5,'Astronelle','Pokémon Sept Points'),(826,6,'Maritellit','Siebensterne-Pokémon'),(826,7,'Orbeetle','Pokémon Siete Puntos'),(826,8,'Orbeetle','Pokémon Settepunti'),(826,9,'Orbeetle','Seven Spot Pokémon'),(826,11,'イオルブ','ななほしポケモン'),(826,12,'以欧路普','七星宝可梦'),(827,1,'クスネ','きつねポケモン'),(827,3,'훔처우','여우포켓몬'),(827,4,'偷兒狐','狐狸寶可夢'),(827,5,'Goupilou','Pokémon Renard'),(827,6,'Kleptifux','Fuchs-Pokémon'),(827,7,'Nickit','Pokémon Zorro'),(827,8,'Nickit','Pokémon Volpe'),(827,9,'Nickit','Fox Pokémon'),(827,11,'クスネ','きつねポケモン'),(827,12,'狡小狐','狐狸宝可梦'),(828,1,'フォクスライ','きつねポケモン'),(828,3,'폭슬라이','여우포켓몬'),(828,4,'狐大盜','狐狸寶可夢'),(828,5,'Roublenard','Pokémon Renard'),(828,6,'Gaunux','Fuchs-Pokémon'),(828,7,'Thievul','Pokémon Zorro'),(828,8,'Thievul','Pokémon Volpe'),(828,9,'Thievul','Fox Pokémon'),(828,11,'フォクスライ','きつねポケモン'),(828,12,'猾大狐','狐狸宝可梦'),(829,1,'ヒメンカ','はなかざりポケモン'),(829,3,'꼬모카','꽃장식포켓몬'),(829,4,'幼棉棉','花飾寶可夢'),(829,5,'Tournicoton','Pokémon Chef-Fleur'),(829,6,'Cottini','Blumenzier-Pokémon'),(829,7,'Gossifleur','Pokémon Adornofloral'),(829,8,'Gossifleur','Pokémon Fiorfronzolo'),(829,9,'Gossifleur','Flowering Pokémon'),(829,11,'ヒメンカ','はなかざりポケモン'),(829,12,'幼棉棉','花饰宝可梦'),(830,1,'ワタシラガ','わたかざりポケモン'),(830,3,'백솜모카','솜장식포켓몬'),(830,4,'白蓬蓬','棉飾寶可夢'),(830,5,'Blancoton','Pokémon Chef-Coton'),(830,6,'Cottomi','Baumwollzier-Pokémon'),(830,7,'Eldegoss','Pokémon Adornalgodón'),(830,8,'Eldegoss','Pokémon Cotofronzolo'),(830,9,'Eldegoss','Cotton Bloom Pokémon'),(830,11,'ワタシラガ','わたかざりポケモン'),(830,12,'白蓬蓬','棉饰宝可梦'),(831,1,'ウールー','ひつじポケモン'),(831,3,'우르','양포켓몬'),(831,4,'毛辮羊','綿羊寶可夢'),(831,5,'Moumouton','Pokémon Mouton'),(831,6,'Wolly','Schaf-Pokémon'),(831,7,'Wooloo','Pokémon Oveja'),(831,8,'Wooloo','Pokémon Pecora'),(831,9,'Wooloo','Sheep Pokémon'),(831,11,'ウールー','ひつじポケモン'),(831,12,'毛辫羊','绵羊宝可梦'),(832,1,'バイウールー','ひつじポケモン'),(832,3,'배우르','양포켓몬'),(832,4,'毛毛角羊','綿羊寶可夢'),(832,5,'Moumouflon','Pokémon Mouton'),(832,6,'Zwollock','Schaf-Pokémon'),(832,7,'Dubwool','Pokémon Oveja'),(832,8,'Dubwool','Pokémon Pecora'),(832,9,'Dubwool','Sheep Pokémon'),(832,11,'バイウールー','ひつじポケモン'),(832,12,'毛毛角羊','绵羊宝可梦'),(833,1,'カムカメ','くいつきポケモン'),(833,3,'깨물부기','물고늘어지기포켓몬'),(833,4,'咬咬龜','咬住寶可夢'),(833,5,'Khélocrok','Pokémon Mordillage'),(833,6,'Kamehaps','Schnapp-Pokémon'),(833,7,'Chewtle','Pokémon Mordedura'),(833,8,'Chewtle','Pokémon Mordace'),(833,9,'Chewtle','Snapping Pokémon'),(833,11,'カムカメ','くいつきポケモン'),(833,12,'咬咬龟','咬住宝可梦'),(834,1,'カジリガメ','かみつきポケモン'),(834,3,'갈가부기','물어뜯기포켓몬'),(834,4,'暴噬龜','緊咬寶可夢'),(834,5,'Torgamord','Pokémon Morsure'),(834,6,'Kamalm','Biss-Pokémon'),(834,7,'Drednaw','Pokémon Mordisco'),(834,8,'Drednaw','Pokémon Morso'),(834,9,'Drednaw','Bite Pokémon'),(834,11,'カジリガメ','かみつきポケモン'),(834,12,'暴噬龟','紧咬宝可梦'),(835,1,'ワンパチ','こいぬポケモン'),(835,3,'멍파치','강아지포켓몬'),(835,4,'來電汪','小狗寶可夢'),(835,5,'Voltoutou','Pokémon Chiot'),(835,6,'Voldi','Welpen-Pokémon'),(835,7,'Yamper','Pokémon Perrito'),(835,8,'Yamper','Pokémon Cagnolino'),(835,9,'Yamper','Puppy Pokémon'),(835,11,'ワンパチ','こいぬポケモン'),(835,12,'来电汪','小狗宝可梦'),(836,1,'パルスワン','いぬポケモン'),(836,3,'펄스멍','개포켓몬'),(836,4,'逐電犬','狗寶可夢'),(836,5,'Fulgudog','Pokémon Chien'),(836,6,'Bellektro','Hunde-Pokémon'),(836,7,'Boltund','Pokémon Perro'),(836,8,'Boltund','Pokémon Cane'),(836,9,'Boltund','Dog Pokémon'),(836,11,'パルスワン','いぬポケモン'),(836,12,'逐电犬','狗宝可梦'),(837,1,'タンドン','せきたんポケモン'),(837,3,'탄동','석탄포켓몬'),(837,4,'小炭仔','煤炭寶可夢'),(837,5,'Charbi','Pokémon Charbon'),(837,6,'Klonkett','Kohle-Pokémon'),(837,7,'Rolycoly','Pokémon Carbón'),(837,8,'Rolycoly','Pokémon Carbone'),(837,9,'Rolycoly','Coal Pokémon'),(837,11,'タンドン','せきたんポケモン'),(837,12,'小炭仔','煤炭宝可梦'),(838,1,'トロッゴン','せきたんポケモン'),(838,3,'탄차곤','석탄포켓몬'),(838,4,'大炭車','煤炭寶可夢'),(838,5,'Wagomine','Pokémon Charbon'),(838,6,'Wagong','Kohle-Pokémon'),(838,7,'Carkol','Pokémon Carbón'),(838,8,'Carkol','Pokémon Carbone'),(838,9,'Carkol','Coal Pokémon'),(838,11,'トロッゴン','せきたんポケモン'),(838,12,'大炭车','煤炭宝可梦'),(839,1,'セキタンザン','せきたんポケモン'),(839,3,'석탄산','석탄포켓몬'),(839,4,'巨炭山','煤炭寶可夢'),(839,5,'Monthracite','Pokémon Charbon'),(839,6,'Montecarbo','Kohle-Pokémon'),(839,7,'Coalossal','Pokémon Carbón'),(839,8,'Coalossal','Pokémon Carbone'),(839,9,'Coalossal','Coal Pokémon'),(839,11,'セキタンザン','せきたんポケモン'),(839,12,'巨炭山','煤炭宝可梦'),(840,1,'カジッチュ','りんごぐらしポケモン'),(840,3,'과사삭벌레','사과살이포켓몬'),(840,4,'啃果蟲','蘋果居寶可夢'),(840,5,'Verpom','Pokémon Nid Pomme'),(840,6,'Knapfel','Apfelhaus-Pokémon'),(840,7,'Applin','Pokémon Manzanido'),(840,8,'Applin','Pokémon Pomicolo'),(840,9,'Applin','Apple Core Pokémon'),(840,11,'カジッチュ','りんごぐらしポケモン'),(840,12,'啃果虫','苹果居宝可梦'),(841,1,'アップリュー','りんごはねポケモン'),(841,3,'애프룡','사과날개포켓몬'),(841,4,'蘋裹龍','蘋果翅寶可夢'),(841,5,'Pomdrapi','Pokémon Ailes Pomme'),(841,6,'Drapfel','Apfelflügel-Pokémon'),(841,7,'Flapple','Pokémon Manzanala'),(841,8,'Flapple','Pokémon Pomivolo'),(841,9,'Flapple','Apple Wing Pokémon'),(841,11,'アップリュー','りんごはねポケモン'),(841,12,'苹裹龙','苹果翅宝可梦'),(842,1,'タルップル','りんごじるポケモン'),(842,3,'단지래플','사과즙포켓몬'),(842,4,'豐蜜龍','蘋果汁寶可夢'),(842,5,'Dratatin','Pokémon Jus Pomme'),(842,6,'Schlapfel','Apfelnektar-Pokémon'),(842,7,'Appletun','Pokémon Manzanéctar'),(842,8,'Appletun','Pokémon Pomisucco'),(842,9,'Appletun','Apple Nectar Pokémon'),(842,11,'タルップル','りんごじるポケモン'),(842,12,'丰蜜龙','苹果汁宝可梦'),(843,1,'スナヘビ','すなへびポケモン'),(843,3,'모래뱀','모래뱀포켓몬'),(843,4,'沙包蛇','沙蛇寶可夢'),(843,5,'Dunaja','Pokémon Serpensable'),(843,6,'Salanga','Sandschlangen-Pokémon'),(843,7,'Silicobra','Pokémon Serp. Arena'),(843,8,'Silicobra','Pokémon Sabbiaserpe'),(843,9,'Silicobra','Sand Snake Pokémon'),(843,11,'スナヘビ','すなへびポケモン'),(843,12,'沙包蛇','沙蛇宝可梦'),(844,1,'サダイジャ','すなへびポケモン'),(844,3,'사다이사','모래뱀포켓몬'),(844,4,'沙螺蟒','沙蛇寶可夢'),(844,5,'Dunaconda','Pokémon Serpensable'),(844,6,'Sanaconda','Sandschlangen-Pokémon'),(844,7,'Sandaconda','Pokémon Serp. Arena'),(844,8,'Sandaconda','Pokémon Sabbiaserpe'),(844,9,'Sandaconda','Sand Snake Pokémon'),(844,11,'サダイジャ','すなへびポケモン'),(844,12,'沙螺蟒','沙蛇宝可梦'),(845,1,'ウッウ','うのみポケモン'),(845,3,'윽우지','그대로삼키기포켓몬'),(845,4,'古月鳥','一口吞寶可夢'),(845,5,'Nigosier','Pokémon Avaltouron'),(845,6,'Urgl','Schling-Pokémon'),(845,7,'Cramorant','Pokémon Tragón'),(845,8,'Cramorant','Pokémon Inghiottone'),(845,9,'Cramorant','Gulp Pokémon'),(845,11,'ウッウ','うのみポケモン'),(845,12,'古月鸟','一口吞宝可梦'),(846,1,'サシカマス','とつげきポケモン'),(846,3,'찌로꼬치','돌격포켓몬'),(846,4,'刺梭魚','突擊寶可夢'),(846,5,'Embrochet','Pokémon Fonceur'),(846,6,'Pikuda','Rempler-Pokémon'),(846,7,'Arrokuda','Pokémon Arremetida'),(846,8,'Arrokuda','Pokémon Carica'),(846,9,'Arrokuda','Rush Pokémon'),(846,11,'サシカマス','とつげきポケモン'),(846,12,'刺梭鱼','突击宝可梦'),(847,1,'カマスジョー','くしざしポケモン'),(847,3,'꼬치조','꼬치포켓몬'),(847,4,'戽斗尖梭','穿刺寶可夢'),(847,5,'Hastacuda','Pokémon Transperceur'),(847,6,'Barrakiefa','Spieß-Pokémon'),(847,7,'Barraskewda','Pokémon Ensarta'),(847,8,'Barraskewda','Pokémon Spiedo'),(847,9,'Barraskewda','Skewer Pokémon'),(847,11,'カマスジョー','くしざしポケモン'),(847,12,'戽斗尖梭','穿刺宝可梦'),(848,1,'エレズン','あかごポケモン'),(848,3,'일레즌','젖먹이포켓몬'),(848,4,'毒電嬰','嬰兒寶可夢'),(848,5,'Toxizap','Pokémon Poupon'),(848,6,'Toxel','Baby-Pokémon'),(848,7,'Toxel','Pokémon Retoño'),(848,8,'Toxel','Pokémon Bebè'),(848,9,'Toxel','Baby Pokémon'),(848,11,'エレズン','あかごポケモン'),(848,12,'电音婴','婴儿宝可梦'),(849,1,'ストリンダー','パンクポケモン'),(849,3,'스트린더','펑크포켓몬'),(849,4,'顫弦蠑螈','龐克寶可夢'),(849,5,'Salarsen','Pokémon Punk'),(849,6,'Riffex','Punk-Pokémon'),(849,7,'Toxtricity','Pokémon Punki'),(849,8,'Toxtricity','Pokémon Punk'),(849,9,'Toxtricity','Punk Pokémon'),(849,11,'ストリンダー','パンクポケモン'),(849,12,'颤弦蝾螈','庞克宝可梦'),(850,1,'ヤクデ','はつねつポケモン'),(850,3,'태우지네','발열포켓몬'),(850,4,'燒火蚣','發熱寶可夢'),(850,5,'Grillepattes','Pokémon Calorifère'),(850,6,'Thermopod','Exotherm-Pokémon'),(850,7,'Sizzlipede','Pokémon Radiador'),(850,8,'Sizzlipede','Pokémon Termogeno'),(850,9,'Sizzlipede','Radiator Pokémon'),(850,11,'ヤクデ','はつねつポケモン'),(850,12,'烧火蚣','发热宝可梦'),(851,1,'マルヤクデ','はつねつポケモン'),(851,3,'다태우지네','발열포켓몬'),(851,4,'焚焰蚣','發熱寶可夢'),(851,5,'Scolocendre','Pokémon Calorifère'),(851,6,'Infernopod','Exotherm-Pokémon'),(851,7,'Centiskorch','Pokémon Radiador'),(851,8,'Centiskorch','Pokémon Termogeno'),(851,9,'Centiskorch','Radiator Pokémon'),(851,11,'マルヤクデ','はつねつポケモン'),(851,12,'焚焰蚣','发热宝可梦'),(852,1,'タタッコ','だだっこポケモン'),(852,3,'때때무노','떼쟁이포켓몬'),(852,4,'拳拳蛸','纏人寶可夢'),(852,5,'Poulpaf','Pokémon Caprice'),(852,6,'Klopptopus','Balg-Pokémon'),(852,7,'Clobbopus','Pokémon Malcriado'),(852,8,'Clobbopus','Pokémon Bizze'),(852,9,'Clobbopus','Tantrum Pokémon'),(852,11,'タタッコ','だだっこポケモン'),(852,12,'拳拳蛸','缠人宝可梦'),(853,1,'オトスパス','じゅうじゅつポケモン'),(853,3,'케오퍼스','유술포켓몬'),(853,4,'八爪武師','柔術寶可夢'),(853,5,'Krakos','Pokémon Jujitsu'),(853,6,'Kaocto','Jiu-Jitsu-Pokémon'),(853,7,'Grapploct','Pokémon Jiu-Jitsu'),(853,8,'Grapploct','Pokémon Jujitsu'),(853,9,'Grapploct','Jujitsu Pokémon'),(853,11,'オトスパス','じゅうじゅつポケモン'),(853,12,'八爪武师','柔术宝可梦'),(854,1,'ヤバチャ','こうちゃポケモン'),(854,3,'데인차','홍차포켓몬'),(854,4,'來悲茶','紅茶寶可夢'),(854,5,'Théffroi','Pokémon Thé Noir'),(854,6,'Fatalitee','Schwarztee-Pokémon'),(854,7,'Sinistea','Pokémon Té'),(854,8,'Sinistea','Pokémon Tè'),(854,9,'Sinistea','Black Tea Pokémon'),(854,11,'ヤバチャ','こうちゃポケモン'),(854,12,'来悲茶','红茶宝可梦'),(855,1,'ポットデス','こうちゃポケモン'),(855,3,'포트데스','홍차포켓몬'),(855,4,'怖思壺','紅茶寶可夢'),(855,5,'Polthégeist','Pokémon Thé Noir'),(855,6,'Mortipot','Schwarztee-Pokémon'),(855,7,'Polteageist','Pokémon Té'),(855,8,'Polteageist','Pokémon Tè'),(855,9,'Polteageist','Black Tea Pokémon'),(855,11,'ポットデス','こうちゃポケモン'),(855,12,'怖思壶','红茶宝可梦'),(856,1,'ミブリム','おだやかポケモン'),(856,3,'몸지브림','차분포켓몬'),(856,4,'迷布莉姆','寧靜寶可夢'),(856,5,'Bibichut','Pokémon Calme'),(856,6,'Brimova','Geruhsam-Pokémon'),(856,7,'Hatenna','Pokémon Calma'),(856,8,'Hatenna','Pokémon Calma'),(856,9,'Hatenna','Calm Pokémon'),(856,11,'ミブリム','おだやかポケモン'),(856,12,'迷布莉姆','宁静宝可梦'),(857,1,'テブリム','せいしゅくポケモン'),(857,3,'손지브림','정숙포켓몬'),(857,4,'提布莉姆','肅靜寶可夢'),(857,5,'Chapotus','Pokémon Serein'),(857,6,'Brimano','Ruhe-Pokémon'),(857,7,'Hattrem','Pokémon Serenidad'),(857,8,'Hattrem','Pokémon Quiete'),(857,9,'Hattrem','Serene Pokémon'),(857,11,'テブリム','せいしゅくポケモン'),(857,12,'提布莉姆','肃静宝可梦'),(858,1,'ブリムオン','せいじゃくポケモン'),(858,3,'브리무음','정적포켓몬'),(858,4,'布莉姆溫','寂靜寶可夢'),(858,5,'Sorcilence','Pokémon Silencieux'),(858,6,'Silembrim','Stille-Pokémon'),(858,7,'Hatterene','Pokémon Silencio'),(858,8,'Hatterene','Pokémon Silenzio'),(858,9,'Hatterene','Silent Pokémon'),(858,11,'ブリムオン','せいじゃくポケモン'),(858,12,'布莉姆温','寂静宝可梦'),(859,1,'ベロバー','いじわるポケモン'),(859,3,'메롱꿍','꾀부리기포켓몬'),(859,4,'搗蛋小妖','捉弄寶可夢'),(859,5,'Grimalin','Pokémon Malin'),(859,6,'Bähmon','Hinterlist-Pokémon'),(859,7,'Impidimp','Pokémon Astuto'),(859,8,'Impidimp','Pokémon Scaltro'),(859,9,'Impidimp','Wily Pokémon'),(859,11,'ベロバー','いじわるポケモン'),(859,12,'捣蛋小妖','捉弄宝可梦'),(860,1,'ギモー','しょうわるポケモン'),(860,3,'쏘겨모','성악포켓몬'),(860,4,'詐唬魔','壞心眼寶可夢'),(860,5,'Fourbelin','Pokémon Scélérat'),(860,6,'Pelzebub','Schelm-Pokémon'),(860,7,'Morgrem','Pokémon Malicioso'),(860,8,'Morgrem','Pokémon Furbizia'),(860,9,'Morgrem','Devious Pokémon'),(860,11,'ギモー','しょうわるポケモン'),(860,12,'诈唬魔','坏心眼宝可梦'),(861,1,'オーロンゲ','ビルドアップポケモン'),(861,3,'오롱털','벌크업포켓몬'),(861,4,'長毛巨魔','健美寶可夢'),(861,5,'Angoliath','Pokémon Gonflette'),(861,6,'Olangaar','Muskelaufbau-Pokémon'),(861,7,'Grimmsnarl','Pokémon Voluminoso'),(861,8,'Grimmsnarl','Pokémon Granfisico'),(861,9,'Grimmsnarl','Bulk Up Pokémon'),(861,11,'オーロンゲ','ビルドアップポケモン'),(861,12,'长毛巨魔','健美宝可梦'),(862,1,'タチフサグマ','ていしポケモン'),(862,3,'가로막구리','정지포켓몬'),(862,4,'堵攔熊','停止寶可夢'),(862,5,'Ixon','Pokémon Barrage'),(862,6,'Barrikadax','Barrikaden-Pokémon'),(862,7,'Obstagoon','Pokémon Bloqueador'),(862,8,'Obstagoon','Pokémon Bloccaggio'),(862,9,'Obstagoon','Blocking Pokémon'),(862,11,'タチフサグマ','ていしポケモン'),(862,12,'堵拦熊','停止宝可梦'),(863,1,'ニャイキング','バイキングポケモン'),(863,3,'나이킹','바이킹포켓몬'),(863,4,'喵頭目','維京寶可夢'),(863,5,'Berserkatt','Pokémon Viking'),(863,6,'Mauzinger','Wikinger-Pokémon'),(863,7,'Perrserker','Pokémon Vikingo'),(863,8,'Perrserker','Pokémon Vichingo'),(863,9,'Perrserker','Viking Pokémon'),(863,11,'ニャイキング','バイキングポケモン'),(863,12,'喵头目','维京宝可梦'),(864,1,'サニゴーン','さんごポケモン'),(864,3,'산호르곤','산호포켓몬'),(864,4,'魔靈珊瑚','珊瑚寶可夢'),(864,5,'Corayôme','Pokémon Corail'),(864,6,'Gorgasonn','Korallen-Pokémon'),(864,7,'Cursola','Pokémon Coral'),(864,8,'Cursola','Pokémon Corallo'),(864,9,'Cursola','Coral Pokémon'),(864,11,'サニゴーン','さんごポケモン'),(864,12,'魔灵珊瑚','珊瑚宝可梦'),(865,1,'ネギガナイト','かるがもポケモン'),(865,3,'창파나이트','청둥오리포켓몬'),(865,4,'蔥遊兵','黃嘴鴨寶可夢'),(865,5,'Palarticho','Pokémon Canard Fou'),(865,6,'Lauchzelot','Wildenten-Pokémon'),(865,7,'Sirfetch’d','Pokémon Pato Salvaje'),(865,8,'Sirfetch’d','Pokémon Selvanatra'),(865,9,'Sirfetch’d','Wild Duck Pokémon'),(865,11,'ネギガナイト','かるがもポケモン'),(865,12,'葱游兵','黄嘴鸭宝可梦'),(866,1,'バリコオル','コメディアンポケモン'),(866,3,'마임꽁꽁','코미디언포켓몬'),(866,4,'踏冰人偶','喜劇演員寶可夢'),(866,5,'M. Glaquette','Pokémon Comédien'),(866,6,'Pantifrost','Komiker-Pokémon'),(866,7,'Mr. Rime','Pokémon Cómico'),(866,8,'Mr. Rime','Pokémon Comico'),(866,9,'Mr. Rime','Comedian Pokémon'),(866,11,'バリコオル','コメディアンポケモン'),(866,12,'踏冰人偶','喜剧演员宝可梦'),(867,1,'デスバーン','おんねんポケモン'),(867,3,'데스판','원념포켓몬'),(867,4,'死神板','怨念寶可夢'),(867,5,'Tutétékri','Pokémon Rancune'),(867,6,'Oghnatoll','Gram-Pokémon'),(867,7,'Runerigus','Pokémon Resquemor'),(867,8,'Runerigus','Pokémon Rancore'),(867,9,'Runerigus','Grudge Pokémon'),(867,11,'デスバーン','おんねんポケモン'),(867,12,'迭失板','怨念宝可梦'),(868,1,'マホミル','クリームポケモン'),(868,3,'마빌크','크림포켓몬'),(868,4,'小仙奶','鮮奶油寶可夢'),(868,5,'Crèmy','Pokémon Crème'),(868,6,'Hokumil','Sahne-Pokémon'),(868,7,'Milcery','Pokémon Nata'),(868,8,'Milcery','Pokémon Pannafresca'),(868,9,'Milcery','Cream Pokémon'),(868,11,'マホミル','クリームポケモン'),(868,12,'小仙奶','鲜奶油宝可梦'),(869,1,'マホイップ','クリームポケモン'),(869,3,'마휘핑','크림포켓몬'),(869,4,'霜奶仙','鮮奶油寶可夢'),(869,5,'Charmilly','Pokémon Crème'),(869,6,'Pokusan','Sahne-Pokémon'),(869,7,'Alcremie','Pokémon Nata'),(869,8,'Alcremie','Pokémon Pannafresca'),(869,9,'Alcremie','Cream Pokémon'),(869,11,'マホイップ','クリームポケモン'),(869,12,'霜奶仙','鲜奶油宝可梦'),(870,1,'タイレーツ','じんけいポケモン'),(870,3,'대여르','진형포켓몬'),(870,4,'列陣兵','陣形寶可夢'),(870,5,'Hexadron','Pokémon Escadron'),(870,6,'Legios','Formations-Pokémon'),(870,7,'Falinks','Pokémon Formación'),(870,8,'Falinks','Pokémon Schieramento'),(870,9,'Falinks','Formation Pokémon'),(870,11,'タイレーツ','じんけいポケモン'),(870,12,'列阵兵','阵形宝可梦'),(871,1,'バチンウニ','うにポケモン'),(871,3,'찌르성게','성게포켓몬'),(871,4,'啪嚓海膽','海膽寶可夢'),(871,5,'Wattapik','Pokémon Oursin'),(871,6,'Britzigel','Seeigel-Pokémon'),(871,7,'Pincurchin','Pokémon Erizo de Mar'),(871,8,'Pincurchin','Pokémon Echino'),(871,9,'Pincurchin','Sea Urchin Pokémon'),(871,11,'バチンウニ','うにポケモン'),(871,12,'啪嚓海胆','海胆宝可梦'),(872,1,'ユキハミ','いもむしポケモン'),(872,3,'누니머기','애벌레포켓몬'),(872,4,'雪吞蟲','蟲寶寶寶可夢'),(872,5,'Frissonille','Pokémon Ver'),(872,6,'Snomnom','Wurm-Pokémon'),(872,7,'Snom','Pokémon Gusano'),(872,8,'Snom','Pokémon Baco'),(872,9,'Snom','Worm Pokémon'),(872,11,'ユキハミ','いもむしポケモン'),(872,12,'雪吞虫','虫宝宝宝可梦'),(873,1,'モスノウ','こおりがポケモン'),(873,3,'모스노우','얼음나방포켓몬'),(873,4,'雪絨蛾','冰蛾寶可夢'),(873,5,'Beldeneige','Pokémon Mite Givre'),(873,6,'Mottineva','Eismotten-Pokémon'),(873,7,'Frosmoth','Pokémon Polillahielo'),(873,8,'Frosmoth','Pokémon Gelofalena'),(873,9,'Frosmoth','Frost Moth Pokémon'),(873,11,'モスノウ','こおりがポケモン'),(873,12,'雪绒蛾','冰蛾宝可梦'),(874,1,'イシヘンジン','きょせきポケモン'),(874,3,'돌헨진','거석포켓몬'),(874,4,'巨石丁','巨石寶可夢'),(874,5,'Dolman','Pokémon Mégalithe'),(874,6,'Humanolith','Megalithen-Pokémon'),(874,7,'Stonjourner','Pokémon Megalito'),(874,8,'Stonjourner','Pokémon Megalito'),(874,9,'Stonjourner','Big Rock Pokémon'),(874,11,'イシヘンジン','きょせきポケモン'),(874,12,'巨石丁','巨石宝可梦'),(875,1,'コオリッポ','ペンギンポケモン'),(875,3,'빙큐보','펭귄포켓몬'),(875,4,'冰砌鵝','企鵝寶可夢'),(875,5,'Bekaglaçon','Pokémon Pingouin'),(875,6,'Kubuin','Pinguin-Pokémon'),(875,7,'Eiscue','Pokémon Pingüino'),(875,8,'Eiscue','Pokémon Pinguino'),(875,9,'Eiscue','Penguin Pokémon'),(875,11,'コオリッポ','ペンギンポケモン'),(875,12,'冰砌鹅','企鹅宝可梦'),(876,1,'イエッサン','かんじょうポケモン'),(876,3,'에써르','감정포켓몬'),(876,4,'愛管侍','感情寶可夢'),(876,5,'Wimessir','Pokémon Émotion'),(876,6,'Servol','Emotions-Pokémon'),(876,7,'Indeedee','Pokémon Sensorio'),(876,8,'Indeedee','Pokémon Emozione'),(876,9,'Indeedee','Emotion Pokémon'),(876,11,'イエッサン','かんじょうポケモン'),(876,12,'爱管侍','感情宝可梦'),(877,1,'モルペコ','にめんポケモン'),(877,3,'모르페코','양면포켓몬'),(877,4,'莫魯貝可','雙面寶可夢'),(877,5,'Morpeko','Pokémon Volt Face'),(877,6,'Morpeko','Alter Ego-Pokémon'),(877,7,'Morpeko','Pokémon Dos Caras'),(877,8,'Morpeko','Pokémon Doppiafaccia'),(877,9,'Morpeko','Two-Sided Pokémon'),(877,11,'モルペコ','にめんポケモン'),(877,12,'莫鲁贝可','双面宝可梦'),(878,1,'ゾウドウ','どうぞうポケモン'),(878,3,'끼리동','동상포켓몬'),(878,4,'銅象','像銅寶可夢'),(878,5,'Charibari','Pokémon Pachycuivre'),(878,6,'Kupfanti','Kupferfant-Pokémon'),(878,7,'Cufant','Pokémon Broncefante'),(878,8,'Cufant','Pokémon Bronzofante'),(878,9,'Cufant','Copperderm Pokémon'),(878,11,'ゾウドウ','どうぞうポケモン'),(878,12,'铜象','像铜宝可梦'),(879,1,'ダイオウドウ','どうぞうポケモン'),(879,3,'대왕끼리동','동상포켓몬'),(879,4,'大王銅象','像銅寶可夢'),(879,5,'Pachyradjah','Pokémon Pachycuivre'),(879,6,'Patinaraja','Kupferfant-Pokémon'),(879,7,'Copperajah','Pokémon Broncefante'),(879,8,'Copperajah','Pokémon Bronzofante'),(879,9,'Copperajah','Copperderm Pokémon'),(879,11,'ダイオウドウ','どうぞうポケモン'),(879,12,'大王铜象','像铜宝可梦'),(880,1,'パッチラゴン','かせきポケモン'),(880,3,'파치래곤','화석포켓몬'),(880,4,'雷鳥龍','化石寶可夢'),(880,5,'Galvagon','Pokémon Fossile'),(880,6,'Lectragon','Fossil-Pokémon'),(880,7,'Dracozolt','Pokémon Fósil'),(880,8,'Dracozolt','Pokémon Fossile'),(880,9,'Dracozolt','Fossil Pokémon'),(880,11,'パッチラゴン','かせきポケモン'),(880,12,'雷鸟龙','化石宝可梦'),(881,1,'パッチルドン','かせきポケモン'),(881,3,'파치르돈','화석포켓몬'),(881,4,'雷鳥海獸','化石寶可夢'),(881,5,'Galvagla','Pokémon Fossile'),(881,6,'Lecryodon','Fossil-Pokémon'),(881,7,'Arctozolt','Pokémon Fósil'),(881,8,'Arctozolt','Pokémon Fossile'),(881,9,'Arctozolt','Fossil Pokémon'),(881,11,'パッチルドン','かせきポケモン'),(881,12,'雷鸟海兽','化石宝可梦'),(882,1,'ウオノラゴン','かせきポケモン'),(882,3,'어래곤','화석포켓몬'),(882,4,'鰓魚龍','化石寶可夢'),(882,5,'Hydragon','Pokémon Fossile'),(882,6,'Pescragon','Fossil-Pokémon'),(882,7,'Dracovish','Pokémon Fósil'),(882,8,'Dracovish','Pokémon Fossile'),(882,9,'Dracovish','Fossil Pokémon'),(882,11,'ウオノラゴン','かせきポケモン'),(882,12,'鳃鱼龙','化石宝可梦'),(883,1,'ウオチルドン','かせきポケモン'),(883,3,'어치르돈','화석포켓몬'),(883,4,'鰓魚海獸','化石寶可夢'),(883,5,'Hydragla','Pokémon Fossile'),(883,6,'Pescryodon','Fossil-Pokémon'),(883,7,'Arctovish','Pokémon Fósil'),(883,8,'Arctovish','Pokémon Fossile'),(883,9,'Arctovish','Fossil Pokémon'),(883,11,'ウオチルドン','かせきポケモン'),(883,12,'鳃鱼海兽','化石宝可梦'),(884,1,'ジュラルドン','ごうきんポケモン'),(884,3,'두랄루돈','합금포켓몬'),(884,4,'鋁鋼龍','合金寶可夢'),(884,5,'Duralugon','Pokémon Alliage'),(884,6,'Duraludon','Legierungs-Pokémon'),(884,7,'Duraludon','Pokémon Aleación'),(884,8,'Duraludon','Pokémon Metallolega'),(884,9,'Duraludon','Alloy Pokémon'),(884,11,'ジュラルドン','ごうきんポケモン'),(884,12,'铝钢龙','合金宝可梦'),(885,1,'ドラメシヤ','うらめしポケモン'),(885,3,'드라꼰','원망포켓몬'),(885,4,'多龍梅西亞','哀怨寶可夢'),(885,5,'Fantyrm','Pokémon Âme Errante'),(885,6,'Grolldra','Missgunst-Pokémon'),(885,7,'Dreepy','Pokémon Resentido'),(885,8,'Dreepy','Pokémon Risentimento'),(885,9,'Dreepy','Lingering Pokémon'),(885,11,'ドラメシヤ','うらめしポケモン'),(885,12,'多龙梅西亚','哀怨宝可梦'),(886,1,'ドロンチ','せわやくポケモン'),(886,3,'드래런치','돌보미포켓몬'),(886,4,'多龍奇','保姆寶可夢'),(886,5,'Dispareptil','Pokémon Baby-sitter'),(886,6,'Phandra','Betreuer-Pokémon'),(886,7,'Drakloak','Pokémon Cuidador'),(886,8,'Drakloak','Pokémon Sostegno'),(886,9,'Drakloak','Caretaker Pokémon'),(886,11,'ドロンチ','せわやくポケモン'),(886,12,'多龙奇','保姆宝可梦'),(887,1,'ドラパルト','ステルスポケモン'),(887,3,'드래펄트','스텔스포켓몬'),(887,4,'多龍巴魯托','隱形寶可夢'),(887,5,'Lanssorien','Pokémon Furtif'),(887,6,'Katapuldra','Tarnkünstler-Pokémon'),(887,7,'Dragapult','Pokémon Furtivo'),(887,8,'Dragapult','Pokémon Furtivo'),(887,9,'Dragapult','Stealth Pokémon'),(887,11,'ドラパルト','ステルスポケモン'),(887,12,'多龙巴鲁托','隐形宝可梦'),(888,1,'ザシアン','つわものポケモン'),(888,3,'자시안','강자포켓몬'),(888,4,'蒼響','強者寶可夢'),(888,5,'Zacian','Pokémon Valeureux'),(888,6,'Zacian','Krieger-Pokémon'),(888,7,'Zacian','Pokémon Guerrero'),(888,8,'Zacian','Pokémon Guerriero'),(888,9,'Zacian','Warrior Pokémon'),(888,11,'ザシアン','つわものポケモン'),(888,12,'苍响','强者宝可梦'),(889,1,'ザマゼンタ','つわものポケモン'),(889,3,'자마젠타','강자포켓몬'),(889,4,'藏瑪然特','強者寶可夢'),(889,5,'Zamazenta','Pokémon Valeureux'),(889,6,'Zamazenta','Krieger-Pokémon'),(889,7,'Zamazenta','Pokémon Guerrero'),(889,8,'Zamazenta','Pokémon Guerriero'),(889,9,'Zamazenta','Warrior Pokémon'),(889,11,'ザマゼンタ','つわものポケモン'),(889,12,'藏玛然特','强者宝可梦'),(890,1,'ムゲンダイナ','キョダイポケモン'),(890,3,'무한다이노','거대포켓몬'),(890,4,'無極汰那','超極巨寶可夢'),(890,5,'Éthernatos','Pokémon Giga'),(890,6,'Endynalos','Giganten-Pokémon'),(890,7,'Eternatus','Pokémon Gigantesco'),(890,8,'Eternatus','Pokémon Gigante'),(890,9,'Eternatus','Gigantic Pokémon'),(890,11,'ムゲンダイナ','キョダイポケモン'),(890,12,'无极汰那','超极巨宝可梦'),(891,1,'ダクマ','けんぽうポケモン'),(891,3,'치고마','권법포켓몬'),(891,4,'熊徒弟','拳法寶可夢'),(891,5,'Wushours','Pokémon Kung-fu'),(891,6,'Dakuma','Kung-Fu-Pokémon'),(891,7,'Kubfu','Pokémon Kung-fu'),(891,8,'Kubfu','Pokémon Kung Fu'),(891,9,'Kubfu','Wushu Pokémon'),(891,11,'ダクマ','けんぽうポケモン'),(891,12,'熊徒弟','拳法宝可梦'),(892,1,'ウーラオス','けんぽうポケモン'),(892,3,'우라오스','권법포켓몬'),(892,4,'武道熊師','拳法寶可夢'),(892,5,'Shifours','Pokémon Kung-fu'),(892,6,'Wulaosu','Kung-Fu-Pokémon'),(892,7,'Urshifu','Pokémon Kung-fu'),(892,8,'Urshifu','Pokémon Kung Fu'),(892,9,'Urshifu','Wushu Pokémon'),(892,11,'ウーラオス','けんぽうポケモン'),(892,12,'武道熊师','拳法宝可梦'),(893,1,'ザルード','わるざるポケモン'),(893,3,'자루도','나쁜원숭이포켓몬'),(893,4,'薩戮德','惡猿寶可夢'),(893,5,'Zarude','Pokémon Vilain Singe'),(893,6,'Zarude','Finsteraffen-Pokémon'),(893,7,'Zarude','Pokémon Simiestro'),(893,8,'Zarude','Pokémon Scimmialigna'),(893,9,'Zarude','Rogue Monkey Pokémon'),(893,11,'ザルード','わるざるポケモン'),(893,12,'萨戮德','恶猿宝可梦'),(894,1,'レジエレキ','エレクトロンポケモン'),(894,3,'레지에레키','일렉트론포켓몬'),(894,4,'雷吉艾勒奇','電子寶可夢'),(894,5,'Regieleki','Pokémon Électron'),(894,6,'Regieleki','Elektronen-Pokémon'),(894,7,'Regieleki','Pokémon Electrón'),(894,8,'Regieleki','Pokémon Elettrone'),(894,9,'Regieleki','Electron Pokémon'),(894,11,'レジエレキ','エレクトロンポケモン'),(894,12,'雷吉艾勒奇','电子宝可梦'),(895,1,'レジドラゴ','りゅうぎょくポケモン'),(895,3,'레지드래고','용옥포켓몬'),(895,4,'雷吉鐸拉戈','龍玉寶可夢'),(895,5,'Regidrago','Pokémon Boule Dragon'),(895,6,'Regidrago','Drachenkugel-Pokémon'),(895,7,'Regidrago','Pokémon Dragosfera'),(895,8,'Regidrago','Pokémon Dracosfera'),(895,9,'Regidrago','Dragon Orb Pokémon'),(895,11,'レジドラゴ','りゅうぎょくポケモン'),(895,12,'雷吉铎拉戈','龙玉宝可梦'),(896,1,'ブリザポス','あばれうまポケモン'),(896,3,'블리자포스','사나운말포켓몬'),(896,4,'雪暴馬','烈馬寶可夢'),(896,5,'Blizzeval','Pokémon Cheval Rétif'),(896,6,'Polaross','Wildblut-Pokémon'),(896,7,'Glastrier','Pokémon Corcel Feroz'),(896,8,'Glastrier','Pokémon Furiequino'),(896,9,'Glastrier','Wild Horse Pokémon'),(896,11,'ブリザポス','あばれうまポケモン'),(896,12,'雪暴马','烈马宝可梦'),(897,1,'レイスポス','しゅんばポケモン'),(897,3,'레이스포스','빠른말포켓몬'),(897,4,'靈幽馬','駿馬寶可夢'),(897,5,'Spectreval','Pokémon Cheval Vif'),(897,6,'Phantoross','Flinkblut-Pokémon'),(897,7,'Spectrier','Pokémon Corcel Veloz'),(897,8,'Spectrier','Pokémon Sveltequino'),(897,9,'Spectrier','Swift Horse Pokémon'),(897,11,'レイスポス','しゅんばポケモン'),(897,12,'灵幽马','骏马宝可梦'),(898,1,'バドレックス','キングポケモン'),(898,3,'버드렉스','킹포켓몬'),(898,4,'蕾冠王','國王寶可夢'),(898,5,'Sylveroy','Pokémon Roi'),(898,6,'Coronospa','Königs-Pokémon'),(898,7,'Calyrex','Pokémon Rey'),(898,8,'Calyrex','Pokémon Re'),(898,9,'Calyrex','King Pokémon'),(898,11,'バドレックス','キングポケモン'),(898,12,'蕾冠王','国王宝可梦');
/*!40000 ALTER TABLE `pokemon_species_names` ENABLE KEYS */;
UNLOCK TABLES;

--
-- Table structure for table `pokemon_stats`
--

DROP TABLE IF EXISTS `pokemon_stats`;
/*!40101 SET @saved_cs_client     = @@character_set_client */;
/*!40101 SET character_set_client = utf8 */;
CREATE TABLE `pokemon_stats` (
  `pokemon_id` int(5) NOT NULL,
  `stat_id` int(2) NOT NULL,
  `base_stat` int(3) DEFAULT NULL,
  `effort` int(1) DEFAULT NULL,
  PRIMARY KEY (`pokemon_id`,`stat_id`),
  KEY `FK_pokemon_stat_stat` (`stat_id`),
  CONSTRAINT `FK_pokemon_stat_pokemon` FOREIGN KEY (`pokemon_id`) REFERENCES `pokemon` (`id`) ON DELETE NO ACTION ON UPDATE NO ACTION,
  CONSTRAINT `FK_pokemon_stat_stat` FOREIGN KEY (`stat_id`) REFERENCES `stats` (`id`) ON DELETE NO ACTION ON UPDATE NO ACTION
) ENGINE=InnoDB DEFAULT CHARSET=utf8mb3 COLLATE=utf8mb3_general_ci;
/*!40101 SET character_set_client = @saved_cs_client */;

--
-- Dumping data for table `pokemon_stats`
--

LOCK TABLES `pokemon_stats` WRITE;
/*!40000 ALTER TABLE `pokemon_stats` DISABLE KEYS */;
INSERT INTO `pokemon_stats` VALUES (1,1,45,0),(1,2,49,0),(1,3,49,0),(1,4,65,1),(1,5,65,0),(1,6,45,0),(2,1,60,0),(2,2,62,0),(2,3,63,0),(2,4,80,1),(2,5,80,1),(2,6,60,0),(3,1,80,0),(3,2,82,0),(3,3,83,0),(3,4,100,2),(3,5,100,1),(3,6,80,0),(4,1,39,0),(4,2,52,0),(4,3,43,0),(4,4,60,0),(4,5,50,0),(4,6,65,1),(5,1,58,0),(5,2,64,0),(5,3,58,0),(5,4,80,1),(5,5,65,0),(5,6,80,1),(6,1,78,0),(6,2,84,0),(6,3,78,0),(6,4,109,3),(6,5,85,0),(6,6,100,0),(7,1,44,0),(7,2,48,0),(7,3,65,1),(7,4,50,0),(7,5,64,0),(7,6,43,0),(8,1,59,0),(8,2,63,0),(8,3,80,1),(8,4,65,0),(8,5,80,1),(8,6,58,0),(9,1,790,0),(9,2,83,0),(9,3,100,0),(9,4,85,0),(9,5,105,3),(9,6,78,0),(10,1,45,1),(10,2,30,0),(10,3,35,0),(10,4,20,0),(10,5,20,0),(10,6,45,0),(11,1,50,0),(11,2,20,0),(11,3,55,2),(11,4,25,0),(11,5,25,0),(11,6,30,0),(12,1,60,0),(12,2,45,0),(12,3,50,0),(12,4,90,2),(12,5,80,1),(12,6,70,0),(13,1,40,0),(13,2,35,0),(13,3,30,0),(13,4,20,0),(13,5,20,0),(13,6,50,1),(14,1,45,0),(14,2,25,0),(14,3,50,2),(14,4,25,0),(14,5,25,0),(14,6,35,0),(15,1,65,0),(15,2,90,2),(15,3,40,0),(15,4,45,0),(15,5,80,1),(15,6,75,0),(16,1,40,0),(16,2,45,0),(16,3,40,0),(16,4,35,0),(16,5,35,0),(16,6,56,1),(17,1,63,0),(17,2,60,0),(17,3,55,0),(17,4,50,0),(17,5,50,0),(17,6,71,2),(18,1,83,0),(18,2,80,0),(18,3,75,0),(18,4,70,0),(18,5,70,0),(18,6,101,3),(19,1,30,0),(19,2,56,0),(19,3,35,0),(19,4,25,0),(19,5,35,0),(19,6,72,1),(20,1,55,0),(20,2,81,0),(20,3,60,0),(20,4,50,0),(20,5,70,0),(20,6,97,2),(21,1,40,0),(21,2,60,0),(21,3,30,0),(21,4,31,0),(21,5,31,0),(21,6,70,1),(22,1,65,0),(22,2,90,0),(22,3,65,0),(22,4,61,0),(22,5,61,0),(22,6,100,2),(23,1,35,0),(23,2,60,1),(23,3,44,0),(23,4,40,0),(23,5,54,0),(23,6,55,0),(24,1,60,0),(24,2,95,2),(24,3,69,0),(24,4,65,0),(24,5,79,0),(24,6,80,0),(25,1,35,0),(25,2,55,0),(25,3,40,0),(25,4,50,0),(25,5,50,0),(25,6,90,2),(26,1,60,0),(26,2,90,0),(26,3,55,0),(26,4,90,0),(26,5,80,0),(26,6,110,3),(27,1,50,0),(27,2,75,0),(27,3,85,1),(27,4,20,0),(27,5,30,0),(27,6,40,0),(28,1,75,0),(28,2,100,0),(28,3,110,2),(28,4,45,0),(28,5,55,0),(28,6,65,0),(29,1,55,1),(29,2,47,0),(29,3,52,0),(29,4,40,0),(29,5,40,0),(29,6,41,0),(30,1,70,2),(30,2,62,0),(30,3,67,0),(30,4,55,0),(30,5,55,0),(30,6,56,0),(31,1,90,3),(31,2,92,0),(31,3,87,0),(31,4,75,0),(31,5,85,0),(31,6,76,0),(32,1,46,0),(32,2,57,1),(32,3,40,0),(32,4,40,0),(32,5,40,0),(32,6,50,0),(33,1,61,0),(33,2,72,2),(33,3,57,0),(33,4,55,0),(33,5,55,0),(33,6,65,0),(34,1,81,0),(34,2,102,3),(34,3,77,0),(34,4,85,0),(34,5,75,0),(34,6,85,0),(35,1,70,2),(35,2,45,0),(35,3,48,0),(35,4,60,0),(35,5,65,0),(35,6,35,0),(36,1,95,3),(36,2,70,0),(36,3,73,0),(36,4,95,0),(36,5,90,0),(36,6,60,0),(37,1,38,0),(37,2,41,0),(37,3,40,0),(37,4,50,0),(37,5,65,0),(37,6,65,1),(38,1,73,0),(38,2,76,0),(38,3,75,0),(38,4,81,0),(38,5,100,1),(38,6,100,1),(39,1,115,2),(39,2,45,0),(39,3,20,0),(39,4,45,0),(39,5,25,0),(39,6,20,0),(40,1,140,3),(40,2,70,0),(40,3,45,0),(40,4,85,0),(40,5,50,0),(40,6,45,0),(41,1,40,0),(41,2,45,0),(41,3,35,0),(41,4,30,0),(41,5,40,0),(41,6,55,1),(42,1,75,0),(42,2,80,0),(42,3,70,0),(42,4,65,0),(42,5,75,0),(42,6,90,2),(43,1,45,0),(43,2,50,0),(43,3,55,0),(43,4,75,1),(43,5,65,0),(43,6,30,0),(44,1,60,0),(44,2,65,0),(44,3,70,0),(44,4,85,2),(44,5,75,0),(44,6,40,0),(45,1,75,0),(45,2,80,0),(45,3,85,0),(45,4,110,3),(45,5,90,0),(45,6,50,0),(46,1,35,0),(46,2,70,1),(46,3,55,0),(46,4,45,0),(46,5,55,0),(46,6,25,0),(47,1,60,0),(47,2,95,2),(47,3,80,1),(47,4,60,0),(47,5,80,0),(47,6,30,0),(48,1,60,0),(48,2,55,0),(48,3,50,0),(48,4,40,0),(48,5,55,1),(48,6,45,0),(49,1,70,0),(49,2,65,0),(49,3,60,0),(49,4,90,1),(49,5,75,0),(49,6,90,1),(50,1,10,0),(50,2,55,0),(50,3,25,0),(50,4,35,0),(50,5,45,0),(50,6,95,1),(51,1,35,0),(51,2,100,0),(51,3,50,0),(51,4,50,0),(51,5,70,0),(51,6,120,2),(52,1,40,0),(52,2,45,0),(52,3,35,0),(52,4,40,0),(52,5,40,0),(52,6,90,1),(53,1,65,0),(53,2,70,0),(53,3,60,0),(53,4,65,0),(53,5,65,0),(53,6,115,2),(54,1,50,0),(54,2,52,0),(54,3,48,0),(54,4,65,1),(54,5,50,0),(54,6,55,0),(55,1,80,0),(55,2,82,0),(55,3,78,0),(55,4,95,2),(55,5,80,0),(55,6,85,0),(56,1,40,0),(56,2,80,1),(56,3,35,0),(56,4,35,0),(56,5,45,0),(56,6,70,0),(57,1,65,0),(57,2,105,2),(57,3,60,0),(57,4,60,0),(57,5,70,0),(57,6,95,0),(58,1,55,0),(58,2,70,1),(58,3,45,0),(58,4,70,0),(58,5,50,0),(58,6,60,0),(59,1,90,0),(59,2,110,2),(59,3,80,0),(59,4,100,0),(59,5,80,0),(59,6,95,0),(60,1,40,0),(60,2,50,0),(60,3,40,0),(60,4,40,0),(60,5,40,0),(60,6,90,1),(61,1,65,0),(61,2,65,0),(61,3,65,0),(61,4,50,0),(61,5,50,0),(61,6,90,2),(62,1,90,0),(62,2,95,0),(62,3,95,3),(62,4,70,0),(62,5,90,0),(62,6,70,0),(63,1,25,0),(63,2,20,0),(63,3,15,0),(63,4,105,1),(63,5,55,0),(63,6,90,0),(64,1,40,0),(64,2,35,0),(64,3,30,0),(64,4,120,2),(64,5,70,0),(64,6,105,0),(65,1,55,0),(65,2,50,0),(65,3,45,0),(65,4,135,3),(65,5,95,0),(65,6,120,0),(66,1,70,0),(66,2,80,1),(66,3,50,0),(66,4,35,0),(66,5,35,0),(66,6,35,0),(67,1,80,0),(67,2,100,2),(67,3,70,0),(67,4,50,0),(67,5,60,0),(67,6,45,0),(68,1,90,0),(68,2,130,3),(68,3,80,0),(68,4,65,0),(68,5,85,0),(68,6,55,0),(69,1,50,0),(69,2,75,1),(69,3,35,0),(69,4,70,0),(69,5,30,0),(69,6,40,0),(70,1,65,0),(70,2,90,2),(70,3,50,0),(70,4,85,0),(70,5,45,0),(70,6,55,0),(71,1,80,0),(71,2,105,3),(71,3,65,0),(71,4,100,0),(71,5,70,0),(71,6,70,0),(72,1,40,0),(72,2,40,0),(72,3,35,0),(72,4,50,0),(72,5,100,1),(72,6,70,0),(73,1,80,0),(73,2,70,0),(73,3,65,0),(73,4,80,0),(73,5,120,2),(73,6,100,0),(74,1,40,0),(74,2,80,0),(74,3,100,1),(74,4,30,0),(74,5,30,0),(74,6,20,0),(75,1,55,0),(75,2,95,0),(75,3,115,2),(75,4,45,0),(75,5,45,0),(75,6,35,0),(76,1,80,0),(76,2,120,0),(76,3,130,3),(76,4,55,0),(76,5,65,0),(76,6,45,0),(77,1,50,0),(77,2,85,0),(77,3,55,0),(77,4,65,0),(77,5,65,0),(77,6,90,1),(78,1,65,0),(78,2,100,0),(78,3,70,0),(78,4,80,0),(78,5,80,0),(78,6,105,2),(79,1,90,1),(79,2,65,0),(79,3,65,0),(79,4,40,0),(79,5,40,0),(79,6,15,0),(80,1,95,0),(80,2,75,0),(80,3,110,2),(80,4,100,0),(80,5,80,0),(80,6,30,0),(81,1,25,0),(81,2,35,0),(81,3,70,0),(81,4,95,1),(81,5,55,0),(81,6,45,0),(82,1,50,0),(82,2,60,0),(82,3,95,0),(82,4,120,2),(82,5,70,0),(82,6,70,0),(83,1,52,0),(83,2,90,1),(83,3,55,0),(83,4,58,0),(83,5,62,0),(83,6,60,0),(84,1,35,0),(84,2,85,1),(84,3,45,0),(84,4,35,0),(84,5,35,0),(84,6,75,0),(85,1,60,0),(85,2,110,2),(85,3,70,0),(85,4,60,0),(85,5,60,0),(85,6,110,0),(86,1,65,0),(86,2,45,0),(86,3,55,0),(86,4,45,0),(86,5,70,1),(86,6,45,0),(87,1,90,0),(87,2,70,0),(87,3,80,0),(87,4,70,0),(87,5,95,2),(87,6,70,0),(88,1,80,1),(88,2,80,0),(88,3,50,0),(88,4,40,0),(88,5,50,0),(88,6,25,0),(89,1,105,1),(89,2,105,1),(89,3,75,0),(89,4,65,0),(89,5,100,0),(89,6,50,0),(90,1,30,0),(90,2,65,0),(90,3,100,1),(90,4,45,0),(90,5,25,0),(90,6,40,0),(91,1,50,0),(91,2,95,0),(91,3,180,2),(91,4,85,0),(91,5,45,0),(91,6,70,0),(92,1,30,0),(92,2,35,0),(92,3,30,0),(92,4,100,1),(92,5,35,0),(92,6,80,0),(93,1,45,0),(93,2,50,0),(93,3,45,0),(93,4,115,2),(93,5,55,0),(93,6,95,0),(94,1,60,0),(94,2,65,0),(94,3,60,0),(94,4,130,3),(94,5,75,0),(94,6,110,0),(95,1,35,0),(95,2,45,0),(95,3,160,1),(95,4,30,0),(95,5,45,0),(95,6,70,0),(96,1,60,0),(96,2,48,0),(96,3,45,0),(96,4,43,0),(96,5,90,1),(96,6,42,0),(97,1,85,0),(97,2,73,0),(97,3,70,0),(97,4,73,0),(97,5,115,2),(97,6,67,0),(98,1,30,0),(98,2,105,1),(98,3,90,0),(98,4,25,0),(98,5,25,0),(98,6,50,0),(99,1,55,0),(99,2,130,2),(99,3,115,0),(99,4,50,0),(99,5,50,0),(99,6,75,0),(100,1,40,0),(100,2,30,0),(100,3,50,0),(100,4,55,0),(100,5,55,0),(100,6,100,1),(101,1,60,0),(101,2,50,0),(101,3,70,0),(101,4,80,0),(101,5,80,0),(101,6,150,2),(102,1,60,0),(102,2,40,0),(102,3,80,1),(102,4,60,0),(102,5,45,0),(102,6,40,0),(103,1,95,0),(103,2,95,0),(103,3,85,0),(103,4,125,2),(103,5,75,0),(103,6,55,0),(104,1,50,0),(104,2,50,0),(104,3,95,1),(104,4,40,0),(104,5,50,0),(104,6,35,0),(105,1,60,0),(105,2,80,0),(105,3,110,2),(105,4,50,0),(105,5,80,0),(105,6,45,0),(106,1,50,0),(106,2,120,2),(106,3,53,0),(106,4,35,0),(106,5,110,0),(106,6,87,0),(107,1,50,0),(107,2,105,0),(107,3,79,0),(107,4,35,0),(107,5,110,2),(107,6,76,0),(108,1,90,2),(108,2,55,0),(108,3,75,0),(108,4,60,0),(108,5,75,0),(108,6,30,0),(109,1,40,0),(109,2,65,0),(109,3,95,1),(109,4,60,0),(109,5,45,0),(109,6,35,0),(110,1,65,0),(110,2,90,0),(110,3,120,2),(110,4,85,0),(110,5,70,0),(110,6,60,0),(111,1,80,0),(111,2,85,0),(111,3,95,1),(111,4,30,0),(111,5,30,0),(111,6,25,0),(112,1,105,0),(112,2,130,2),(112,3,120,0),(112,4,45,0),(112,5,45,0),(112,6,40,0),(113,1,250,2),(113,2,5,0),(113,3,5,0),(113,4,35,0),(113,5,105,0),(113,6,50,0),(114,1,65,0),(114,2,55,0),(114,3,115,1),(114,4,100,0),(114,5,40,0),(114,6,60,0),(115,1,105,2),(115,2,95,0),(115,3,80,0),(115,4,40,0),(115,5,80,0),(115,6,90,0),(116,1,30,0),(116,2,40,0),(116,3,70,0),(116,4,70,1),(116,5,25,0),(116,6,60,0),(117,1,55,0),(117,2,65,0),(117,3,95,1),(117,4,95,1),(117,5,45,0),(117,6,85,0),(118,1,45,0),(118,2,67,1),(118,3,60,0),(118,4,35,0),(118,5,50,0),(118,6,63,0),(119,1,80,0),(119,2,92,2),(119,3,65,0),(119,4,65,0),(119,5,80,0),(119,6,68,0),(120,1,30,0),(120,2,45,0),(120,3,55,0),(120,4,70,0),(120,5,55,0),(120,6,85,1),(121,1,60,0),(121,2,75,0),(121,3,85,0),(121,4,100,0),(121,5,85,0),(121,6,115,2),(122,1,40,0),(122,2,45,0),(122,3,65,0),(122,4,100,0),(122,5,120,2),(122,6,90,0),(123,1,70,0),(123,2,110,1),(123,3,80,0),(123,4,55,0),(123,5,80,0),(123,6,105,0),(124,1,65,0),(124,2,50,0),(124,3,35,0),(124,4,115,2),(124,5,95,0),(124,6,95,0),(125,1,65,0),(125,2,83,0),(125,3,57,0),(125,4,95,0),(125,5,85,0),(125,6,105,2),(126,1,65,0),(126,2,95,0),(126,3,57,0),(126,4,100,2),(126,5,85,0),(126,6,93,0),(127,1,65,0),(127,2,125,2),(127,3,100,0),(127,4,55,0),(127,5,70,0),(127,6,85,0),(128,1,75,0),(128,2,100,1),(128,3,95,0),(128,4,40,0),(128,5,70,0),(128,6,110,1),(129,1,20,0),(129,2,10,0),(129,3,55,0),(129,4,15,0),(129,5,20,0),(129,6,80,1),(130,1,95,0),(130,2,125,2),(130,3,79,0),(130,4,60,0),(130,5,100,0),(130,6,81,0),(131,1,130,2),(131,2,85,0),(131,3,80,0),(131,4,85,0),(131,5,95,0),(131,6,60,0),(132,1,48,1),(132,2,48,0),(132,3,48,0),(132,4,48,0),(132,5,48,0),(132,6,48,0),(133,1,55,0),(133,2,55,0),(133,3,50,0),(133,4,45,0),(133,5,65,1),(133,6,55,0),(134,1,130,2),(134,2,65,0),(134,3,60,0),(134,4,110,0),(134,5,95,0),(134,6,65,0),(135,1,65,0),(135,2,65,0),(135,3,60,0),(135,4,110,0),(135,5,95,0),(135,6,130,2),(136,1,65,0),(136,2,130,2),(136,3,60,0),(136,4,95,0),(136,5,110,0),(136,6,65,0),(137,1,65,0),(137,2,60,0),(137,3,70,0),(137,4,85,1),(137,5,75,0),(137,6,40,0),(138,1,35,0),(138,2,40,0),(138,3,100,1),(138,4,90,0),(138,5,55,0),(138,6,35,0),(139,1,70,0),(139,2,60,0),(139,3,125,2),(139,4,115,0),(139,5,70,0),(139,6,55,0),(140,1,30,0),(140,2,80,0),(140,3,90,1),(140,4,55,0),(140,5,45,0),(140,6,55,0),(141,1,60,0),(141,2,115,2),(141,3,105,0),(141,4,65,0),(141,5,70,0),(141,6,80,0),(142,1,80,0),(142,2,105,0),(142,3,65,0),(142,4,60,0),(142,5,75,0),(142,6,130,2),(143,1,160,2),(143,2,110,0),(143,3,65,0),(143,4,65,0),(143,5,110,0),(143,6,30,0),(144,1,90,0),(144,2,85,0),(144,3,100,0),(144,4,95,0),(144,5,125,3),(144,6,85,0),(145,1,90,0),(145,2,90,0),(145,3,85,0),(145,4,125,3),(145,5,90,0),(145,6,100,0),(146,1,90,0),(146,2,100,0),(146,3,90,0),(146,4,125,3),(146,5,85,0),(146,6,90,0),(147,1,41,0),(147,2,64,1),(147,3,45,0),(147,4,50,0),(147,5,50,0),(147,6,50,0),(148,1,61,0),(148,2,84,2),(148,3,65,0),(148,4,70,0),(148,5,70,0),(148,6,70,0),(149,1,91,0),(149,2,134,3),(149,3,95,0),(149,4,100,0),(149,5,100,0),(149,6,80,0),(150,1,106,0),(150,2,110,0),(150,3,90,0),(150,4,154,3),(150,5,90,0),(150,6,130,0),(151,1,100,3),(151,2,100,0),(151,3,100,0),(151,4,100,0),(151,5,100,0),(151,6,100,0),(152,1,45,0),(152,2,49,0),(152,3,65,0),(152,4,49,0),(152,5,65,1),(152,6,45,0),(153,1,60,0),(153,2,62,0),(153,3,80,1),(153,4,63,0),(153,5,80,1),(153,6,60,0),(154,1,80,0),(154,2,82,0),(154,3,100,1),(154,4,83,0),(154,5,100,2),(154,6,80,0),(155,1,39,0),(155,2,52,0),(155,3,43,0),(155,4,60,0),(155,5,50,0),(155,6,65,1),(156,1,58,0),(156,2,64,0),(156,3,58,0),(156,4,80,1),(156,5,65,0),(156,6,80,1),(157,1,78,0),(157,2,84,0),(157,3,78,0),(157,4,109,3),(157,5,85,0),(157,6,100,0),(158,1,50,0),(158,2,65,1),(158,3,64,0),(158,4,44,0),(158,5,48,0),(158,6,43,0),(159,1,65,0),(159,2,80,1),(159,3,80,1),(159,4,59,0),(159,5,63,0),(159,6,58,0),(160,1,85,0),(160,2,105,2),(160,3,100,1),(160,4,79,0),(160,5,83,0),(160,6,78,0),(161,1,35,0),(161,2,46,1),(161,3,34,0),(161,4,35,0),(161,5,45,0),(161,6,20,0),(162,1,85,0),(162,2,76,0),(162,3,64,0),(162,4,45,0),(162,5,55,0),(162,6,90,2),(163,1,60,1),(163,2,30,0),(163,3,30,0),(163,4,36,0),(163,5,56,0),(163,6,50,0),(164,1,100,2),(164,2,50,0),(164,3,50,0),(164,4,86,0),(164,5,96,0),(164,6,70,0),(165,1,40,0),(165,2,20,0),(165,3,30,0),(165,4,40,0),(165,5,80,1),(165,6,55,0),(166,1,55,0),(166,2,35,0),(166,3,50,0),(166,4,55,0),(166,5,110,2),(166,6,85,0),(167,1,40,0),(167,2,60,1),(167,3,40,0),(167,4,40,0),(167,5,40,0),(167,6,30,0),(168,1,70,0),(168,2,90,2),(168,3,70,0),(168,4,60,0),(168,5,70,0),(168,6,40,0),(169,1,85,0),(169,2,90,0),(169,3,80,0),(169,4,70,0),(169,5,80,0),(169,6,130,3),(170,1,75,1),(170,2,38,0),(170,3,38,0),(170,4,56,0),(170,5,56,0),(170,6,67,0),(171,1,125,2),(171,2,58,0),(171,3,58,0),(171,4,76,0),(171,5,76,0),(171,6,67,0),(172,1,20,0),(172,2,40,0),(172,3,15,0),(172,4,35,0),(172,5,35,0),(172,6,60,1),(173,1,50,0),(173,2,25,0),(173,3,28,0),(173,4,45,0),(173,5,55,1),(173,6,15,0),(174,1,90,1),(174,2,30,0),(174,3,15,0),(174,4,40,0),(174,5,20,0),(174,6,15,0),(175,1,35,0),(175,2,20,0),(175,3,65,0),(175,4,40,0),(175,5,65,1),(175,6,20,0),(176,1,55,0),(176,2,40,0),(176,3,85,0),(176,4,80,0),(176,5,105,2),(176,6,40,0),(177,1,40,0),(177,2,50,0),(177,3,45,0),(177,4,70,1),(177,5,45,0),(177,6,70,0),(178,1,65,0),(178,2,75,0),(178,3,70,0),(178,4,95,1),(178,5,70,0),(178,6,95,1),(179,1,55,0),(179,2,40,0),(179,3,40,0),(179,4,65,1),(179,5,45,0),(179,6,35,0),(180,1,70,0),(180,2,55,0),(180,3,55,0),(180,4,80,2),(180,5,60,0),(180,6,45,0),(181,1,90,0),(181,2,75,0),(181,3,85,0),(181,4,115,3),(181,5,90,0),(181,6,55,0),(182,1,75,0),(182,2,80,0),(182,3,95,0),(182,4,90,0),(182,5,100,3),(182,6,50,0),(183,1,70,2),(183,2,20,0),(183,3,50,0),(183,4,20,0),(183,5,50,0),(183,6,40,0),(184,1,100,3),(184,2,50,0),(184,3,80,0),(184,4,60,0),(184,5,80,0),(184,6,50,0),(185,1,70,0),(185,2,100,0),(185,3,115,2),(185,4,30,0),(185,5,65,0),(185,6,30,0),(186,1,90,0),(186,2,75,0),(186,3,75,0),(186,4,90,0),(186,5,100,3),(186,6,70,0),(187,1,35,0),(187,2,35,0),(187,3,40,0),(187,4,35,0),(187,5,55,1),(187,6,50,0),(188,1,55,0),(188,2,45,0),(188,3,50,0),(188,4,45,0),(188,5,65,0),(188,6,80,2),(189,1,75,0),(189,2,55,0),(189,3,70,0),(189,4,55,0),(189,5,95,0),(189,6,110,3),(190,1,55,0),(190,2,70,0),(190,3,55,0),(190,4,40,0),(190,5,55,0),(190,6,85,1),(191,1,30,0),(191,2,30,0),(191,3,30,0),(191,4,30,1),(191,5,30,0),(191,6,30,0),(192,1,75,0),(192,2,75,0),(192,3,55,0),(192,4,105,2),(192,5,85,0),(192,6,30,0),(193,1,65,0),(193,2,65,0),(193,3,45,0),(193,4,75,0),(193,5,45,0),(193,6,95,1),(194,1,55,1),(194,2,45,0),(194,3,45,0),(194,4,25,0),(194,5,25,0),(194,6,15,0),(195,1,95,2),(195,2,85,0),(195,3,85,0),(195,4,65,0),(195,5,65,0),(195,6,35,0),(196,1,65,0),(196,2,65,0),(196,3,60,0),(196,4,130,2),(196,5,95,0),(196,6,110,0),(197,1,95,0),(197,2,65,0),(197,3,110,0),(197,4,60,0),(197,5,130,2),(197,6,65,0),(198,1,60,0),(198,2,85,0),(198,3,42,0),(198,4,85,0),(198,5,42,0),(198,6,91,1),(199,1,95,0),(199,2,75,0),(199,3,80,0),(199,4,100,0),(199,5,110,2),(199,6,30,0),(200,1,60,0),(200,2,60,0),(200,3,60,0),(200,4,85,0),(200,5,85,1),(200,6,85,0),(201,1,48,0),(201,2,72,1),(201,3,48,0),(201,4,72,1),(201,5,48,0),(201,6,48,0),(202,1,190,2),(202,2,33,0),(202,3,58,0),(202,4,33,0),(202,5,58,0),(202,6,33,0),(203,1,70,0),(203,2,80,0),(203,3,65,0),(203,4,90,2),(203,5,65,0),(203,6,85,0),(204,1,50,0),(204,2,65,0),(204,3,90,1),(204,4,35,0),(204,5,35,0),(204,6,15,0),(205,1,75,0),(205,2,90,0),(205,3,140,2),(205,4,60,0),(205,5,60,0),(205,6,40,0),(206,1,100,1),(206,2,70,0),(206,3,70,0),(206,4,65,0),(206,5,65,0),(206,6,45,0),(207,1,65,0),(207,2,75,0),(207,3,105,1),(207,4,35,0),(207,5,65,0),(207,6,85,0),(208,1,75,0),(208,2,85,0),(208,3,200,2),(208,4,55,0),(208,5,65,0),(208,6,30,0),(209,1,60,0),(209,2,80,1),(209,3,50,0),(209,4,40,0),(209,5,40,0),(209,6,30,0),(210,1,90,0),(210,2,120,2),(210,3,75,0),(210,4,60,0),(210,5,60,0),(210,6,45,0),(211,1,65,0),(211,2,95,1),(211,3,85,0),(211,4,55,0),(211,5,55,0),(211,6,85,0),(212,1,70,0),(212,2,130,2),(212,3,100,0),(212,4,55,0),(212,5,80,0),(212,6,65,0),(213,1,20,0),(213,2,10,0),(213,3,230,1),(213,4,10,0),(213,5,230,1),(213,6,5,0),(214,1,80,0),(214,2,125,2),(214,3,75,0),(214,4,40,0),(214,5,95,0),(214,6,85,0),(215,1,55,0),(215,2,95,0),(215,3,55,0),(215,4,35,0),(215,5,75,0),(215,6,115,1),(216,1,60,0),(216,2,80,1),(216,3,50,0),(216,4,50,0),(216,5,50,0),(216,6,40,0),(217,1,90,0),(217,2,130,2),(217,3,75,0),(217,4,75,0),(217,5,75,0),(217,6,55,0),(218,1,40,0),(218,2,40,0),(218,3,40,0),(218,4,70,1),(218,5,40,0),(218,6,20,0),(219,1,60,0),(219,2,50,0),(219,3,120,2),(219,4,90,0),(219,5,80,0),(219,6,30,0),(220,1,50,0),(220,2,50,1),(220,3,40,0),(220,4,30,0),(220,5,30,0),(220,6,50,0),(221,1,100,1),(221,2,100,1),(221,3,80,0),(221,4,60,0),(221,5,60,0),(221,6,50,0),(222,1,65,0),(222,2,55,0),(222,3,95,1),(222,4,65,0),(222,5,95,1),(222,6,35,0),(223,1,35,0),(223,2,65,0),(223,3,35,0),(223,4,65,1),(223,5,35,0),(223,6,65,0),(224,1,75,0),(224,2,105,1),(224,3,75,0),(224,4,105,1),(224,5,75,0),(224,6,45,0),(225,1,45,0),(225,2,55,0),(225,3,45,0),(225,4,65,0),(225,5,45,0),(225,6,75,1),(226,1,85,0),(226,2,40,0),(226,3,70,0),(226,4,80,0),(226,5,140,2),(226,6,70,0),(227,1,65,0),(227,2,80,0),(227,3,140,2),(227,4,40,0),(227,5,70,0),(227,6,70,0),(228,1,45,0),(228,2,60,0),(228,3,30,0),(228,4,80,1),(228,5,50,0),(228,6,65,0),(229,1,75,0),(229,2,90,0),(229,3,50,0),(229,4,110,2),(229,5,80,0),(229,6,95,0),(230,1,75,0),(230,2,95,1),(230,3,95,0),(230,4,95,1),(230,5,95,1),(230,6,85,0),(231,1,90,1),(231,2,60,0),(231,3,60,0),(231,4,40,0),(231,5,40,0),(231,6,40,0),(232,1,90,0),(232,2,120,1),(232,3,120,1),(232,4,60,0),(232,5,60,0),(232,6,50,0),(233,1,85,0),(233,2,80,0),(233,3,90,0),(233,4,105,2),(233,5,95,0),(233,6,60,0),(234,1,73,0),(234,2,95,1),(234,3,62,0),(234,4,85,0),(234,5,65,0),(234,6,85,0),(235,1,55,0),(235,2,20,0),(235,3,35,0),(235,4,20,0),(235,5,45,0),(235,6,75,1),(236,1,35,0),(236,2,35,1),(236,3,35,0),(236,4,35,0),(236,5,35,0),(236,6,35,0),(237,1,50,0),(237,2,95,0),(237,3,95,0),(237,4,35,0),(237,5,110,2),(237,6,70,0),(238,1,45,0),(238,2,30,0),(238,3,15,0),(238,4,85,1),(238,5,65,0),(238,6,65,0),(239,1,45,0),(239,2,63,0),(239,3,37,0),(239,4,65,0),(239,5,55,0),(239,6,95,1),(240,1,45,0),(240,2,75,0),(240,3,37,0),(240,4,70,0),(240,5,55,0),(240,6,83,1),(241,1,95,0),(241,2,80,0),(241,3,105,2),(241,4,40,0),(241,5,70,0),(241,6,100,0),(242,1,255,3),(242,2,10,0),(242,3,10,0),(242,4,75,0),(242,5,135,0),(242,6,55,0),(243,1,90,0),(243,2,85,0),(243,3,75,0),(243,4,115,1),(243,5,100,0),(243,6,115,2),(244,1,115,1),(244,2,115,2),(244,3,85,0),(244,4,90,0),(244,5,75,0),(244,6,100,0),(245,1,100,0),(245,2,75,0),(245,3,115,1),(245,4,90,0),(245,5,115,2),(245,6,85,0),(246,1,50,0),(246,2,64,1),(246,3,50,0),(246,4,45,0),(246,5,50,0),(246,6,41,0),(247,1,70,0),(247,2,84,2),(247,3,70,0),(247,4,65,0),(247,5,70,0),(247,6,51,0),(248,1,100,0),(248,2,134,3),(248,3,110,0),(248,4,95,0),(248,5,100,0),(248,6,61,0),(249,1,106,0),(249,2,90,0),(249,3,130,0),(249,4,90,0),(249,5,154,3),(249,6,110,0),(250,1,106,0),(250,2,130,0),(250,3,90,0),(250,4,110,0),(250,5,154,3),(250,6,90,0),(251,1,100,3),(251,2,100,0),(251,3,100,0),(251,4,100,0),(251,5,100,0),(251,6,100,0),(252,1,40,0),(252,2,45,0),(252,3,35,0),(252,4,65,0),(252,5,55,0),(252,6,70,1),(253,1,50,0),(253,2,65,0),(253,3,45,0),(253,4,85,0),(253,5,65,0),(253,6,95,2),(254,1,70,0),(254,2,85,0),(254,3,65,0),(254,4,105,0),(254,5,85,0),(254,6,120,3),(255,1,45,0),(255,2,60,0),(255,3,40,0),(255,4,70,1),(255,5,50,0),(255,6,45,0),(256,1,60,0),(256,2,85,1),(256,3,60,0),(256,4,85,1),(256,5,60,0),(256,6,55,0),(257,1,80,0),(257,2,120,3),(257,3,70,0),(257,4,110,0),(257,5,70,0),(257,6,80,0),(258,1,50,0),(258,2,70,1),(258,3,50,0),(258,4,50,0),(258,5,50,0),(258,6,40,0),(259,1,70,0),(259,2,85,2),(259,3,70,0),(259,4,60,0),(259,5,70,0),(259,6,50,0),(260,1,100,0),(260,2,110,3),(260,3,90,0),(260,4,85,0),(260,5,90,0),(260,6,60,0),(261,1,35,0),(261,2,55,1),(261,3,35,0),(261,4,30,0),(261,5,30,0),(261,6,35,0),(262,1,70,0),(262,2,90,2),(262,3,70,0),(262,4,60,0),(262,5,60,0),(262,6,70,0),(263,1,38,0),(263,2,30,0),(263,3,41,0),(263,4,30,0),(263,5,41,0),(263,6,60,1),(264,1,78,0),(264,2,70,0),(264,3,61,0),(264,4,50,0),(264,5,61,0),(264,6,100,2),(265,1,45,1),(265,2,45,0),(265,3,35,0),(265,4,20,0),(265,5,30,0),(265,6,20,0),(266,1,50,0),(266,2,35,0),(266,3,55,2),(266,4,25,0),(266,5,25,0),(266,6,15,0),(267,1,60,0),(267,2,70,0),(267,3,50,0),(267,4,100,3),(267,5,50,0),(267,6,65,0),(268,1,50,0),(268,2,35,0),(268,3,55,2),(268,4,25,0),(268,5,25,0),(268,6,15,0),(269,1,60,0),(269,2,50,0),(269,3,70,0),(269,4,50,0),(269,5,90,3),(269,6,65,0),(270,1,40,0),(270,2,30,0),(270,3,30,0),(270,4,40,0),(270,5,50,1),(270,6,30,0),(271,1,60,0),(271,2,50,0),(271,3,50,0),(271,4,60,0),(271,5,70,2),(271,6,50,0),(272,1,80,0),(272,2,70,0),(272,3,70,0),(272,4,90,0),(272,5,100,3),(272,6,70,0),(273,1,40,0),(273,2,40,0),(273,3,50,1),(273,4,30,0),(273,5,30,0),(273,6,30,0),(274,1,70,0),(274,2,70,2),(274,3,40,0),(274,4,60,0),(274,5,40,0),(274,6,60,0),(275,1,90,0),(275,2,100,3),(275,3,60,0),(275,4,90,0),(275,5,60,0),(275,6,80,0),(276,1,40,0),(276,2,55,0),(276,3,30,0),(276,4,30,0),(276,5,30,0),(276,6,85,1),(277,1,60,0),(277,2,85,0),(277,3,60,0),(277,4,75,0),(277,5,50,0),(277,6,125,2),(278,1,40,0),(278,2,30,0),(278,3,30,0),(278,4,55,0),(278,5,30,0),(278,6,85,1),(279,1,60,0),(279,2,50,0),(279,3,100,2),(279,4,95,0),(279,5,70,0),(279,6,65,0),(280,1,28,0),(280,2,25,0),(280,3,25,0),(280,4,45,1),(280,5,35,0),(280,6,40,0),(281,1,38,0),(281,2,35,0),(281,3,35,0),(281,4,65,2),(281,5,55,0),(281,6,50,0),(282,1,68,0),(282,2,65,0),(282,3,65,0),(282,4,125,3),(282,5,115,0),(282,6,80,0),(283,1,40,0),(283,2,30,0),(283,3,32,0),(283,4,50,0),(283,5,52,0),(283,6,65,1),(284,1,70,0),(284,2,60,0),(284,3,62,0),(284,4,100,1),(284,5,82,1),(284,6,80,0),(285,1,60,1),(285,2,40,0),(285,3,60,0),(285,4,40,0),(285,5,60,0),(285,6,35,0),(286,1,60,0),(286,2,130,2),(286,3,80,0),(286,4,60,0),(286,5,60,0),(286,6,70,0),(287,1,60,1),(287,2,60,0),(287,3,60,0),(287,4,35,0),(287,5,35,0),(287,6,30,0),(288,1,80,0),(288,2,80,0),(288,3,80,0),(288,4,55,0),(288,5,55,0),(288,6,90,2),(289,1,150,3),(289,2,160,0),(289,3,100,0),(289,4,95,0),(289,5,65,0),(289,6,100,0),(290,1,31,0),(290,2,45,0),(290,3,90,1),(290,4,30,0),(290,5,30,0),(290,6,40,0),(291,1,61,0),(291,2,90,0),(291,3,45,0),(291,4,50,0),(291,5,50,0),(291,6,160,2),(292,1,1,2),(292,2,90,0),(292,3,45,0),(292,4,30,0),(292,5,30,0),(292,6,40,0),(293,1,64,1),(293,2,51,0),(293,3,23,0),(293,4,51,0),(293,5,23,0),(293,6,28,0),(294,1,84,2),(294,2,71,0),(294,3,43,0),(294,4,71,0),(294,5,43,0),(294,6,48,0),(295,1,104,3),(295,2,91,0),(295,3,63,0),(295,4,91,0),(295,5,73,0),(295,6,68,0),(296,1,72,1),(296,2,60,0),(296,3,30,0),(296,4,20,0),(296,5,30,0),(296,6,25,0),(297,1,144,2),(297,2,120,0),(297,3,60,0),(297,4,40,0),(297,5,60,0),(297,6,50,0),(298,1,50,1),(298,2,20,0),(298,3,40,0),(298,4,20,0),(298,5,40,0),(298,6,20,0),(299,1,30,0),(299,2,45,0),(299,3,135,1),(299,4,45,0),(299,5,90,0),(299,6,30,0),(300,1,50,0),(300,2,45,0),(300,3,45,0),(300,4,35,0),(300,5,35,0),(300,6,50,1),(301,1,70,1),(301,2,65,0),(301,3,65,0),(301,4,55,0),(301,5,55,0),(301,6,90,1),(302,1,50,0),(302,2,75,1),(302,3,75,1),(302,4,65,0),(302,5,65,0),(302,6,50,0),(303,1,50,0),(303,2,85,1),(303,3,85,1),(303,4,55,0),(303,5,55,0),(303,6,50,0),(304,1,50,0),(304,2,70,0),(304,3,100,1),(304,4,40,0),(304,5,40,0),(304,6,30,0),(305,1,60,0),(305,2,90,0),(305,3,140,2),(305,4,50,0),(305,5,50,0),(305,6,40,0),(306,1,70,0),(306,2,110,0),(306,3,180,3),(306,4,60,0),(306,5,60,0),(306,6,50,0),(307,1,30,0),(307,2,40,0),(307,3,55,0),(307,4,40,0),(307,5,55,0),(307,6,60,1),(308,1,60,0),(308,2,60,0),(308,3,75,0),(308,4,60,0),(308,5,75,0),(308,6,80,2),(309,1,40,0),(309,2,45,0),(309,3,40,0),(309,4,65,0),(309,5,40,0),(309,6,65,1),(310,1,70,0),(310,2,75,0),(310,3,60,0),(310,4,105,0),(310,5,60,0),(310,6,105,2),(311,1,60,0),(311,2,50,0),(311,3,40,0),(311,4,85,0),(311,5,75,0),(311,6,95,1),(312,1,60,0),(312,2,40,0),(312,3,50,0),(312,4,75,0),(312,5,85,0),(312,6,95,1),(313,1,65,0),(313,2,73,0),(313,3,75,0),(313,4,47,0),(313,5,85,0),(313,6,85,1),(314,1,65,0),(314,2,47,0),(314,3,75,0),(314,4,73,0),(314,5,85,0),(314,6,85,1),(315,1,50,0),(315,2,60,0),(315,3,45,0),(315,4,100,2),(315,5,80,0),(315,6,65,0),(316,1,70,1),(316,2,43,0),(316,3,53,0),(316,4,43,0),(316,5,53,0),(316,6,40,0),(317,1,100,2),(317,2,73,0),(317,3,83,0),(317,4,73,0),(317,5,83,0),(317,6,55,0),(318,1,45,0),(318,2,90,1),(318,3,20,0),(318,4,65,0),(318,5,20,0),(318,6,65,0),(319,1,70,0),(319,2,120,2),(319,3,40,0),(319,4,95,0),(319,5,40,0),(319,6,95,0),(320,1,130,1),(320,2,70,0),(320,3,35,0),(320,4,70,0),(320,5,35,0),(320,6,60,0),(321,1,170,2),(321,2,90,0),(321,3,45,0),(321,4,90,0),(321,5,45,0),(321,6,60,0),(322,1,60,0),(322,2,60,0),(322,3,40,0),(322,4,65,1),(322,5,45,0),(322,6,35,0),(323,1,70,0),(323,2,100,1),(323,3,70,0),(323,4,105,1),(323,5,75,0),(323,6,40,0),(324,1,70,0),(324,2,85,0),(324,3,140,2),(324,4,85,0),(324,5,70,0),(324,6,20,0),(325,1,60,0),(325,2,25,0),(325,3,35,0),(325,4,70,0),(325,5,80,1),(325,6,60,0),(326,1,80,0),(326,2,45,0),(326,3,65,0),(326,4,90,0),(326,5,110,2),(326,6,80,0),(327,1,60,0),(327,2,60,0),(327,3,60,0),(327,4,60,1),(327,5,60,0),(327,6,60,0),(328,1,45,0),(328,2,100,1),(328,3,45,0),(328,4,45,0),(328,5,45,0),(328,6,10,0),(329,1,50,0),(329,2,70,1),(329,3,50,0),(329,4,50,0),(329,5,50,0),(329,6,70,1),(330,1,80,0),(330,2,100,1),(330,3,80,0),(330,4,80,0),(330,5,80,0),(330,6,100,2),(331,1,50,0),(331,2,85,0),(331,3,40,0),(331,4,85,1),(331,5,40,0),(331,6,35,0),(332,1,70,0),(332,2,115,1),(332,3,60,0),(332,4,115,1),(332,5,60,0),(332,6,55,0),(333,1,45,0),(333,2,40,0),(333,3,60,0),(333,4,40,0),(333,5,75,1),(333,6,50,0),(334,1,75,0),(334,2,70,0),(334,3,90,0),(334,4,70,0),(334,5,105,2),(334,6,80,0),(335,1,73,0),(335,2,115,2),(335,3,60,0),(335,4,60,0),(335,5,60,0),(335,6,90,0),(336,1,73,0),(336,2,100,1),(336,3,60,0),(336,4,100,1),(336,5,60,0),(336,6,65,0),(337,1,90,0),(337,2,55,0),(337,3,65,0),(337,4,95,2),(337,5,85,0),(337,6,70,0),(338,1,90,0),(338,2,95,2),(338,3,85,0),(338,4,55,0),(338,5,65,0),(338,6,70,0),(339,1,50,1),(339,2,48,0),(339,3,43,0),(339,4,46,0),(339,5,41,0),(339,6,60,0),(340,1,110,2),(340,2,78,0),(340,3,73,0),(340,4,76,0),(340,5,71,0),(340,6,60,0),(341,1,43,0),(341,2,80,1),(341,3,65,0),(341,4,50,0),(341,5,35,0),(341,6,35,0),(342,1,63,0),(342,2,120,2),(342,3,85,0),(342,4,90,0),(342,5,55,0),(342,6,55,0),(343,1,40,0),(343,2,40,0),(343,3,55,0),(343,4,40,0),(343,5,70,1),(343,6,55,0),(344,1,60,0),(344,2,70,0),(344,3,105,0),(344,4,70,0),(344,5,120,2),(344,6,75,0),(345,1,66,0),(345,2,41,0),(345,3,77,0),(345,4,61,0),(345,5,87,1),(345,6,23,0),(346,1,86,0),(346,2,81,0),(346,3,97,0),(346,4,81,0),(346,5,107,2),(346,6,43,0),(347,1,45,0),(347,2,95,1),(347,3,50,0),(347,4,40,0),(347,5,50,0),(347,6,75,0),(348,1,75,0),(348,2,125,2),(348,3,100,0),(348,4,70,0),(348,5,80,0),(348,6,45,0),(349,1,20,0),(349,2,15,0),(349,3,20,0),(349,4,10,0),(349,5,55,0),(349,6,80,1),(350,1,95,0),(350,2,60,0),(350,3,79,0),(350,4,100,0),(350,5,125,2),(350,6,81,0),(351,1,70,1),(351,2,70,0),(351,3,70,0),(351,4,70,0),(351,5,70,0),(351,6,70,0),(352,1,60,0),(352,2,90,0),(352,3,70,0),(352,4,60,0),(352,5,120,1),(352,6,40,0),(353,1,44,0),(353,2,75,1),(353,3,35,0),(353,4,63,0),(353,5,33,0),(353,6,45,0),(354,1,64,0),(354,2,115,2),(354,3,65,0),(354,4,83,0),(354,5,63,0),(354,6,65,0),(355,1,20,0),(355,2,40,0),(355,3,90,0),(355,4,30,0),(355,5,90,1),(355,6,25,0),(356,1,40,0),(356,2,70,0),(356,3,130,1),(356,4,60,0),(356,5,130,1),(356,6,25,0),(357,1,99,2),(357,2,68,0),(357,3,83,0),(357,4,72,0),(357,5,87,0),(357,6,51,0),(358,1,75,0),(358,2,50,0),(358,3,80,0),(358,4,95,1),(358,5,90,1),(358,6,65,0),(359,1,65,0),(359,2,130,2),(359,3,60,0),(359,4,75,0),(359,5,60,0),(359,6,75,0),(360,1,95,1),(360,2,23,0),(360,3,48,0),(360,4,23,0),(360,5,48,0),(360,6,23,0),(361,1,50,1),(361,2,50,0),(361,3,50,0),(361,4,50,0),(361,5,50,0),(361,6,50,0),(362,1,80,2),(362,2,80,0),(362,3,80,0),(362,4,80,0),(362,5,80,0),(362,6,80,0),(363,1,70,1),(363,2,40,0),(363,3,50,0),(363,4,55,0),(363,5,50,0),(363,6,25,0),(364,1,90,2),(364,2,60,0),(364,3,70,0),(364,4,75,0),(364,5,70,0),(364,6,45,0),(365,1,110,3),(365,2,80,0),(365,3,90,0),(365,4,95,0),(365,5,90,0),(365,6,65,0),(366,1,35,0),(366,2,64,0),(366,3,85,1),(366,4,74,0),(366,5,55,0),(366,6,32,0),(367,1,55,0),(367,2,104,1),(367,3,105,1),(367,4,94,0),(367,5,75,0),(367,6,52,0),(368,1,55,0),(368,2,84,0),(368,3,105,0),(368,4,114,2),(368,5,75,0),(368,6,52,0),(369,1,100,1),(369,2,90,0),(369,3,130,1),(369,4,45,0),(369,5,65,0),(369,6,55,0),(370,1,43,0),(370,2,30,0),(370,3,55,0),(370,4,40,0),(370,5,65,0),(370,6,97,1),(371,1,45,0),(371,2,75,1),(371,3,60,0),(371,4,40,0),(371,5,30,0),(371,6,50,0),(372,1,65,0),(372,2,95,0),(372,3,100,2),(372,4,60,0),(372,5,50,0),(372,6,50,0),(373,1,95,0),(373,2,135,3),(373,3,80,0),(373,4,110,0),(373,5,80,0),(373,6,100,0),(374,1,40,0),(374,2,55,0),(374,3,80,1),(374,4,35,0),(374,5,60,0),(374,6,30,0),(375,1,60,0),(375,2,75,0),(375,3,100,2),(375,4,55,0),(375,5,80,0),(375,6,50,0),(376,1,80,0),(376,2,135,0),(376,3,130,3),(376,4,95,0),(376,5,90,0),(376,6,70,0),(377,1,80,0),(377,2,100,0),(377,3,200,3),(377,4,50,0),(377,5,100,0),(377,6,50,0),(378,1,80,0),(378,2,50,0),(378,3,100,0),(378,4,100,0),(378,5,200,3),(378,6,50,0),(379,1,80,0),(379,2,75,0),(379,3,150,2),(379,4,75,0),(379,5,150,1),(379,6,50,0),(380,1,80,0),(380,2,80,0),(380,3,90,0),(380,4,110,0),(380,5,130,3),(380,6,110,0),(381,1,80,0),(381,2,90,0),(381,3,80,0),(381,4,130,3),(381,5,110,0),(381,6,110,0),(382,1,100,0),(382,2,100,0),(382,3,90,0),(382,4,150,3),(382,5,140,0),(382,6,90,0),(383,1,100,0),(383,2,150,3),(383,3,140,0),(383,4,100,0),(383,5,90,0),(383,6,90,0),(384,1,105,0),(384,2,150,2),(384,3,90,0),(384,4,150,1),(384,5,90,0),(384,6,95,0),(385,1,100,3),(385,2,100,0),(385,3,100,0),(385,4,100,0),(385,5,100,0),(385,6,100,0),(386,1,50,0),(386,2,150,1),(386,3,50,0),(386,4,150,1),(386,5,50,0),(386,6,150,1),(387,1,55,0),(387,2,68,1),(387,3,64,0),(387,4,45,0),(387,5,55,0),(387,6,31,0),(388,1,75,0),(388,2,89,1),(388,3,85,1),(388,4,55,0),(388,5,65,0),(388,6,36,0),(389,1,95,0),(389,2,109,2),(389,3,105,1),(389,4,75,0),(389,5,85,0),(389,6,56,0),(390,1,44,0),(390,2,58,0),(390,3,44,0),(390,4,58,0),(390,5,44,0),(390,6,61,1),(391,1,64,0),(391,2,78,0),(391,3,52,0),(391,4,78,1),(391,5,52,0),(391,6,81,1),(392,1,76,0),(392,2,104,1),(392,3,71,0),(392,4,104,1),(392,5,71,0),(392,6,108,1),(393,1,53,0),(393,2,51,0),(393,3,53,0),(393,4,61,1),(393,5,56,0),(393,6,40,0),(394,1,64,0),(394,2,66,0),(394,3,68,0),(394,4,81,2),(394,5,76,0),(394,6,50,0),(395,1,84,0),(395,2,86,0),(395,3,88,0),(395,4,111,3),(395,5,101,0),(395,6,60,0),(396,1,40,0),(396,2,55,0),(396,3,30,0),(396,4,30,0),(396,5,30,0),(396,6,60,1),(397,1,55,0),(397,2,75,0),(397,3,50,0),(397,4,40,0),(397,5,40,0),(397,6,80,2),(398,1,85,0),(398,2,120,3),(398,3,70,0),(398,4,50,0),(398,5,60,0),(398,6,100,0),(399,1,59,1),(399,2,45,0),(399,3,40,0),(399,4,35,0),(399,5,40,0),(399,6,31,0),(400,1,79,0),(400,2,85,2),(400,3,60,0),(400,4,55,0),(400,5,60,0),(400,6,71,0),(401,1,37,0),(401,2,25,0),(401,3,41,1),(401,4,25,0),(401,5,41,0),(401,6,25,0),(402,1,77,0),(402,2,85,2),(402,3,51,0),(402,4,55,0),(402,5,51,0),(402,6,65,0),(403,1,45,0),(403,2,65,1),(403,3,34,0),(403,4,40,0),(403,5,34,0),(403,6,45,0),(404,1,60,0),(404,2,85,2),(404,3,49,0),(404,4,60,0),(404,5,49,0),(404,6,60,0),(405,1,80,0),(405,2,120,3),(405,3,79,0),(405,4,95,0),(405,5,79,0),(405,6,70,0),(406,1,40,0),(406,2,30,0),(406,3,35,0),(406,4,50,1),(406,5,70,0),(406,6,55,0),(407,1,60,0),(407,2,70,0),(407,3,65,0),(407,4,125,3),(407,5,105,0),(407,6,90,0),(408,1,67,0),(408,2,125,1),(408,3,40,0),(408,4,30,0),(408,5,30,0),(408,6,58,0),(409,1,97,0),(409,2,165,2),(409,3,60,0),(409,4,65,0),(409,5,50,0),(409,6,58,0),(410,1,30,0),(410,2,42,0),(410,3,118,1),(410,4,42,0),(410,5,88,0),(410,6,30,0),(411,1,60,0),(411,2,52,0),(411,3,168,2),(411,4,47,0),(411,5,138,0),(411,6,30,0),(412,1,40,0),(412,2,29,0),(412,3,45,0),(412,4,29,0),(412,5,45,1),(412,6,36,0),(413,1,60,0),(413,2,59,0),(413,3,85,0),(413,4,79,0),(413,5,105,2),(413,6,36,0),(414,1,70,0),(414,2,94,1),(414,3,50,0),(414,4,94,1),(414,5,50,0),(414,6,66,0),(415,1,30,0),(415,2,30,0),(415,3,42,0),(415,4,30,0),(415,5,42,0),(415,6,70,1),(416,1,70,0),(416,2,80,0),(416,3,102,1),(416,4,80,0),(416,5,102,1),(416,6,40,0),(417,1,60,0),(417,2,45,0),(417,3,70,0),(417,4,45,0),(417,5,90,0),(417,6,95,1),(418,1,55,0),(418,2,65,0),(418,3,35,0),(418,4,60,0),(418,5,30,0),(418,6,85,1),(419,1,85,0),(419,2,105,0),(419,3,55,0),(419,4,85,0),(419,5,50,0),(419,6,115,2),(420,1,45,0),(420,2,35,0),(420,3,45,0),(420,4,62,1),(420,5,53,0),(420,6,35,0),(421,1,70,0),(421,2,60,0),(421,3,70,0),(421,4,87,2),(421,5,78,0),(421,6,85,0),(422,1,76,1),(422,2,48,0),(422,3,48,0),(422,4,57,0),(422,5,62,0),(422,6,34,0),(423,1,111,2),(423,2,83,0),(423,3,68,0),(423,4,92,0),(423,5,82,0),(423,6,39,0),(424,1,75,0),(424,2,100,0),(424,3,66,0),(424,4,60,0),(424,5,66,0),(424,6,115,2),(425,1,90,1),(425,2,50,0),(425,3,34,0),(425,4,60,0),(425,5,44,0),(425,6,70,0),(426,1,150,2),(426,2,80,0),(426,3,44,0),(426,4,90,0),(426,5,54,0),(426,6,80,0),(427,1,55,0),(427,2,66,0),(427,3,44,0),(427,4,44,0),(427,5,56,0),(427,6,85,1),(428,1,65,0),(428,2,76,0),(428,3,84,0),(428,4,54,0),(428,5,96,0),(428,6,105,2),(429,1,60,0),(429,2,60,0),(429,3,60,0),(429,4,105,1),(429,5,105,1),(429,6,105,0),(430,1,100,0),(430,2,125,2),(430,3,52,0),(430,4,105,0),(430,5,52,0),(430,6,71,0),(431,1,49,0),(431,2,55,0),(431,3,42,0),(431,4,42,0),(431,5,37,0),(431,6,85,1),(432,1,71,0),(432,2,82,0),(432,3,64,0),(432,4,64,0),(432,5,59,0),(432,6,112,2),(433,1,45,0),(433,2,30,0),(433,3,50,0),(433,4,65,1),(433,5,50,0),(433,6,45,0),(434,1,63,0),(434,2,63,0),(434,3,47,0),(434,4,41,0),(434,5,41,0),(434,6,74,1),(435,1,103,2),(435,2,93,0),(435,3,67,0),(435,4,71,0),(435,5,61,0),(435,6,84,0),(436,1,57,0),(436,2,24,0),(436,3,86,1),(436,4,24,0),(436,5,86,0),(436,6,23,0),(437,1,67,0),(437,2,89,0),(437,3,116,1),(437,4,79,0),(437,5,116,1),(437,6,33,0),(438,1,50,0),(438,2,80,0),(438,3,95,1),(438,4,10,0),(438,5,45,0),(438,6,10,0),(439,1,20,0),(439,2,25,0),(439,3,45,0),(439,4,70,0),(439,5,90,1),(439,6,60,0),(440,1,100,1),(440,2,5,0),(440,3,5,0),(440,4,15,0),(440,5,65,0),(440,6,30,0),(441,1,76,0),(441,2,65,1),(441,3,45,0),(441,4,92,0),(441,5,42,0),(441,6,91,0),(442,1,50,0),(442,2,92,0),(442,3,108,1),(442,4,92,0),(442,5,108,1),(442,6,35,0),(443,1,58,0),(443,2,70,1),(443,3,45,0),(443,4,40,0),(443,5,45,0),(443,6,42,0),(444,1,68,0),(444,2,90,2),(444,3,65,0),(444,4,50,0),(444,5,55,0),(444,6,82,0),(445,1,108,0),(445,2,130,3),(445,3,95,0),(445,4,80,0),(445,5,85,0),(445,6,102,0),(446,1,135,1),(446,2,85,0),(446,3,40,0),(446,4,40,0),(446,5,85,0),(446,6,5,0),(447,1,40,0),(447,2,70,1),(447,3,40,0),(447,4,35,0),(447,5,40,0),(447,6,60,0),(448,1,70,0),(448,2,110,1),(448,3,70,0),(448,4,115,1),(448,5,70,0),(448,6,90,0),(449,1,68,0),(449,2,72,0),(449,3,78,1),(449,4,38,0),(449,5,42,0),(449,6,32,0),(450,1,108,0),(450,2,112,0),(450,3,118,2),(450,4,68,0),(450,5,72,0),(450,6,47,0),(451,1,40,0),(451,2,50,0),(451,3,90,1),(451,4,30,0),(451,5,55,0),(451,6,65,0),(452,1,70,0),(452,2,90,0),(452,3,110,2),(452,4,60,0),(452,5,75,0),(452,6,95,0),(453,1,48,0),(453,2,61,1),(453,3,40,0),(453,4,61,0),(453,5,40,0),(453,6,50,0),(454,1,83,0),(454,2,106,2),(454,3,65,0),(454,4,86,0),(454,5,65,0),(454,6,85,0),(455,1,74,0),(455,2,100,2),(455,3,72,0),(455,4,90,0),(455,5,72,0),(455,6,46,0),(456,1,49,0),(456,2,49,0),(456,3,56,0),(456,4,49,0),(456,5,61,0),(456,6,66,1),(457,1,69,0),(457,2,69,0),(457,3,76,0),(457,4,69,0),(457,5,86,0),(457,6,91,2),(458,1,45,0),(458,2,20,0),(458,3,50,0),(458,4,60,0),(458,5,120,1),(458,6,50,0),(459,1,60,0),(459,2,62,1),(459,3,50,0),(459,4,62,0),(459,5,60,0),(459,6,40,0),(460,1,90,0),(460,2,92,1),(460,3,75,0),(460,4,92,1),(460,5,85,0),(460,6,60,0),(461,1,70,0),(461,2,120,1),(461,3,65,0),(461,4,45,0),(461,5,85,0),(461,6,125,1),(462,1,70,0),(462,2,70,0),(462,3,115,0),(462,4,130,3),(462,5,90,0),(462,6,60,0),(463,1,110,3),(463,2,85,0),(463,3,95,0),(463,4,80,0),(463,5,95,0),(463,6,50,0),(464,1,115,0),(464,2,140,3),(464,3,130,0),(464,4,55,0),(464,5,55,0),(464,6,40,0),(465,1,100,0),(465,2,100,0),(465,3,125,2),(465,4,110,0),(465,5,50,0),(465,6,50,0),(466,1,75,0),(466,2,123,3),(466,3,67,0),(466,4,95,0),(466,5,85,0),(466,6,95,0),(467,1,75,0),(467,2,95,0),(467,3,67,0),(467,4,125,3),(467,5,95,0),(467,6,83,0),(468,1,85,0),(468,2,50,0),(468,3,95,0),(468,4,120,2),(468,5,115,1),(468,6,80,0),(469,1,86,0),(469,2,76,2),(469,3,86,0),(469,4,116,0),(469,5,56,0),(469,6,95,0),(470,1,65,0),(470,2,110,0),(470,3,130,2),(470,4,60,0),(470,5,65,0),(470,6,95,0),(471,1,65,0),(471,2,60,0),(471,3,110,0),(471,4,130,2),(471,5,95,0),(471,6,65,0),(472,1,75,0),(472,2,95,0),(472,3,125,2),(472,4,45,0),(472,5,75,0),(472,6,95,0),(473,1,110,0),(473,2,130,3),(473,3,80,0),(473,4,70,0),(473,5,60,0),(473,6,80,0),(474,1,85,0),(474,2,80,0),(474,3,70,0),(474,4,135,3),(474,5,75,0),(474,6,90,0),(475,1,68,0),(475,2,125,3),(475,3,65,0),(475,4,65,0),(475,5,115,0),(475,6,80,0),(476,1,60,0),(476,2,55,0),(476,3,145,1),(476,4,75,0),(476,5,150,2),(476,6,40,0),(477,1,45,0),(477,2,100,0),(477,3,135,1),(477,4,65,0),(477,5,135,2),(477,6,45,0),(478,1,70,0),(478,2,80,0),(478,3,70,0),(478,4,80,0),(478,5,70,0),(478,6,110,2),(479,1,50,0),(479,2,50,0),(479,3,77,0),(479,4,95,1),(479,5,77,0),(479,6,91,1),(480,1,75,0),(480,2,75,0),(480,3,130,2),(480,4,75,0),(480,5,130,1),(480,6,95,0),(481,1,80,0),(481,2,105,1),(481,3,105,0),(481,4,105,1),(481,5,105,1),(481,6,80,0),(482,1,75,0),(482,2,125,2),(482,3,70,0),(482,4,125,1),(482,5,70,0),(482,6,115,0),(483,1,100,0),(483,2,120,0),(483,3,120,0),(483,4,150,3),(483,5,100,0),(483,6,90,0),(484,1,90,0),(484,2,120,0),(484,3,100,0),(484,4,150,3),(484,5,120,0),(484,6,100,0),(485,1,91,0),(485,2,90,0),(485,3,106,0),(485,4,130,3),(485,5,106,0),(485,6,77,0),(486,1,110,0),(486,2,160,3),(486,3,110,0),(486,4,80,0),(486,5,110,0),(486,6,100,0),(487,1,150,3),(487,2,100,0),(487,3,120,0),(487,4,100,0),(487,5,120,0),(487,6,90,0),(488,1,120,0),(488,2,70,0),(488,3,120,0),(488,4,75,0),(488,5,130,3),(488,6,85,0),(489,1,80,1),(489,2,80,0),(489,3,80,0),(489,4,80,0),(489,5,80,0),(489,6,80,0),(490,1,100,3),(490,2,100,0),(490,3,100,0),(490,4,100,0),(490,5,100,0),(490,6,100,0),(491,1,70,0),(491,2,90,0),(491,3,90,0),(491,4,135,2),(491,5,90,0),(491,6,125,1),(492,1,100,3),(492,2,100,0),(492,3,100,0),(492,4,100,0),(492,5,100,0),(492,6,100,0),(493,1,120,3),(493,2,120,0),(493,3,120,0),(493,4,120,0),(493,5,120,0),(493,6,120,0),(494,1,100,3),(494,2,100,0),(494,3,100,0),(494,4,100,0),(494,5,100,0),(494,6,100,0),(495,1,45,0),(495,2,45,0),(495,3,55,0),(495,4,45,0),(495,5,55,0),(495,6,63,1),(496,1,60,0),(496,2,60,0),(496,3,75,0),(496,4,60,0),(496,5,75,0),(496,6,83,2),(497,1,75,0),(497,2,75,0),(497,3,95,0),(497,4,75,0),(497,5,95,0),(497,6,113,3),(498,1,65,1),(498,2,63,0),(498,3,45,0),(498,4,45,0),(498,5,45,0),(498,6,45,0),(499,1,90,0),(499,2,93,2),(499,3,55,0),(499,4,70,0),(499,5,55,0),(499,6,55,0),(500,1,110,0),(500,2,123,3),(500,3,65,0),(500,4,100,0),(500,5,65,0),(500,6,65,0),(501,1,55,0),(501,2,55,0),(501,3,45,0),(501,4,63,1),(501,5,45,0),(501,6,45,0),(502,1,75,0),(502,2,75,0),(502,3,60,0),(502,4,83,2),(502,5,60,0),(502,6,60,0),(503,1,95,0),(503,2,100,0),(503,3,85,0),(503,4,108,3),(503,5,70,0),(503,6,70,0),(504,1,45,0),(504,2,55,1),(504,3,39,0),(504,4,35,0),(504,5,39,0),(504,6,42,0),(505,1,60,0),(505,2,85,2),(505,3,69,0),(505,4,60,0),(505,5,69,0),(505,6,77,0),(506,1,45,0),(506,2,60,1),(506,3,45,0),(506,4,25,0),(506,5,45,0),(506,6,55,0),(507,1,65,0),(507,2,80,2),(507,3,65,0),(507,4,35,0),(507,5,65,0),(507,6,60,0),(508,1,85,0),(508,2,110,3),(508,3,90,0),(508,4,45,0),(508,5,90,0),(508,6,80,0),(509,1,41,0),(509,2,50,0),(509,3,37,0),(509,4,50,0),(509,5,37,0),(509,6,66,1),(510,1,64,0),(510,2,88,0),(510,3,50,0),(510,4,88,0),(510,5,50,0),(510,6,106,2),(511,1,50,0),(511,2,53,0),(511,3,48,0),(511,4,53,0),(511,5,48,0),(511,6,64,1),(512,1,75,0),(512,2,98,0),(512,3,63,0),(512,4,98,0),(512,5,63,0),(512,6,101,2),(513,1,50,0),(513,2,53,0),(513,3,48,0),(513,4,53,0),(513,5,48,0),(513,6,64,1),(514,1,75,0),(514,2,98,0),(514,3,63,0),(514,4,98,0),(514,5,63,0),(514,6,101,2),(515,1,50,0),(515,2,53,0),(515,3,48,0),(515,4,53,0),(515,5,48,0),(515,6,64,1),(516,1,75,0),(516,2,98,0),(516,3,63,0),(516,4,98,0),(516,5,63,0),(516,6,101,2),(517,1,76,1),(517,2,25,0),(517,3,45,0),(517,4,67,0),(517,5,55,0),(517,6,24,0),(518,1,116,2),(518,2,55,0),(518,3,85,0),(518,4,107,0),(518,5,95,0),(518,6,29,0),(519,1,50,0),(519,2,55,1),(519,3,50,0),(519,4,36,0),(519,5,30,0),(519,6,43,0),(520,1,62,0),(520,2,77,2),(520,3,62,0),(520,4,50,0),(520,5,42,0),(520,6,65,0),(521,1,80,0),(521,2,115,3),(521,3,80,0),(521,4,65,0),(521,5,55,0),(521,6,93,0),(522,1,45,0),(522,2,60,0),(522,3,32,0),(522,4,50,0),(522,5,32,0),(522,6,76,1),(523,1,75,0),(523,2,100,0),(523,3,63,0),(523,4,80,0),(523,5,63,0),(523,6,116,2),(524,1,55,0),(524,2,75,0),(524,3,85,1),(524,4,25,0),(524,5,25,0),(524,6,15,0),(525,1,70,0),(525,2,105,1),(525,3,105,1),(525,4,50,0),(525,5,40,0),(525,6,20,0),(526,1,85,0),(526,2,135,3),(526,3,130,0),(526,4,60,0),(526,5,80,0),(526,6,25,0),(527,1,65,0),(527,2,45,0),(527,3,43,0),(527,4,55,0),(527,5,43,0),(527,6,72,1),(528,1,67,0),(528,2,57,0),(528,3,55,0),(528,4,77,0),(528,5,55,0),(528,6,114,2),(529,1,60,0),(529,2,85,1),(529,3,40,0),(529,4,30,0),(529,5,45,0),(529,6,68,0),(530,1,110,0),(530,2,135,2),(530,3,60,0),(530,4,50,0),(530,5,65,0),(530,6,88,0),(531,1,103,2),(531,2,60,0),(531,3,86,0),(531,4,60,0),(531,5,86,0),(531,6,50,0),(532,1,75,0),(532,2,80,1),(532,3,55,0),(532,4,25,0),(532,5,35,0),(532,6,35,0),(533,1,85,0),(533,2,105,2),(533,3,85,0),(533,4,40,0),(533,5,50,0),(533,6,40,0),(534,1,105,0),(534,2,140,3),(534,3,95,0),(534,4,55,0),(534,5,65,0),(534,6,45,0),(535,1,50,0),(535,2,50,0),(535,3,40,0),(535,4,50,0),(535,5,40,0),(535,6,64,1),(536,1,75,2),(536,2,65,0),(536,3,55,0),(536,4,65,0),(536,5,55,0),(536,6,69,0),(537,1,105,3),(537,2,95,0),(537,3,75,0),(537,4,85,0),(537,5,75,0),(537,6,74,0),(538,1,120,2),(538,2,100,0),(538,3,85,0),(538,4,30,0),(538,5,85,0),(538,6,45,0),(539,1,75,0),(539,2,125,2),(539,3,75,0),(539,4,30,0),(539,5,75,0),(539,6,85,0),(540,1,45,0),(540,2,53,0),(540,3,70,1),(540,4,40,0),(540,5,60,0),(540,6,42,0),(541,1,55,0),(541,2,63,0),(541,3,90,2),(541,4,50,0),(541,5,80,0),(541,6,42,0),(542,1,75,0),(542,2,103,3),(542,3,80,0),(542,4,70,0),(542,5,80,0),(542,6,92,0),(543,1,30,0),(543,2,45,0),(543,3,59,1),(543,4,30,0),(543,5,39,0),(543,6,57,0),(544,1,40,0),(544,2,55,0),(544,3,99,2),(544,4,40,0),(544,5,79,0),(544,6,47,0),(545,1,60,0),(545,2,100,0),(545,3,89,0),(545,4,55,0),(545,5,69,0),(545,6,112,3),(546,1,40,0),(546,2,27,0),(546,3,60,0),(546,4,37,0),(546,5,50,0),(546,6,66,1),(547,1,60,0),(547,2,67,0),(547,3,85,0),(547,4,77,0),(547,5,75,0),(547,6,116,2),(548,1,45,0),(548,2,35,0),(548,3,50,0),(548,4,70,1),(548,5,50,0),(548,6,30,0),(549,1,70,0),(549,2,60,0),(549,3,75,0),(549,4,110,2),(549,5,75,0),(549,6,90,0),(550,1,70,0),(550,2,92,0),(550,3,65,0),(550,4,80,0),(550,5,55,0),(550,6,98,2),(551,1,50,0),(551,2,72,1),(551,3,35,0),(551,4,35,0),(551,5,35,0),(551,6,65,0),(552,1,60,0),(552,2,82,2),(552,3,45,0),(552,4,45,0),(552,5,45,0),(552,6,74,0),(553,1,95,0),(553,2,117,3),(553,3,80,0),(553,4,65,0),(553,5,70,0),(553,6,92,0),(554,1,70,0),(554,2,90,1),(554,3,45,0),(554,4,15,0),(554,5,45,0),(554,6,50,0),(555,1,105,0),(555,2,140,2),(555,3,55,0),(555,4,30,0),(555,5,55,0),(555,6,95,0),(556,1,75,0),(556,2,86,0),(556,3,67,0),(556,4,106,2),(556,5,67,0),(556,6,60,0),(557,1,50,0),(557,2,65,0),(557,3,85,1),(557,4,35,0),(557,5,35,0),(557,6,55,0),(558,1,70,0),(558,2,105,0),(558,3,125,2),(558,4,65,0),(558,5,75,0),(558,6,45,0),(559,1,50,0),(559,2,75,1),(559,3,70,0),(559,4,35,0),(559,5,70,0),(559,6,48,0),(560,1,65,0),(560,2,90,0),(560,3,115,1),(560,4,45,0),(560,5,115,1),(560,6,58,0),(561,1,72,0),(561,2,58,0),(561,3,80,0),(561,4,103,2),(561,5,80,0),(561,6,97,0),(562,1,38,0),(562,2,30,0),(562,3,85,1),(562,4,55,0),(562,5,65,0),(562,6,30,0),(563,1,58,0),(563,2,50,0),(563,3,145,2),(563,4,95,0),(563,5,105,0),(563,6,30,0),(564,1,54,0),(564,2,78,0),(564,3,103,1),(564,4,53,0),(564,5,45,0),(564,6,22,0),(565,1,74,0),(565,2,108,0),(565,3,133,2),(565,4,83,0),(565,5,65,0),(565,6,32,0),(566,1,55,0),(566,2,112,1),(566,3,45,0),(566,4,74,0),(566,5,45,0),(566,6,70,0),(567,1,75,0),(567,2,140,2),(567,3,65,0),(567,4,112,0),(567,5,65,0),(567,6,110,0),(568,1,50,0),(568,2,50,0),(568,3,62,0),(568,4,40,0),(568,5,62,0),(568,6,65,1),(569,1,80,0),(569,2,95,2),(569,3,82,0),(569,4,60,0),(569,5,82,0),(569,6,75,0),(570,1,40,0),(570,2,65,0),(570,3,40,0),(570,4,80,1),(570,5,40,0),(570,6,65,0),(571,1,60,0),(571,2,105,0),(571,3,60,0),(571,4,120,2),(571,5,60,0),(571,6,105,0),(572,1,55,0),(572,2,50,0),(572,3,40,0),(572,4,40,0),(572,5,40,0),(572,6,75,1),(573,1,75,0),(573,2,95,0),(573,3,60,0),(573,4,65,0),(573,5,60,0),(573,6,115,2),(574,1,45,0),(574,2,30,0),(574,3,50,0),(574,4,55,0),(574,5,65,1),(574,6,45,0),(575,1,60,0),(575,2,45,0),(575,3,70,0),(575,4,75,0),(575,5,85,2),(575,6,55,0),(576,1,70,0),(576,2,55,0),(576,3,95,0),(576,4,95,0),(576,5,110,3),(576,6,65,0),(577,1,45,0),(577,2,30,0),(577,3,40,0),(577,4,105,1),(577,5,50,0),(577,6,20,0),(578,1,65,0),(578,2,40,0),(578,3,50,0),(578,4,125,2),(578,5,60,0),(578,6,30,0),(579,1,110,0),(579,2,65,0),(579,3,75,0),(579,4,125,3),(579,5,85,0),(579,6,30,0),(580,1,62,1),(580,2,44,0),(580,3,50,0),(580,4,44,0),(580,5,50,0),(580,6,55,0),(581,1,75,0),(581,2,87,0),(581,3,63,0),(581,4,87,0),(581,5,63,0),(581,6,98,2),(582,1,36,0),(582,2,50,0),(582,3,50,0),(582,4,65,1),(582,5,60,0),(582,6,44,0),(583,1,51,0),(583,2,65,0),(583,3,65,0),(583,4,80,2),(583,5,75,0),(583,6,59,0),(584,1,71,0),(584,2,95,0),(584,3,85,0),(584,4,110,3),(584,5,95,0),(584,6,79,0),(585,1,60,0),(585,2,60,0),(585,3,50,0),(585,4,40,0),(585,5,50,0),(585,6,75,1),(586,1,80,0),(586,2,100,2),(586,3,70,0),(586,4,60,0),(586,5,70,0),(586,6,95,0),(587,1,55,0),(587,2,75,0),(587,3,60,0),(587,4,75,0),(587,5,60,0),(587,6,103,2),(588,1,50,0),(588,2,75,1),(588,3,45,0),(588,4,40,0),(588,5,45,0),(588,6,60,0),(589,1,70,0),(589,2,135,2),(589,3,105,0),(589,4,60,0),(589,5,105,0),(589,6,20,0),(590,1,69,1),(590,2,55,0),(590,3,45,0),(590,4,55,0),(590,5,55,0),(590,6,15,0),(591,1,114,2),(591,2,85,0),(591,3,70,0),(591,4,85,0),(591,5,80,0),(591,6,30,0),(592,1,55,0),(592,2,40,0),(592,3,50,0),(592,4,65,0),(592,5,85,1),(592,6,40,0),(593,1,100,0),(593,2,60,0),(593,3,70,0),(593,4,85,0),(593,5,105,2),(593,6,60,0),(594,1,165,2),(594,2,75,0),(594,3,80,0),(594,4,40,0),(594,5,45,0),(594,6,65,0),(595,1,50,0),(595,2,47,0),(595,3,50,0),(595,4,57,0),(595,5,50,0),(595,6,65,1),(596,1,70,0),(596,2,77,0),(596,3,60,0),(596,4,97,0),(596,5,60,0),(596,6,108,2),(597,1,44,0),(597,2,50,0),(597,3,91,1),(597,4,24,0),(597,5,86,0),(597,6,10,0),(598,1,74,0),(598,2,94,0),(598,3,131,2),(598,4,54,0),(598,5,116,0),(598,6,20,0),(599,1,40,0),(599,2,55,0),(599,3,70,1),(599,4,45,0),(599,5,60,0),(599,6,30,0),(600,1,60,0),(600,2,80,0),(600,3,95,2),(600,4,70,0),(600,5,85,0),(600,6,50,0),(601,1,60,0),(601,2,100,0),(601,3,115,3),(601,4,70,0),(601,5,85,0),(601,6,90,0),(602,1,35,0),(602,2,55,0),(602,3,40,0),(602,4,45,0),(602,5,40,0),(602,6,60,1),(603,1,65,0),(603,2,85,2),(603,3,70,0),(603,4,75,0),(603,5,70,0),(603,6,40,0),(604,1,85,0),(604,2,115,3),(604,3,80,0),(604,4,105,0),(604,5,80,0),(604,6,50,0),(605,1,55,0),(605,2,55,0),(605,3,55,0),(605,4,85,1),(605,5,55,0),(605,6,30,0),(606,1,75,0),(606,2,75,0),(606,3,75,0),(606,4,125,2),(606,5,95,0),(606,6,40,0),(607,1,50,0),(607,2,30,0),(607,3,55,0),(607,4,65,1),(607,5,55,0),(607,6,20,0),(608,1,60,0),(608,2,40,0),(608,3,60,0),(608,4,95,2),(608,5,60,0),(608,6,55,0),(609,1,60,0),(609,2,55,0),(609,3,90,0),(609,4,145,3),(609,5,90,0),(609,6,80,0),(610,1,46,0),(610,2,87,1),(610,3,60,0),(610,4,30,0),(610,5,40,0),(610,6,57,0),(611,1,66,0),(611,2,117,2),(611,3,70,0),(611,4,40,0),(611,5,50,0),(611,6,67,0),(612,1,76,0),(612,2,147,3),(612,3,90,0),(612,4,60,0),(612,5,70,0),(612,6,97,0),(613,1,55,0),(613,2,70,1),(613,3,40,0),(613,4,60,0),(613,5,40,0),(613,6,40,0),(614,1,95,0),(614,2,130,2),(614,3,80,0),(614,4,70,0),(614,5,80,0),(614,6,50,0),(615,1,80,0),(615,2,50,0),(615,3,50,0),(615,4,95,0),(615,5,135,2),(615,6,105,0),(616,1,50,0),(616,2,40,0),(616,3,85,1),(616,4,40,0),(616,5,65,0),(616,6,25,0),(617,1,80,0),(617,2,70,0),(617,3,40,0),(617,4,100,0),(617,5,60,0),(617,6,145,2),(618,1,109,2),(618,2,66,0),(618,3,84,0),(618,4,81,0),(618,5,99,0),(618,6,32,0),(619,1,45,0),(619,2,85,1),(619,3,50,0),(619,4,55,0),(619,5,50,0),(619,6,65,0),(620,1,65,0),(620,2,125,2),(620,3,60,0),(620,4,95,0),(620,5,60,0),(620,6,105,0),(621,1,77,0),(621,2,120,2),(621,3,90,0),(621,4,60,0),(621,5,90,0),(621,6,48,0),(622,1,59,0),(622,2,74,1),(622,3,50,0),(622,4,35,0),(622,5,50,0),(622,6,35,0),(623,1,89,0),(623,2,124,2),(623,3,80,0),(623,4,55,0),(623,5,80,0),(623,6,55,0),(624,1,45,0),(624,2,85,1),(624,3,70,0),(624,4,40,0),(624,5,40,0),(624,6,60,0),(625,1,65,0),(625,2,125,2),(625,3,100,0),(625,4,60,0),(625,5,70,0),(625,6,70,0),(626,1,95,0),(626,2,110,2),(626,3,95,0),(626,4,40,0),(626,5,95,0),(626,6,55,0),(627,1,70,0),(627,2,83,1),(627,3,50,0),(627,4,37,0),(627,5,50,0),(627,6,60,0),(628,1,100,0),(628,2,123,2),(628,3,75,0),(628,4,57,0),(628,5,75,0),(628,6,80,0),(629,1,70,0),(629,2,55,0),(629,3,75,1),(629,4,45,0),(629,5,65,0),(629,6,60,0),(630,1,110,0),(630,2,65,0),(630,3,105,0),(630,4,55,2),(630,5,95,0),(630,6,80,0),(631,1,85,0),(631,2,97,0),(631,3,66,0),(631,4,105,2),(631,5,66,0),(631,6,65,0),(632,1,58,0),(632,2,109,0),(632,3,112,2),(632,4,48,0),(632,5,48,0),(632,6,109,0),(633,1,52,0),(633,2,65,1),(633,3,50,0),(633,4,45,0),(633,5,50,0),(633,6,38,0),(634,1,72,0),(634,2,85,2),(634,3,70,0),(634,4,65,0),(634,5,70,0),(634,6,58,0),(635,1,92,0),(635,2,105,0),(635,3,90,0),(635,4,125,3),(635,5,90,0),(635,6,98,0),(636,1,55,0),(636,2,85,1),(636,3,55,0),(636,4,50,0),(636,5,55,0),(636,6,60,0),(637,1,85,0),(637,2,60,0),(637,3,65,0),(637,4,135,3),(637,5,105,0),(637,6,100,0),(638,1,91,0),(638,2,90,0),(638,3,129,3),(638,4,90,0),(638,5,72,0),(638,6,108,0),(639,1,91,0),(639,2,129,3),(639,3,90,0),(639,4,72,0),(639,5,90,0),(639,6,108,0),(640,1,91,0),(640,2,90,0),(640,3,72,0),(640,4,90,0),(640,5,129,3),(640,6,108,0),(641,1,79,0),(641,2,115,3),(641,3,70,0),(641,4,125,0),(641,5,80,0),(641,6,111,0),(642,1,79,0),(642,2,115,3),(642,3,70,0),(642,4,125,0),(642,5,80,0),(642,6,111,0),(643,1,100,0),(643,2,120,0),(643,3,100,0),(643,4,150,3),(643,5,120,0),(643,6,90,0),(644,1,100,0),(644,2,150,3),(644,3,120,0),(644,4,120,0),(644,5,100,0),(644,6,90,0),(645,1,89,0),(645,2,125,0),(645,3,90,0),(645,4,115,3),(645,5,80,0),(645,6,101,0),(646,1,125,1),(646,2,130,1),(646,3,90,0),(646,4,130,1),(646,5,90,0),(646,6,95,0),(647,1,91,0),(647,2,72,0),(647,3,90,0),(647,4,129,3),(647,5,90,0),(647,6,108,0),(648,1,100,0),(648,2,77,0),(648,3,77,0),(648,4,128,1),(648,5,128,1),(648,6,90,1),(649,1,71,0),(649,2,120,1),(649,3,95,0),(649,4,120,1),(649,5,95,0),(649,6,99,1),(650,1,56,0),(650,2,61,0),(650,3,65,1),(650,4,48,0),(650,5,45,0),(650,6,38,0),(651,1,61,0),(651,2,78,0),(651,3,95,2),(651,4,56,0),(651,5,58,0),(651,6,57,0),(652,1,88,0),(652,2,107,0),(652,3,122,3),(652,4,74,0),(652,5,75,0),(652,6,64,0),(653,1,40,0),(653,2,45,0),(653,3,40,0),(653,4,62,1),(653,5,60,0),(653,6,60,0),(654,1,59,0),(654,2,59,0),(654,3,58,0),(654,4,90,2),(654,5,70,0),(654,6,73,0),(655,1,75,0),(655,2,69,0),(655,3,72,0),(655,4,114,3),(655,5,100,0),(655,6,104,0),(656,1,41,0),(656,2,56,0),(656,3,40,0),(656,4,62,0),(656,5,44,0),(656,6,71,1),(657,1,54,0),(657,2,63,0),(657,3,52,0),(657,4,83,0),(657,5,56,0),(657,6,97,2),(658,1,72,0),(658,2,95,0),(658,3,67,0),(658,4,103,0),(658,5,71,0),(658,6,122,3),(659,1,38,0),(659,2,36,0),(659,3,38,0),(659,4,32,0),(659,5,36,0),(659,6,57,1),(660,1,85,2),(660,2,56,0),(660,3,77,0),(660,4,50,0),(660,5,77,0),(660,6,78,0),(661,1,45,0),(661,2,50,0),(661,3,43,0),(661,4,40,0),(661,5,38,0),(661,6,62,1),(662,1,62,0),(662,2,73,0),(662,3,55,0),(662,4,56,0),(662,5,52,0),(662,6,84,2),(663,1,78,0),(663,2,81,0),(663,3,71,0),(663,4,74,0),(663,5,69,0),(663,6,126,3),(664,1,38,0),(664,2,35,0),(664,3,40,1),(664,4,27,0),(664,5,25,0),(664,6,35,0),(665,1,45,0),(665,2,22,0),(665,3,60,2),(665,4,27,0),(665,5,30,0),(665,6,29,0),(666,1,80,1),(666,2,52,0),(666,3,50,0),(666,4,90,1),(666,5,50,0),(666,6,89,1),(667,1,62,0),(667,2,50,0),(667,3,58,0),(667,4,73,1),(667,5,54,0),(667,6,72,0),(668,1,86,0),(668,2,68,0),(668,3,72,0),(668,4,109,2),(668,5,66,0),(668,6,106,0),(669,1,44,0),(669,2,38,0),(669,3,39,0),(669,4,61,0),(669,5,79,1),(669,6,42,0),(670,1,54,0),(670,2,45,0),(670,3,47,0),(670,4,75,0),(670,5,98,2),(670,6,52,0),(671,1,78,0),(671,2,65,0),(671,3,68,0),(671,4,112,0),(671,5,154,3),(671,6,75,0),(672,1,66,1),(672,2,65,0),(672,3,48,0),(672,4,62,0),(672,5,57,0),(672,6,52,0),(673,1,123,2),(673,2,100,0),(673,3,62,0),(673,4,97,0),(673,5,81,0),(673,6,68,0),(674,1,67,0),(674,2,82,1),(674,3,62,0),(674,4,46,0),(674,5,48,0),(674,6,43,0),(675,1,95,0),(675,2,124,2),(675,3,78,0),(675,4,69,0),(675,5,71,0),(675,6,58,0),(676,1,75,0),(676,2,80,0),(676,3,60,0),(676,4,65,0),(676,5,90,0),(676,6,102,1),(677,1,62,0),(677,2,48,0),(677,3,54,0),(677,4,63,0),(677,5,60,0),(677,6,68,1),(678,1,74,0),(678,2,48,0),(678,3,76,0),(678,4,83,0),(678,5,81,0),(678,6,104,2),(679,1,45,0),(679,2,80,0),(679,3,100,1),(679,4,35,0),(679,5,37,0),(679,6,28,0),(680,1,59,0),(680,2,110,0),(680,3,150,2),(680,4,45,0),(680,5,49,0),(680,6,35,0),(681,1,60,0),(681,2,50,0),(681,3,140,2),(681,4,50,0),(681,5,140,1),(681,6,60,0),(682,1,78,1),(682,2,52,0),(682,3,60,0),(682,4,63,0),(682,5,65,0),(682,6,23,0),(683,1,101,2),(683,2,72,0),(683,3,72,0),(683,4,99,0),(683,5,89,0),(683,6,29,0),(684,1,62,0),(684,2,48,0),(684,3,66,1),(684,4,59,0),(684,5,57,0),(684,6,49,0),(685,1,82,0),(685,2,80,0),(685,3,86,2),(685,4,85,0),(685,5,75,0),(685,6,72,0),(686,1,53,0),(686,2,54,1),(686,3,53,0),(686,4,37,0),(686,5,46,0),(686,6,45,0),(687,1,86,0),(687,2,92,2),(687,3,88,0),(687,4,68,0),(687,5,75,0),(687,6,73,0),(688,1,42,0),(688,2,52,1),(688,3,67,0),(688,4,39,0),(688,5,56,0),(688,6,50,0),(689,1,72,0),(689,2,105,2),(689,3,115,0),(689,4,54,0),(689,5,86,0),(689,6,68,0),(690,1,50,0),(690,2,60,0),(690,3,60,0),(690,4,60,0),(690,5,60,1),(690,6,30,0),(691,1,65,0),(691,2,75,0),(691,3,90,0),(691,4,97,0),(691,5,123,2),(691,6,44,0),(692,1,50,0),(692,2,53,0),(692,3,62,0),(692,4,58,1),(692,5,63,0),(692,6,44,0),(693,1,71,0),(693,2,73,0),(693,3,88,0),(693,4,120,2),(693,5,89,0),(693,6,59,0),(694,1,44,0),(694,2,38,0),(694,3,33,0),(694,4,61,0),(694,5,43,0),(694,6,70,1),(695,1,62,0),(695,2,55,0),(695,3,52,0),(695,4,109,1),(695,5,94,0),(695,6,109,1),(696,1,58,0),(696,2,89,1),(696,3,77,0),(696,4,45,0),(696,5,45,0),(696,6,48,0),(697,1,82,0),(697,2,121,2),(697,3,119,0),(697,4,69,0),(697,5,59,0),(697,6,71,0),(698,1,77,1),(698,2,59,0),(698,3,50,0),(698,4,67,0),(698,5,63,0),(698,6,46,0),(699,1,123,2),(699,2,77,0),(699,3,72,0),(699,4,99,0),(699,5,92,0),(699,6,58,0),(700,1,95,0),(700,2,65,0),(700,3,65,0),(700,4,110,0),(700,5,130,2),(700,6,60,0),(701,1,78,0),(701,2,92,2),(701,3,75,0),(701,4,74,0),(701,5,63,0),(701,6,118,0),(702,1,67,0),(702,2,58,0),(702,3,57,0),(702,4,81,0),(702,5,67,0),(702,6,101,2),(703,1,50,0),(703,2,50,0),(703,3,150,1),(703,4,50,0),(703,5,150,1),(703,6,50,0),(704,1,45,0),(704,2,50,0),(704,3,35,0),(704,4,55,0),(704,5,75,1),(704,6,40,0),(705,1,68,0),(705,2,75,0),(705,3,53,0),(705,4,83,0),(705,5,113,2),(705,6,60,0),(706,1,90,0),(706,2,100,0),(706,3,70,0),(706,4,110,0),(706,5,150,3),(706,6,80,0),(707,1,57,0),(707,2,80,0),(707,3,91,1),(707,4,80,0),(707,5,87,0),(707,6,75,0),(708,1,43,0),(708,2,70,1),(708,3,48,0),(708,4,50,0),(708,5,60,0),(708,6,38,0),(709,1,85,0),(709,2,110,2),(709,3,76,0),(709,4,65,0),(709,5,82,0),(709,6,56,0),(710,1,49,0),(710,2,66,0),(710,3,70,1),(710,4,44,0),(710,5,55,0),(710,6,51,0),(711,1,65,0),(711,2,90,0),(711,3,122,2),(711,4,58,0),(711,5,75,0),(711,6,84,0),(712,1,55,0),(712,2,69,0),(712,3,85,1),(712,4,32,0),(712,5,35,0),(712,6,28,0),(713,1,95,0),(713,2,117,0),(713,3,184,2),(713,4,44,0),(713,5,46,0),(713,6,28,0),(714,1,40,0),(714,2,30,0),(714,3,35,0),(714,4,45,0),(714,5,40,0),(714,6,55,1),(715,1,85,0),(715,2,70,0),(715,3,80,0),(715,4,97,0),(715,5,80,0),(715,6,123,2),(716,1,126,3),(716,2,131,0),(716,3,95,0),(716,4,131,0),(716,5,98,0),(716,6,99,0),(717,1,126,3),(717,2,131,0),(717,3,95,0),(717,4,131,0),(717,5,98,0),(717,6,99,0),(718,1,108,3),(718,2,100,0),(718,3,121,0),(718,4,81,0),(718,5,95,0),(718,6,95,0),(719,1,50,0),(719,2,100,0),(719,3,150,1),(719,4,100,0),(719,5,150,2),(719,6,50,0),(720,1,80,0),(720,2,110,0),(720,3,60,0),(720,4,150,3),(720,5,130,0),(720,6,70,0),(721,1,80,0),(721,2,110,0),(721,3,120,0),(721,4,130,3),(721,5,90,0),(721,6,70,0),(722,1,68,1),(722,2,55,0),(722,3,55,0),(722,4,50,0),(722,5,50,0),(722,6,42,0),(723,1,78,2),(723,2,75,0),(723,3,75,0),(723,4,70,0),(723,5,70,0),(723,6,52,0),(724,1,78,0),(724,2,107,3),(724,3,75,0),(724,4,100,0),(724,5,100,0),(724,6,70,0),(725,1,45,0),(725,2,65,0),(725,3,40,0),(725,4,60,0),(725,5,40,0),(725,6,70,1),(726,1,65,0),(726,2,85,0),(726,3,50,0),(726,4,80,0),(726,5,50,0),(726,6,90,2),(727,1,95,0),(727,2,115,3),(727,3,90,0),(727,4,80,0),(727,5,90,0),(727,6,60,0),(728,1,50,0),(728,2,54,0),(728,3,54,0),(728,4,66,1),(728,5,56,0),(728,6,40,0),(729,1,60,0),(729,2,69,0),(729,3,69,0),(729,4,91,2),(729,5,81,0),(729,6,50,0),(730,1,80,0),(730,2,74,0),(730,3,74,0),(730,4,126,3),(730,5,116,0),(730,6,60,0),(731,1,35,0),(731,2,75,1),(731,3,30,0),(731,4,30,0),(731,5,30,0),(731,6,65,0),(732,1,55,0),(732,2,85,2),(732,3,50,0),(732,4,40,0),(732,5,50,0),(732,6,75,0),(733,1,80,0),(733,2,120,3),(733,3,75,0),(733,4,75,0),(733,5,75,0),(733,6,60,0),(734,1,48,0),(734,2,70,1),(734,3,30,0),(734,4,30,0),(734,5,30,0),(734,6,45,0),(735,1,88,0),(735,2,110,2),(735,3,60,0),(735,4,55,0),(735,5,60,0),(735,6,45,0),(736,1,47,0),(736,2,62,1),(736,3,45,0),(736,4,55,0),(736,5,45,0),(736,6,46,0),(737,1,57,0),(737,2,82,0),(737,3,95,2),(737,4,55,0),(737,5,75,0),(737,6,36,0),(738,1,77,0),(738,2,70,0),(738,3,90,0),(738,4,145,3),(738,5,75,0),(738,6,43,0),(739,1,47,0),(739,2,82,1),(739,3,57,0),(739,4,42,0),(739,5,47,0),(739,6,63,0),(740,1,97,0),(740,2,132,2),(740,3,77,0),(740,4,62,0),(740,5,67,0),(740,6,43,0),(741,1,75,0),(741,2,70,0),(741,3,70,0),(741,4,98,2),(741,5,70,0),(741,6,93,0),(742,1,40,0),(742,2,45,0),(742,3,40,0),(742,4,55,0),(742,5,40,0),(742,6,84,1),(743,1,60,0),(743,2,55,0),(743,3,60,0),(743,4,95,0),(743,5,70,0),(743,6,124,2),(744,1,45,0),(744,2,65,1),(744,3,40,0),(744,4,30,0),(744,5,40,0),(744,6,60,0),(745,1,75,0),(745,2,115,2),(745,3,65,0),(745,4,55,0),(745,5,65,0),(745,6,112,0),(746,1,45,1),(746,2,20,0),(746,3,20,0),(746,4,25,0),(746,5,25,0),(746,6,40,0),(747,1,50,0),(747,2,53,0),(747,3,62,1),(747,4,43,0),(747,5,52,0),(747,6,45,0),(748,1,50,0),(748,2,63,0),(748,3,152,2),(748,4,53,0),(748,5,142,0),(748,6,35,0),(749,1,70,0),(749,2,100,1),(749,3,70,0),(749,4,45,0),(749,5,55,0),(749,6,45,0),(750,1,100,0),(750,2,125,2),(750,3,100,0),(750,4,55,0),(750,5,85,0),(750,6,35,0),(751,1,38,0),(751,2,40,0),(751,3,52,0),(751,4,40,0),(751,5,72,1),(751,6,27,0),(752,1,68,0),(752,2,70,0),(752,3,92,0),(752,4,50,0),(752,5,132,2),(752,6,42,0),(753,1,40,0),(753,2,55,1),(753,3,35,0),(753,4,50,0),(753,5,35,0),(753,6,35,0),(754,1,70,0),(754,2,105,2),(754,3,90,0),(754,4,80,0),(754,5,90,0),(754,6,45,0),(755,1,40,0),(755,2,35,0),(755,3,55,0),(755,4,65,0),(755,5,75,1),(755,6,15,0),(756,1,60,0),(756,2,45,0),(756,3,80,0),(756,4,90,0),(756,5,100,2),(756,6,30,0),(757,1,48,0),(757,2,44,0),(757,3,40,0),(757,4,71,0),(757,5,40,0),(757,6,77,1),(758,1,68,0),(758,2,64,0),(758,3,60,0),(758,4,111,0),(758,5,60,0),(758,6,117,2),(759,1,70,0),(759,2,75,1),(759,3,50,0),(759,4,45,0),(759,5,50,0),(759,6,50,0),(760,1,120,0),(760,2,125,2),(760,3,80,0),(760,4,55,0),(760,5,60,0),(760,6,60,0),(761,1,42,1),(761,2,30,0),(761,3,38,0),(761,4,30,0),(761,5,38,0),(761,6,32,0),(762,1,52,0),(762,2,40,0),(762,3,48,0),(762,4,40,0),(762,5,48,0),(762,6,62,2),(763,1,72,0),(763,2,120,3),(763,3,98,0),(763,4,50,0),(763,5,98,0),(763,6,72,0),(764,1,51,0),(764,2,52,0),(764,3,90,0),(764,4,82,0),(764,5,110,2),(764,6,100,0),(765,1,90,0),(765,2,60,0),(765,3,80,0),(765,4,90,0),(765,5,110,2),(765,6,60,0),(766,1,100,0),(766,2,120,2),(766,3,90,0),(766,4,40,0),(766,5,60,0),(766,6,80,0),(767,1,25,0),(767,2,35,0),(767,3,40,0),(767,4,20,0),(767,5,30,0),(767,6,80,1),(768,1,75,0),(768,2,125,0),(768,3,140,2),(768,4,60,0),(768,5,90,0),(768,6,40,0),(769,1,55,0),(769,2,55,0),(769,3,80,1),(769,4,70,0),(769,5,45,0),(769,6,15,0),(770,1,85,0),(770,2,75,0),(770,3,110,2),(770,4,100,0),(770,5,75,0),(770,6,35,0),(771,1,55,0),(771,2,60,0),(771,3,130,0),(771,4,30,0),(771,5,130,2),(771,6,5,0),(772,1,95,2),(772,2,95,0),(772,3,95,0),(772,4,95,0),(772,5,95,0),(772,6,59,0),(773,1,95,3),(773,2,95,0),(773,3,95,0),(773,4,95,0),(773,5,95,0),(773,6,95,0),(774,1,60,0),(774,2,60,0),(774,3,100,1),(774,4,60,0),(774,5,100,1),(774,6,60,0),(775,1,65,0),(775,2,115,2),(775,3,65,0),(775,4,75,0),(775,5,95,0),(775,6,65,0),(776,1,60,0),(776,2,78,0),(776,3,135,2),(776,4,91,0),(776,5,85,0),(776,6,36,0),(777,1,65,0),(777,2,98,2),(777,3,63,0),(777,4,40,0),(777,5,73,0),(777,6,96,0),(778,1,55,0),(778,2,90,0),(778,3,80,0),(778,4,50,0),(778,5,105,2),(778,6,96,0),(779,1,68,0),(779,2,105,2),(779,3,70,0),(779,4,70,0),(779,5,70,0),(779,6,92,0),(780,1,78,0),(780,2,60,0),(780,3,85,0),(780,4,135,2),(780,5,91,0),(780,6,36,0),(781,1,70,0),(781,2,131,2),(781,3,100,0),(781,4,86,0),(781,5,90,0),(781,6,40,0),(782,1,45,0),(782,2,55,0),(782,3,65,1),(782,4,45,0),(782,5,45,0),(782,6,45,0),(783,1,55,0),(783,2,75,0),(783,3,90,2),(783,4,65,0),(783,5,70,0),(783,6,65,0),(784,1,75,0),(784,2,110,0),(784,3,125,3),(784,4,100,0),(784,5,105,0),(784,6,85,0),(785,1,70,0),(785,2,115,0),(785,3,85,0),(785,4,95,0),(785,5,75,0),(785,6,130,3),(786,1,70,0),(786,2,85,0),(786,3,75,0),(786,4,130,3),(786,5,115,0),(786,6,95,0),(787,1,70,0),(787,2,130,3),(787,3,115,0),(787,4,85,0),(787,5,95,0),(787,6,75,0),(788,1,70,0),(788,2,75,0),(788,3,115,0),(788,4,95,0),(788,5,130,3),(788,6,85,0),(789,1,43,1),(789,2,29,0),(789,3,31,0),(789,4,29,0),(789,5,31,0),(789,6,37,0),(790,1,43,0),(790,2,29,0),(790,3,131,1),(790,4,29,0),(790,5,131,1),(790,6,37,0),(791,1,137,0),(791,2,137,3),(791,3,107,0),(791,4,113,0),(791,5,89,0),(791,6,97,0),(792,1,137,0),(792,2,113,0),(792,3,89,0),(792,4,137,3),(792,5,107,0),(792,6,97,0),(793,1,109,0),(793,2,53,0),(793,3,47,0),(793,4,127,0),(793,5,131,3),(793,6,103,0),(794,1,107,0),(794,2,139,1),(794,3,139,2),(794,4,53,0),(794,5,53,0),(794,6,79,0),(795,1,71,0),(795,2,137,0),(795,3,37,0),(795,4,137,0),(795,5,37,0),(795,6,151,3),(796,1,83,0),(796,2,89,0),(796,3,71,0),(796,4,173,3),(796,5,71,0),(796,6,83,0),(797,1,97,0),(797,2,101,1),(797,3,103,1),(797,4,107,1),(797,5,101,0),(797,6,61,0),(798,1,59,0),(798,2,181,3),(798,3,131,0),(798,4,59,0),(798,5,31,0),(798,6,109,0),(799,1,223,3),(799,2,101,0),(799,3,53,0),(799,4,97,0),(799,5,53,0),(799,6,43,0),(800,1,97,0),(800,2,107,1),(800,3,101,0),(800,4,127,2),(800,5,89,0),(800,6,79,0),(801,1,80,0),(801,2,95,0),(801,3,115,0),(801,4,130,3),(801,5,115,0),(801,6,65,0),(802,1,90,0),(802,2,125,2),(802,3,80,0),(802,4,90,0),(802,5,90,0),(802,6,125,1),(803,1,67,0),(803,2,73,0),(803,3,67,0),(803,4,73,0),(803,5,67,0),(803,6,73,1),(804,1,73,0),(804,2,73,0),(804,3,73,0),(804,4,127,3),(804,5,73,0),(804,6,121,0),(805,1,61,0),(805,2,131,0),(805,3,211,3),(805,4,53,0),(805,5,101,0),(805,6,13,0),(806,1,53,0),(806,2,127,0),(806,3,53,0),(806,4,151,3),(806,5,79,0),(806,6,107,0),(807,1,88,0),(807,2,112,0),(807,3,75,0),(807,4,102,0),(807,5,80,0),(807,6,143,3),(808,1,46,0),(808,2,65,1),(808,3,65,0),(808,4,55,0),(808,5,35,0),(808,6,34,0),(809,1,135,0),(809,2,143,3),(809,3,143,0),(809,4,80,0),(809,5,65,0),(809,6,34,0),(810,1,50,0),(810,2,65,1),(810,3,50,0),(810,4,40,0),(810,5,40,0),(810,6,65,0),(811,1,70,0),(811,2,85,2),(811,3,70,0),(811,4,55,0),(811,5,60,0),(811,6,80,0),(812,1,100,0),(812,2,125,3),(812,3,90,0),(812,4,60,0),(812,5,70,0),(812,6,85,0),(813,1,50,0),(813,2,71,0),(813,3,40,0),(813,4,40,0),(813,5,40,0),(813,6,69,1),(814,1,65,0),(814,2,86,0),(814,3,60,0),(814,4,55,0),(814,5,60,0),(814,6,94,2),(815,1,80,0),(815,2,116,0),(815,3,75,0),(815,4,65,0),(815,5,75,0),(815,6,119,3),(816,1,50,0),(816,2,40,0),(816,3,40,0),(816,4,70,0),(816,5,40,1),(816,6,70,1),(817,1,65,0),(817,2,60,0),(817,3,55,0),(817,4,95,2),(817,5,55,0),(817,6,90,0),(818,1,70,0),(818,2,85,0),(818,3,65,0),(818,4,125,0),(818,5,65,0),(818,6,120,3),(819,1,70,1),(819,2,55,0),(819,3,55,0),(819,4,35,0),(819,5,35,0),(819,6,25,0),(820,1,120,2),(820,2,95,0),(820,3,95,0),(820,4,55,0),(820,5,75,0),(820,6,20,0),(821,1,38,0),(821,2,47,0),(821,3,35,0),(821,4,33,0),(821,5,35,0),(821,6,57,1),(822,1,68,0),(822,2,67,0),(822,3,55,0),(822,4,43,0),(822,5,55,0),(822,6,77,2),(823,1,98,0),(823,2,87,0),(823,3,105,3),(823,4,53,0),(823,5,85,0),(823,6,67,0),(824,1,25,0),(824,2,20,0),(824,3,20,0),(824,4,25,0),(824,5,45,1),(824,6,45,0),(825,1,50,0),(825,2,35,0),(825,3,80,0),(825,4,50,0),(825,5,90,2),(825,6,30,0),(826,1,60,0),(826,2,45,0),(826,3,110,0),(826,4,80,0),(826,5,120,3),(826,6,90,0),(827,1,40,0),(827,2,28,0),(827,3,28,0),(827,4,47,0),(827,5,52,1),(827,6,50,0),(828,1,70,0),(828,2,58,0),(828,3,58,0),(828,4,87,0),(828,5,92,2),(828,6,90,0),(829,1,40,0),(829,2,40,0),(829,3,60,0),(829,4,40,0),(829,5,60,1),(829,6,10,0),(830,1,60,0),(830,2,50,0),(830,3,90,0),(830,4,80,0),(830,5,120,2),(830,6,60,0),(831,1,42,0),(831,2,40,0),(831,3,55,1),(831,4,40,0),(831,5,45,0),(831,6,48,0),(832,1,72,0),(832,2,80,0),(832,3,100,2),(832,4,60,0),(832,5,90,0),(832,6,88,0),(833,1,50,0),(833,2,64,1),(833,3,50,0),(833,4,38,0),(833,5,38,0),(833,6,44,0),(834,1,90,0),(834,2,115,2),(834,3,90,0),(834,4,48,0),(834,5,68,0),(834,6,74,0),(835,1,59,1),(835,2,45,0),(835,3,50,0),(835,4,40,0),(835,5,50,0),(835,6,26,0),(836,1,69,0),(836,2,90,0),(836,3,60,0),(836,4,90,0),(836,5,60,0),(836,6,121,2),(837,1,30,0),(837,2,40,0),(837,3,50,1),(837,4,40,0),(837,5,50,0),(837,6,30,0),(838,1,80,0),(838,2,60,0),(838,3,90,2),(838,4,60,0),(838,5,70,0),(838,6,50,0),(839,1,110,0),(839,2,80,0),(839,3,120,3),(839,4,80,0),(839,5,90,0),(839,6,30,0),(840,1,40,0),(840,2,40,0),(840,3,80,1),(840,4,40,0),(840,5,40,0),(840,6,20,0),(841,1,70,0),(841,2,110,2),(841,3,80,0),(841,4,95,0),(841,5,60,0),(841,6,70,0),(842,1,110,2),(842,2,85,0),(842,3,80,0),(842,4,100,0),(842,5,80,0),(842,6,30,0),(843,1,52,0),(843,2,57,0),(843,3,75,1),(843,4,35,0),(843,5,50,0),(843,6,46,0),(844,1,72,0),(844,2,107,0),(844,3,125,2),(844,4,65,0),(844,5,70,0),(844,6,71,0),(845,1,70,0),(845,2,85,0),(845,3,55,0),(845,4,85,0),(845,5,95,2),(845,6,85,0),(846,1,41,0),(846,2,63,0),(846,3,40,0),(846,4,40,0),(846,5,30,0),(846,6,66,1),(847,1,61,0),(847,2,123,0),(847,3,60,0),(847,4,60,0),(847,5,50,0),(847,6,136,2),(848,1,40,0),(848,2,38,0),(848,3,35,0),(848,4,54,1),(848,5,35,0),(848,6,40,0),(849,1,75,0),(849,2,98,0),(849,3,70,0),(849,4,114,2),(849,5,70,0),(849,6,75,0),(850,1,50,0),(850,2,65,1),(850,3,45,0),(850,4,50,0),(850,5,50,0),(850,6,45,0),(851,1,100,0),(851,2,115,2),(851,3,65,0),(851,4,90,0),(851,5,90,0),(851,6,65,0),(852,1,50,0),(852,2,68,1),(852,3,60,0),(852,4,50,0),(852,5,50,0),(852,6,32,0),(853,1,80,0),(853,2,118,2),(853,3,90,0),(853,4,70,0),(853,5,80,0),(853,6,42,0),(854,1,40,0),(854,2,45,0),(854,3,45,0),(854,4,74,1),(854,5,54,0),(854,6,50,0),(855,1,60,0),(855,2,65,0),(855,3,65,0),(855,4,134,2),(855,5,114,0),(855,6,70,0),(856,1,42,0),(856,2,30,0),(856,3,45,0),(856,4,56,1),(856,5,53,0),(856,6,39,0),(857,1,57,0),(857,2,40,0),(857,3,65,0),(857,4,86,2),(857,5,73,0),(857,6,49,0),(858,1,57,0),(858,2,90,0),(858,3,95,0),(858,4,136,3),(858,5,103,0),(858,6,29,0),(859,1,45,0),(859,2,45,0),(859,3,30,0),(859,4,55,1),(859,5,40,0),(859,6,50,0),(860,1,65,0),(860,2,60,0),(860,3,45,0),(860,4,75,2),(860,5,55,0),(860,6,70,0),(861,1,95,0),(861,2,120,3),(861,3,65,0),(861,4,95,0),(861,5,75,0),(861,6,60,0),(862,1,93,0),(862,2,90,0),(862,3,101,3),(862,4,60,0),(862,5,81,0),(862,6,95,0),(863,1,70,0),(863,2,110,2),(863,3,100,0),(863,4,50,0),(863,5,60,0),(863,6,50,0),(864,1,60,0),(864,2,95,0),(864,3,50,0),(864,4,145,2),(864,5,130,0),(864,6,30,0),(865,1,62,0),(865,2,135,2),(865,3,95,0),(865,4,68,0),(865,5,82,0),(865,6,65,0),(866,1,80,0),(866,2,85,0),(866,3,75,0),(866,4,110,3),(866,5,100,0),(866,6,70,0),(867,1,58,0),(867,2,95,0),(867,3,145,2),(867,4,50,0),(867,5,105,0),(867,6,30,0),(868,1,45,0),(868,2,40,0),(868,3,40,0),(868,4,50,0),(868,5,61,1),(868,6,34,0),(869,1,65,0),(869,2,60,0),(869,3,75,0),(869,4,110,0),(869,5,121,2),(869,6,64,0),(870,1,65,0),(870,2,100,2),(870,3,100,0),(870,4,70,0),(870,5,60,1),(870,6,75,0),(871,1,48,0),(871,2,101,2),(871,3,95,0),(871,4,91,0),(871,5,85,0),(871,6,15,0),(872,1,30,0),(872,2,25,0),(872,3,35,0),(872,4,45,1),(872,5,30,0),(872,6,20,0),(873,1,70,0),(873,2,65,0),(873,3,60,0),(873,4,125,2),(873,5,90,0),(873,6,65,0),(874,1,100,0),(874,2,125,0),(874,3,135,2),(874,4,20,0),(874,5,20,0),(874,6,70,0),(875,1,75,0),(875,2,80,0),(875,3,110,2),(875,4,65,0),(875,5,90,0),(875,6,50,0),(876,1,60,0),(876,2,65,0),(876,3,55,0),(876,4,105,2),(876,5,95,0),(876,6,95,0),(877,1,58,0),(877,2,95,0),(877,3,58,0),(877,4,70,0),(877,5,58,0),(877,6,97,2),(878,1,72,0),(878,2,80,1),(878,3,49,0),(878,4,40,0),(878,5,49,0),(878,6,40,0),(879,1,122,0),(879,2,130,2),(879,3,69,0),(879,4,80,0),(879,5,69,0),(879,6,30,0),(880,1,90,0),(880,2,100,2),(880,3,90,0),(880,4,80,0),(880,5,70,0),(880,6,75,0),(881,1,90,0),(881,2,100,2),(881,3,90,0),(881,4,90,0),(881,5,80,0),(881,6,55,0),(882,1,90,0),(882,2,90,0),(882,3,100,2),(882,4,70,0),(882,5,80,0),(882,6,75,0),(883,1,90,0),(883,2,90,0),(883,3,100,2),(883,4,80,0),(883,5,90,0),(883,6,55,0),(884,1,70,0),(884,2,95,0),(884,3,115,0),(884,4,120,2),(884,5,50,0),(884,6,85,0),(885,1,28,0),(885,2,60,0),(885,3,30,0),(885,4,40,0),(885,5,30,0),(885,6,82,1),(886,1,68,0),(886,2,80,0),(886,3,50,0),(886,4,60,0),(886,5,50,0),(886,6,102,2),(887,1,88,0),(887,2,120,0),(887,3,75,0),(887,4,100,0),(887,5,75,0),(887,6,142,3),(888,1,92,0),(888,2,130,0),(888,3,115,0),(888,4,80,0),(888,5,115,0),(888,6,138,3),(889,1,92,0),(889,2,130,0),(889,3,115,0),(889,4,80,0),(889,5,115,0),(889,6,138,3),(890,1,140,3),(890,2,85,0),(890,3,95,0),(890,4,145,0),(890,5,95,0),(890,6,130,0),(891,1,60,0),(891,2,90,1),(891,3,60,0),(891,4,53,0),(891,5,50,0),(891,6,72,0),(892,1,100,0),(892,2,130,3),(892,3,100,0),(892,4,63,0),(892,5,60,0),(892,6,97,0),(893,1,105,0),(893,2,120,3),(893,3,105,0),(893,4,70,0),(893,5,95,0),(893,6,105,0),(894,1,80,0),(894,2,100,0),(894,3,50,0),(894,4,100,0),(894,5,50,0),(894,6,200,3),(895,1,200,3),(895,2,100,0),(895,3,50,0),(895,4,100,0),(895,5,50,0),(895,6,80,0),(896,1,100,0),(896,2,145,3),(896,3,130,0),(896,4,65,0),(896,5,110,0),(896,6,30,0),(897,1,100,0),(897,2,65,0),(897,3,60,0),(897,4,145,3),(897,5,80,0),(897,6,130,0),(898,1,100,3),(898,2,80,0),(898,3,80,0),(898,4,80,0),(898,5,80,0),(898,6,80,0),(10001,1,50,0),(10001,2,180,2),(10001,3,20,0),(10001,4,180,1),(10001,5,20,0),(10001,6,150,0),(10002,1,50,0),(10002,2,70,0),(10002,3,160,2),(10002,4,70,0),(10002,5,160,1),(10002,6,90,0),(10003,1,50,0),(10003,2,95,0),(10003,3,90,0),(10003,4,95,0),(10003,5,90,0),(10003,6,180,3),(10004,1,60,0),(10004,2,79,0),(10004,3,105,2),(10004,4,59,0),(10004,5,85,0),(10004,6,36,0),(10005,1,60,0),(10005,2,69,0),(10005,3,95,1),(10005,4,69,0),(10005,5,95,1),(10005,6,36,0),(10006,1,100,0),(10006,2,103,0),(10006,3,75,0),(10006,4,120,0),(10006,5,75,0),(10006,6,127,3),(10007,1,150,3),(10007,2,120,0),(10007,3,100,0),(10007,4,120,0),(10007,5,100,0),(10007,6,90,0),(10008,1,50,0),(10008,2,65,0),(10008,3,107,0),(10008,4,105,1),(10008,5,107,0),(10008,6,86,1),(10009,1,50,0),(10009,2,65,0),(10009,3,107,0),(10009,4,105,1),(10009,5,107,0),(10009,6,86,1),(10010,1,50,0),(10010,2,65,0),(10010,3,107,0),(10010,4,105,1),(10010,5,107,0),(10010,6,86,1),(10011,1,50,0),(10011,2,65,0),(10011,3,107,0),(10011,4,105,1),(10011,5,107,0),(10011,6,86,1),(10012,1,50,0),(10012,2,65,0),(10012,3,107,0),(10012,4,105,1),(10012,5,107,0),(10012,6,86,1),(10013,1,70,1),(10013,2,70,0),(10013,3,70,0),(10013,4,70,0),(10013,5,70,0),(10013,6,70,0),(10014,1,70,1),(10014,2,70,0),(10014,3,70,0),(10014,4,70,0),(10014,5,70,0),(10014,6,70,0),(10015,1,70,1),(10015,2,70,0),(10015,3,70,0),(10015,4,70,0),(10015,5,70,0),(10015,6,70,0),(10016,1,70,0),(10016,2,92,0),(10016,3,65,0),(10016,4,80,0),(10016,5,55,0),(10016,6,98,2),(10017,1,105,0),(10017,2,30,0),(10017,3,105,0),(10017,4,140,2),(10017,5,105,0),(10017,6,55,0),(10018,1,100,0),(10018,2,128,1),(10018,3,90,1),(10018,4,77,0),(10018,5,77,0),(10018,6,128,1),(10019,1,79,0),(10019,2,100,0),(10019,3,80,0),(10019,4,110,0),(10019,5,90,0),(10019,6,121,3),(10020,1,79,0),(10020,2,105,0),(10020,3,70,0),(10020,4,145,3),(10020,5,80,0),(10020,6,101,0),(10021,1,89,0),(10021,2,145,3),(10021,3,90,0),(10021,4,105,0),(10021,5,80,0),(10021,6,91,0),(10022,1,125,0),(10022,2,170,3),(10022,3,100,0),(10022,4,120,0),(10022,5,90,0),(10022,6,95,0),(10023,1,125,0),(10023,2,120,0),(10023,3,90,0),(10023,4,170,3),(10023,5,100,0),(10023,6,95,0),(10024,1,91,0),(10024,2,72,0),(10024,3,90,0),(10024,4,129,3),(10024,5,90,0),(10024,6,108,0),(10025,1,74,0),(10025,2,48,0),(10025,3,76,0),(10025,4,83,0),(10025,5,81,0),(10025,6,104,2),(10026,1,60,0),(10026,2,140,2),(10026,3,50,0),(10026,4,140,1),(10026,5,50,0),(10026,6,60,0),(10027,1,44,0),(10027,2,66,0),(10027,3,70,1),(10027,4,44,0),(10027,5,55,0),(10027,6,56,0),(10028,1,54,0),(10028,2,66,0),(10028,3,70,1),(10028,4,44,0),(10028,5,55,0),(10028,6,46,0),(10029,1,59,0),(10029,2,66,0),(10029,3,70,1),(10029,4,44,0),(10029,5,55,0),(10029,6,41,0),(10030,1,55,0),(10030,2,85,0),(10030,3,122,2),(10030,4,58,0),(10030,5,75,0),(10030,6,99,0),(10031,1,75,0),(10031,2,95,0),(10031,3,122,2),(10031,4,58,0),(10031,5,75,0),(10031,6,69,0),(10032,1,85,0),(10032,2,100,0),(10032,3,122,2),(10032,4,58,0),(10032,5,75,0),(10032,6,54,0),(10033,1,80,0),(10033,2,100,0),(10033,3,123,0),(10033,4,122,2),(10033,5,120,1),(10033,6,80,0),(10034,1,78,0),(10034,2,130,0),(10034,3,111,0),(10034,4,130,3),(10034,5,85,0),(10034,6,100,0),(10035,1,78,0),(10035,2,104,0),(10035,3,78,0),(10035,4,159,3),(10035,5,115,0),(10035,6,100,0),(10036,1,79,0),(10036,2,103,0),(10036,3,120,0),(10036,4,135,0),(10036,5,115,3),(10036,6,78,0),(10037,1,55,0),(10037,2,50,0),(10037,3,65,0),(10037,4,175,3),(10037,5,105,0),(10037,6,150,0),(10038,1,60,0),(10038,2,65,0),(10038,3,80,0),(10038,4,170,3),(10038,5,95,0),(10038,6,130,0),(10039,1,105,2),(10039,2,125,0),(10039,3,100,0),(10039,4,60,0),(10039,5,100,0),(10039,6,100,0),(10040,1,65,0),(10040,2,155,2),(10040,3,120,0),(10040,4,65,0),(10040,5,90,0),(10040,6,105,0),(10041,1,95,0),(10041,2,155,2),(10041,3,109,0),(10041,4,70,0),(10041,5,130,0),(10041,6,81,0),(10042,1,80,0),(10042,2,135,0),(10042,3,85,0),(10042,4,70,0),(10042,5,95,0),(10042,6,150,2),(10043,1,106,0),(10043,2,190,0),(10043,3,100,0),(10043,4,154,3),(10043,5,100,0),(10043,6,130,0),(10044,1,106,0),(10044,2,150,0),(10044,3,70,0),(10044,4,194,3),(10044,5,120,0),(10044,6,140,0),(10045,1,90,0),(10045,2,95,0),(10045,3,105,0),(10045,4,165,3),(10045,5,110,0),(10045,6,45,0),(10046,1,70,0),(10046,2,150,2),(10046,3,140,0),(10046,4,65,0),(10046,5,100,0),(10046,6,75,0),(10047,1,80,0),(10047,2,185,2),(10047,3,115,0),(10047,4,40,0),(10047,5,105,0),(10047,6,75,0),(10048,1,75,0),(10048,2,90,0),(10048,3,90,0),(10048,4,140,2),(10048,5,90,0),(10048,6,115,0),(10049,1,100,0),(10049,2,164,3),(10049,3,150,0),(10049,4,95,0),(10049,5,120,0),(10049,6,71,0),(10050,1,80,0),(10050,2,160,3),(10050,3,80,0),(10050,4,130,0),(10050,5,80,0),(10050,6,100,0),(10051,1,68,0),(10051,2,85,0),(10051,3,65,0),(10051,4,165,3),(10051,5,135,0),(10051,6,100,0),(10052,1,50,0),(10052,2,105,1),(10052,3,125,1),(10052,4,55,0),(10052,5,95,0),(10052,6,50,0),(10053,1,70,0),(10053,2,140,0),(10053,3,230,3),(10053,4,60,0),(10053,5,80,0),(10053,6,50,0),(10054,1,60,0),(10054,2,100,0),(10054,3,85,0),(10054,4,80,0),(10054,5,85,0),(10054,6,100,2),(10055,1,70,0),(10055,2,75,0),(10055,3,80,0),(10055,4,135,0),(10055,5,80,0),(10055,6,135,2),(10056,1,64,0),(10056,2,165,2),(10056,3,75,0),(10056,4,93,0),(10056,5,83,0),(10056,6,75,0),(10057,1,65,0),(10057,2,150,2),(10057,3,60,0),(10057,4,115,0),(10057,5,60,0),(10057,6,115,0),(10058,1,108,0),(10058,2,170,3),(10058,3,115,0),(10058,4,120,0),(10058,5,95,0),(10058,6,92,0),(10059,1,70,0),(10059,2,145,1),(10059,3,88,0),(10059,4,140,1),(10059,5,70,0),(10059,6,112,0),(10060,1,90,0),(10060,2,132,1),(10060,3,105,0),(10060,4,132,1),(10060,5,105,0),(10060,6,30,0),(10061,1,74,0),(10061,2,65,0),(10061,3,67,0),(10061,4,125,0),(10061,5,128,2),(10061,6,92,0),(10062,1,80,0),(10062,2,100,0),(10062,3,120,0),(10062,4,140,0),(10062,5,150,3),(10062,6,110,0),(10063,1,80,0),(10063,2,130,0),(10063,3,100,0),(10063,4,160,3),(10063,5,120,0),(10063,6,110,0),(10064,1,100,0),(10064,2,150,3),(10064,3,110,0),(10064,4,95,0),(10064,5,110,0),(10064,6,70,0),(10065,1,70,0),(10065,2,110,0),(10065,3,75,0),(10065,4,145,0),(10065,5,85,0),(10065,6,145,3),(10066,1,50,0),(10066,2,85,1),(10066,3,125,1),(10066,4,85,0),(10066,5,115,0),(10066,6,20,0),(10067,1,75,0),(10067,2,110,0),(10067,3,110,0),(10067,4,110,0),(10067,5,105,2),(10067,6,80,0),(10068,1,68,0),(10068,2,165,3),(10068,3,95,0),(10068,4,65,0),(10068,5,115,0),(10068,6,110,0),(10069,1,103,2),(10069,2,60,0),(10069,3,126,0),(10069,4,80,0),(10069,5,126,0),(10069,6,50,0),(10070,1,70,0),(10070,2,140,2),(10070,3,70,0),(10070,4,110,0),(10070,5,65,0),(10070,6,105,0),(10071,1,95,0),(10071,2,75,0),(10071,3,180,2),(10071,4,130,0),(10071,5,80,0),(10071,6,30,0),(10072,1,75,0),(10072,2,125,0),(10072,3,230,2),(10072,4,55,0),(10072,5,95,0),(10072,6,30,0),(10073,1,83,0),(10073,2,80,0),(10073,3,80,0),(10073,4,135,0),(10073,5,80,0),(10073,6,121,3),(10074,1,80,2),(10074,2,120,0),(10074,3,80,0),(10074,4,120,0),(10074,5,80,0),(10074,6,100,0),(10075,1,50,0),(10075,2,160,0),(10075,3,110,1),(10075,4,160,0),(10075,5,110,2),(10075,6,110,0),(10076,1,80,0),(10076,2,145,0),(10076,3,150,3),(10076,4,105,0),(10076,5,110,0),(10076,6,110,0),(10077,1,100,0),(10077,2,150,0),(10077,3,90,0),(10077,4,180,3),(10077,5,160,0),(10077,6,90,0),(10078,1,100,0),(10078,2,180,3),(10078,3,160,0),(10078,4,150,0),(10078,5,90,0),(10078,6,90,0),(10079,1,105,0),(10079,2,180,2),(10079,3,100,0),(10079,4,180,1),(10079,5,100,0),(10079,6,115,0),(10080,1,35,0),(10080,2,55,0),(10080,3,40,0),(10080,4,50,0),(10080,5,50,0),(10080,6,90,2),(10081,1,35,0),(10081,2,55,0),(10081,3,40,0),(10081,4,50,0),(10081,5,50,0),(10081,6,90,2),(10082,1,35,0),(10082,2,55,0),(10082,3,40,0),(10082,4,50,0),(10082,5,50,0),(10082,6,90,2),(10083,1,35,0),(10083,2,55,0),(10083,3,40,0),(10083,4,50,0),(10083,5,50,0),(10083,6,90,2),(10084,1,35,0),(10084,2,55,0),(10084,3,40,0),(10084,4,50,0),(10084,5,50,0),(10084,6,90,2),(10085,1,35,0),(10085,2,55,0),(10085,3,40,0),(10085,4,50,0),(10085,5,50,0),(10085,6,90,2),(10086,1,80,0),(10086,2,160,0),(10086,3,60,0),(10086,4,170,3),(10086,5,130,0),(10086,6,80,0),(10087,1,70,0),(10087,2,120,1),(10087,3,100,0),(10087,4,145,1),(10087,5,105,0),(10087,6,20,0),(10088,1,65,0),(10088,2,136,0),(10088,3,94,0),(10088,4,54,0),(10088,5,96,0),(10088,6,135,2),(10089,1,95,0),(10089,2,145,3),(10089,3,130,0),(10089,4,120,0),(10089,5,90,0),(10089,6,120,0),(10090,1,65,0),(10090,2,150,2),(10090,3,40,0),(10090,4,15,0),(10090,5,80,1),(10090,6,145,0),(10091,1,30,0),(10091,2,56,0),(10091,3,35,0),(10091,4,25,0),(10091,5,35,0),(10091,6,72,1),(10092,1,75,0),(10092,2,71,0),(10092,3,70,0),(10092,4,40,0),(10092,5,80,0),(10092,6,77,2),(10093,1,75,0),(10093,2,71,0),(10093,3,70,0),(10093,4,40,0),(10093,5,80,0),(10093,6,77,2),(10094,1,35,0),(10094,2,55,0),(10094,3,40,0),(10094,4,50,0),(10094,5,50,0),(10094,6,90,2),(10095,1,35,0),(10095,2,55,0),(10095,3,40,0),(10095,4,50,0),(10095,5,50,0),(10095,6,90,2),(10096,1,35,0),(10096,2,55,0),(10096,3,40,0),(10096,4,50,0),(10096,5,50,0),(10096,6,90,2),(10097,1,35,0),(10097,2,55,0),(10097,3,40,0),(10097,4,50,0),(10097,5,50,0),(10097,6,90,2),(10098,1,35,0),(10098,2,55,0),(10098,3,40,0),(10098,4,50,0),(10098,5,50,0),(10098,6,90,2),(10099,1,35,0),(10099,2,55,0),(10099,3,40,0),(10099,4,50,0),(10099,5,50,0),(10099,6,90,2),(10100,1,60,0),(10100,2,85,0),(10100,3,50,0),(10100,4,95,0),(10100,5,85,0),(10100,6,110,3),(10101,1,50,0),(10101,2,75,0),(10101,3,90,1),(10101,4,10,0),(10101,5,35,0),(10101,6,40,0),(10102,1,75,0),(10102,2,100,0),(10102,3,120,2),(10102,4,25,0),(10102,5,65,0),(10102,6,65,0),(10103,1,38,0),(10103,2,41,0),(10103,3,40,0),(10103,4,50,0),(10103,5,65,0),(10103,6,65,1),(10104,1,73,0),(10104,2,67,0),(10104,3,75,0),(10104,4,81,0),(10104,5,100,0),(10104,6,109,2),(10105,1,10,0),(10105,2,55,0),(10105,3,30,0),(10105,4,35,0),(10105,5,45,0),(10105,6,90,1),(10106,1,35,0),(10106,2,100,2),(10106,3,60,0),(10106,4,50,0),(10106,5,70,0),(10106,6,110,0),(10107,1,40,0),(10107,2,35,0),(10107,3,35,0),(10107,4,50,0),(10107,5,40,0),(10107,6,90,1),(10108,1,65,0),(10108,2,60,0),(10108,3,60,0),(10108,4,75,0),(10108,5,65,0),(10108,6,115,2),(10109,1,40,0),(10109,2,80,0),(10109,3,100,1),(10109,4,30,0),(10109,5,30,0),(10109,6,20,0),(10110,1,55,0),(10110,2,95,0),(10110,3,115,2),(10110,4,45,0),(10110,5,45,0),(10110,6,35,0),(10111,1,80,0),(10111,2,120,0),(10111,3,130,3),(10111,4,55,0),(10111,5,65,0),(10111,6,45,0),(10112,1,80,1),(10112,2,80,0),(10112,3,50,0),(10112,4,40,0),(10112,5,50,0),(10112,6,25,0),(10113,1,105,1),(10113,2,105,1),(10113,3,75,0),(10113,4,65,0),(10113,5,100,0),(10113,6,50,0),(10114,1,95,0),(10114,2,105,0),(10114,3,85,0),(10114,4,125,2),(10114,5,75,0),(10114,6,45,0),(10115,1,60,0),(10115,2,80,0),(10115,3,110,2),(10115,4,50,0),(10115,5,80,0),(10115,6,45,0),(10116,1,72,0),(10116,2,95,0),(10116,3,67,0),(10116,4,103,0),(10116,5,71,0),(10116,6,122,3),(10117,1,72,0),(10117,2,145,0),(10117,3,67,0),(10117,4,153,0),(10117,5,71,0),(10117,6,132,3),(10118,1,54,3),(10118,2,100,0),(10118,3,71,0),(10118,4,61,0),(10118,5,85,0),(10118,6,115,0),(10119,1,108,3),(10119,2,100,0),(10119,3,121,0),(10119,4,81,0),(10119,5,95,0),(10119,6,95,0),(10120,1,216,3),(10120,2,100,0),(10120,3,121,0),(10120,4,91,0),(10120,5,95,0),(10120,6,85,0),(10121,1,88,0),(10121,2,110,2),(10121,3,60,0),(10121,4,55,0),(10121,5,60,0),(10121,6,45,0),(10122,1,77,0),(10122,2,70,0),(10122,3,90,0),(10122,4,145,3),(10122,5,75,0),(10122,6,43,0),(10123,1,75,0),(10123,2,70,0),(10123,3,70,0),(10123,4,98,2),(10123,5,70,0),(10123,6,93,0),(10124,1,75,0),(10124,2,70,0),(10124,3,70,0),(10124,4,98,2),(10124,5,70,0),(10124,6,93,0),(10125,1,75,0),(10125,2,70,0),(10125,3,70,0),(10125,4,98,2),(10125,5,70,0),(10125,6,93,0),(10126,1,85,0),(10126,2,115,2),(10126,3,75,0),(10126,4,55,0),(10126,5,75,0),(10126,6,82,0),(10127,1,45,1),(10127,2,140,0),(10127,3,130,0),(10127,4,140,0),(10127,5,135,0),(10127,6,30,0),(10128,1,70,0),(10128,2,105,2),(10128,3,90,0),(10128,4,80,0),(10128,5,90,0),(10128,6,45,0),(10129,1,68,0),(10129,2,64,0),(10129,3,60,0),(10129,4,111,0),(10129,5,60,0),(10129,6,117,2),(10130,1,60,0),(10130,2,60,0),(10130,3,100,1),(10130,4,60,0),(10130,5,100,1),(10130,6,60,0),(10131,1,60,0),(10131,2,60,0),(10131,3,100,1),(10131,4,60,0),(10131,5,100,1),(10131,6,60,0),(10132,1,60,0),(10132,2,60,0),(10132,3,100,1),(10132,4,60,0),(10132,5,100,1),(10132,6,60,0),(10133,1,60,0),(10133,2,60,0),(10133,3,100,1),(10133,4,60,0),(10133,5,100,1),(10133,6,60,0),(10134,1,60,0),(10134,2,60,0),(10134,3,100,1),(10134,4,60,0),(10134,5,100,1),(10134,6,60,0),(10135,1,60,0),(10135,2,60,0),(10135,3,100,1),(10135,4,60,0),(10135,5,100,1),(10135,6,60,0),(10136,1,60,0),(10136,2,100,1),(10136,3,60,0),(10136,4,100,1),(10136,5,60,0),(10136,6,120,0),(10137,1,60,0),(10137,2,100,1),(10137,3,60,0),(10137,4,100,1),(10137,5,60,0),(10137,6,120,0),(10138,1,60,0),(10138,2,100,1),(10138,3,60,0),(10138,4,100,1),(10138,5,60,0),(10138,6,120,0),(10139,1,60,0),(10139,2,100,1),(10139,3,60,0),(10139,4,100,1),(10139,5,60,0),(10139,6,120,0),(10140,1,60,0),(10140,2,100,1),(10140,3,60,0),(10140,4,100,1),(10140,5,60,0),(10140,6,120,0),(10141,1,60,0),(10141,2,100,1),(10141,3,60,0),(10141,4,100,1),(10141,5,60,0),(10141,6,120,0),(10142,1,60,0),(10142,2,100,1),(10142,3,60,0),(10142,4,100,1),(10142,5,60,0),(10142,6,120,0),(10143,1,55,0),(10143,2,90,0),(10143,3,80,0),(10143,4,50,0),(10143,5,105,2),(10143,6,96,0),(10144,1,55,0),(10144,2,90,0),(10144,3,80,0),(10144,4,50,0),(10144,5,105,2),(10144,6,96,0),(10145,1,55,0),(10145,2,90,0),(10145,3,80,0),(10145,4,50,0),(10145,5,105,2),(10145,6,96,0),(10146,1,75,0),(10146,2,110,0),(10146,3,125,3),(10146,4,100,0),(10146,5,105,0),(10146,6,85,0),(10147,1,80,0),(10147,2,95,0),(10147,3,115,0),(10147,4,130,3),(10147,5,115,0),(10147,6,65,0),(10148,1,35,0),(10148,2,55,0),(10148,3,40,0),(10148,4,50,0),(10148,5,50,0),(10148,6,90,2),(10149,1,60,0),(10149,2,80,0),(10149,3,110,2),(10149,4,50,0),(10149,5,80,0),(10149,6,45,0),(10150,1,60,0),(10150,2,55,0),(10150,3,60,0),(10150,4,95,0),(10150,5,70,0),(10150,6,124,2),(10151,1,45,0),(10151,2,65,1),(10151,3,40,0),(10151,4,30,0),(10151,5,40,0),(10151,6,60,0),(10152,1,75,0),(10152,2,117,2),(10152,3,65,0),(10152,4,55,0),(10152,5,65,0),(10152,6,110,0),(10153,1,68,0),(10153,2,70,0),(10153,3,92,0),(10153,4,50,0),(10153,5,132,2),(10153,6,42,0),(10154,1,65,0),(10154,2,98,2),(10154,3,63,0),(10154,4,40,0),(10154,5,73,0),(10154,6,96,0),(10155,1,97,0),(10155,2,157,3),(10155,3,127,0),(10155,4,113,0),(10155,5,109,0),(10155,6,77,0),(10156,1,97,0),(10156,2,113,0),(10156,3,109,0),(10156,4,157,3),(10156,5,127,0),(10156,6,77,0),(10157,1,97,0),(10157,2,167,1),(10157,3,97,0),(10157,4,167,1),(10157,5,97,0),(10157,6,129,1),(10158,1,45,0),(10158,2,80,0),(10158,3,50,0),(10158,4,75,0),(10158,5,60,0),(10158,6,120,2),(10159,1,65,0),(10159,2,75,0),(10159,3,70,0),(10159,4,65,0),(10159,5,85,1),(10159,6,75,0),(10160,1,35,0),(10160,2,55,0),(10160,3,40,0),(10160,4,50,0),(10160,5,50,0),(10160,6,90,2),(10161,1,50,0),(10161,2,65,1),(10161,3,55,0),(10161,4,40,0),(10161,5,40,0),(10161,6,40,0),(10162,1,50,0),(10162,2,85,0),(10162,3,55,0),(10162,4,65,0),(10162,5,65,0),(10162,6,90,1),(10163,1,65,0),(10163,2,100,0),(10163,3,70,0),(10163,4,80,0),(10163,5,80,0),(10163,6,105,2),(10164,1,90,1),(10164,2,65,0),(10164,3,65,0),(10164,4,40,0),(10164,5,40,0),(10164,6,15,0),(10165,1,95,0),(10165,2,100,2),(10165,3,95,0),(10165,4,100,0),(10165,5,70,0),(10165,6,30,0),(10166,1,52,0),(10166,2,95,1),(10166,3,55,0),(10166,4,58,0),(10166,5,62,0),(10166,6,55,0),(10167,1,65,0),(10167,2,90,0),(10167,3,120,2),(10167,4,85,0),(10167,5,70,0),(10167,6,60,0),(10168,1,50,0),(10168,2,65,0),(10168,3,65,0),(10168,4,90,0),(10168,5,90,0),(10168,6,100,2),(10169,1,90,0),(10169,2,85,0),(10169,3,85,0),(10169,4,125,3),(10169,5,100,0),(10169,6,95,0),(10170,1,90,0),(10170,2,125,3),(10170,3,90,0),(10170,4,85,0),(10170,5,90,0),(10170,6,100,0),(10171,1,90,0),(10171,2,85,0),(10171,3,90,0),(10171,4,100,0),(10171,5,125,3),(10171,6,90,0),(10172,1,95,0),(10172,2,65,0),(10172,3,80,0),(10172,4,110,0),(10172,5,110,2),(10172,6,30,0),(10173,1,60,0),(10173,2,55,0),(10173,3,100,0),(10173,4,65,0),(10173,5,100,1),(10173,6,30,0),(10174,1,38,0),(10174,2,30,0),(10174,3,41,0),(10174,4,30,0),(10174,5,41,0),(10174,6,60,1),(10175,1,78,0),(10175,2,70,0),(10175,3,61,0),(10175,4,50,0),(10175,5,61,0),(10175,6,100,2),(10176,1,70,0),(10176,2,90,1),(10176,3,45,0),(10176,4,15,0),(10176,5,45,0),(10176,6,50,0),(10177,1,105,0),(10177,2,140,2),(10177,3,55,0),(10177,4,30,0),(10177,5,55,0),(10177,6,95,0),(10178,1,105,0),(10178,2,160,0),(10178,3,55,0),(10178,4,30,2),(10178,5,55,0),(10178,6,135,0),(10179,1,38,0),(10179,2,55,0),(10179,3,85,1),(10179,4,30,0),(10179,5,65,0),(10179,6,30,0),(10180,1,109,2),(10180,2,81,0),(10180,3,99,0),(10180,4,66,0),(10180,5,84,0),(10180,6,32,0),(10181,1,54,3),(10181,2,100,0),(10181,3,71,0),(10181,4,61,0),(10181,5,85,0),(10181,6,115,0),(10182,1,70,0),(10182,2,85,0),(10182,3,55,0),(10182,4,85,0),(10182,5,95,2),(10182,6,85,0),(10183,1,70,0),(10183,2,85,0),(10183,3,55,0),(10183,4,85,0),(10183,5,95,2),(10183,6,85,0),(10184,1,75,0),(10184,2,98,0),(10184,3,70,0),(10184,4,114,2),(10184,5,70,0),(10184,6,75,0),(10185,1,75,0),(10185,2,80,0),(10185,3,70,2),(10185,4,65,0),(10185,5,50,0),(10185,6,130,0),(10186,1,70,0),(10186,2,55,0),(10186,3,65,0),(10186,4,95,0),(10186,5,105,2),(10186,6,85,0),(10187,1,58,0),(10187,2,95,0),(10187,3,58,0),(10187,4,70,0),(10187,5,58,0),(10187,6,97,2),(10188,1,92,0),(10188,2,170,0),(10188,3,115,0),(10188,4,80,0),(10188,5,115,0),(10188,6,148,3),(10189,1,92,0),(10189,2,130,0),(10189,3,145,0),(10189,4,80,0),(10189,5,145,0),(10189,6,128,3),(10190,1,255,3),(10190,2,115,0),(10190,3,250,0),(10190,4,125,0),(10190,5,250,0),(10190,6,130,0),(10191,1,100,0),(10191,2,130,3),(10191,3,100,0),(10191,4,63,0),(10191,5,60,0),(10191,6,97,0),(10192,1,105,0),(10192,2,120,3),(10192,3,105,0),(10192,4,70,0),(10192,5,95,0),(10192,6,105,0),(10193,1,100,0),(10193,2,165,3),(10193,3,150,0),(10193,4,85,0),(10193,5,130,0),(10193,6,50,0),(10194,1,100,0),(10194,2,85,0),(10194,3,80,0),(10194,4,165,3),(10194,5,100,0),(10194,6,150,0);
/*!40000 ALTER TABLE `pokemon_stats` ENABLE KEYS */;
UNLOCK TABLES;

--
-- Table structure for table `pokemon_types`
--

DROP TABLE IF EXISTS `pokemon_types`;
/*!40101 SET @saved_cs_client     = @@character_set_client */;
/*!40101 SET character_set_client = utf8 */;
CREATE TABLE `pokemon_types` (
  `pokemon_id` int(5) NOT NULL,
  `type_id` int(2) NOT NULL,
  `slot` int(1) DEFAULT NULL,
  PRIMARY KEY (`pokemon_id`,`type_id`),
  KEY `FK_pokemon_types_type` (`type_id`),
  CONSTRAINT `FK_pokemon_types_pokemon` FOREIGN KEY (`pokemon_id`) REFERENCES `pokemon` (`id`) ON DELETE NO ACTION ON UPDATE NO ACTION,
  CONSTRAINT `FK_pokemon_types_type` FOREIGN KEY (`type_id`) REFERENCES `types` (`id`) ON DELETE NO ACTION ON UPDATE NO ACTION
) ENGINE=InnoDB DEFAULT CHARSET=utf8mb3 COLLATE=utf8mb3_general_ci;
/*!40101 SET character_set_client = @saved_cs_client */;

--
-- Dumping data for table `pokemon_types`
--

LOCK TABLES `pokemon_types` WRITE;
/*!40000 ALTER TABLE `pokemon_types` DISABLE KEYS */;
INSERT INTO `pokemon_types` VALUES (1,4,2),(1,12,1),(2,4,2),(2,12,1),(3,4,2),(3,12,1),(4,10,1),(5,10,1),(6,3,2),(6,10,1),(7,11,1),(8,11,1),(9,11,1),(10,7,1),(11,7,1),(12,3,2),(12,7,1),(13,4,2),(13,7,1),(14,4,2),(14,7,1),(15,4,2),(15,7,1),(16,1,1),(16,3,2),(17,1,1),(17,3,2),(18,1,1),(18,3,2),(19,1,1),(20,1,1),(21,1,1),(21,3,2),(22,1,1),(22,3,2),(23,4,1),(24,4,1),(25,13,1),(26,13,1),(27,5,1),(28,5,1),(29,4,1),(30,4,1),(31,4,1),(31,5,2),(32,4,1),(33,4,1),(34,4,1),(34,5,2),(35,18,1),(36,18,1),(37,10,1),(38,10,1),(39,1,1),(39,18,2),(40,1,1),(40,18,2),(41,3,2),(41,4,1),(42,3,2),(42,4,1),(43,4,2),(43,12,1),(44,4,2),(44,12,1),(45,4,2),(45,12,1),(46,7,1),(46,12,2),(47,7,1),(47,12,2),(48,4,2),(48,7,1),(49,4,2),(49,7,1),(50,5,1),(51,5,1),(52,1,1),(53,1,1),(54,11,1),(55,11,1),(56,2,1),(57,2,1),(58,10,1),(59,10,1),(60,11,1),(61,11,1),(62,2,2),(62,11,1),(63,14,1),(64,14,1),(65,14,1),(66,2,1),(67,2,1),(68,2,1),(69,4,2),(69,12,1),(70,4,2),(70,12,1),(71,4,2),(71,12,1),(72,4,2),(72,11,1),(73,4,2),(73,11,1),(74,5,2),(74,6,1),(75,5,2),(75,6,1),(76,5,2),(76,6,1),(77,10,1),(78,10,1),(79,11,1),(79,14,2),(80,11,1),(80,14,2),(81,9,2),(81,13,1),(82,9,2),(82,13,1),(83,1,1),(83,3,2),(84,1,1),(84,3,2),(85,1,1),(85,3,2),(86,11,1),(87,11,1),(87,15,2),(88,4,1),(89,4,1),(90,11,1),(91,11,1),(91,15,2),(92,4,2),(92,8,1),(93,4,2),(93,8,1),(94,4,2),(94,8,1),(95,5,2),(95,6,1),(96,14,1),(97,14,1),(98,11,1),(99,11,1),(100,13,1),(101,13,1),(102,12,1),(102,14,2),(103,12,1),(103,14,2),(104,5,1),(105,5,1),(106,2,1),(107,2,1),(108,1,1),(109,4,1),(110,4,1),(111,5,1),(111,6,2),(112,5,1),(112,6,2),(113,1,1),(114,12,1),(115,1,1),(116,11,1),(117,11,1),(118,11,1),(119,11,1),(120,11,1),(121,11,1),(121,14,2),(122,14,1),(122,18,2),(123,3,2),(123,7,1),(124,14,2),(124,15,1),(125,13,1),(126,10,1),(127,7,1),(128,1,1),(129,11,1),(130,3,2),(130,11,1),(131,11,1),(131,15,2),(132,1,1),(133,1,1),(134,11,1),(135,13,1),(136,10,1),(137,1,1),(138,6,1),(138,11,2),(139,6,1),(139,11,2),(140,6,1),(140,11,2),(141,6,1),(141,11,2),(142,3,2),(142,6,1),(143,1,1),(144,3,2),(144,15,1),(145,3,2),(145,13,1),(146,3,2),(146,10,1),(147,16,1),(148,16,1),(149,3,2),(149,16,1),(150,14,1),(151,14,1),(152,12,1),(153,12,1),(154,12,1),(155,10,1),(156,10,1),(157,10,1),(158,11,1),(159,11,1),(160,11,1),(161,1,1),(162,1,1),(163,1,1),(163,3,2),(164,1,1),(164,3,2),(165,3,2),(165,7,1),(166,3,2),(166,7,1),(167,4,2),(167,7,1),(168,4,2),(168,7,1),(169,3,2),(169,4,1),(170,11,1),(170,13,2),(171,11,1),(171,13,2),(172,13,1),(173,18,1),(174,1,1),(174,18,2),(175,18,1),(176,3,2),(176,18,1),(177,3,2),(177,14,1),(178,3,2),(178,14,1),(179,13,1),(180,13,1),(181,13,1),(182,12,1),(183,11,1),(183,18,2),(184,11,1),(184,18,2),(185,6,1),(186,11,1),(187,3,2),(187,12,1),(188,3,2),(188,12,1),(189,3,2),(189,12,1),(190,1,1),(191,12,1),(192,12,1),(193,3,2),(193,7,1),(194,5,2),(194,11,1),(195,5,2),(195,11,1),(196,14,1),(197,17,1),(198,3,2),(198,17,1),(199,11,1),(199,14,2),(200,8,1),(201,14,1),(202,14,1),(203,1,1),(203,14,2),(204,7,1),(205,7,1),(205,9,2),(206,1,1),(207,3,2),(207,5,1),(208,5,2),(208,9,1),(209,18,1),(210,18,1),(211,4,2),(211,11,1),(212,7,1),(212,9,2),(213,6,2),(213,7,1),(214,2,2),(214,7,1),(215,15,2),(215,17,1),(216,1,1),(217,1,1),(218,10,1),(219,6,2),(219,10,1),(220,5,2),(220,15,1),(221,5,2),(221,15,1),(222,6,2),(222,11,1),(223,11,1),(224,11,1),(225,3,2),(225,15,1),(226,3,2),(226,11,1),(227,3,2),(227,9,1),(228,10,2),(228,17,1),(229,10,2),(229,17,1),(230,11,1),(230,16,2),(231,5,1),(232,5,1),(233,1,1),(234,1,1),(235,1,1),(236,2,1),(237,2,1),(238,14,2),(238,15,1),(239,13,1),(240,10,1),(241,1,1),(242,1,1),(243,13,1),(244,10,1),(245,11,1),(246,5,2),(246,6,1),(247,5,2),(247,6,1),(248,6,1),(248,17,2),(249,3,2),(249,14,1),(250,3,2),(250,10,1),(251,12,2),(251,14,1),(252,12,1),(253,12,1),(254,12,1),(255,10,1),(256,2,2),(256,10,1),(257,2,2),(257,10,1),(258,11,1),(259,5,2),(259,11,1),(260,5,2),(260,11,1),(261,17,1),(262,17,1),(263,1,1),(264,1,1),(265,7,1),(266,7,1),(267,3,2),(267,7,1),(268,7,1),(269,4,2),(269,7,1),(270,11,1),(270,12,2),(271,11,1),(271,12,2),(272,11,1),(272,12,2),(273,12,1),(274,12,1),(274,17,2),(275,12,1),(275,17,2),(276,1,1),(276,3,2),(277,1,1),(277,3,2),(278,3,2),(278,11,1),(279,3,2),(279,11,1),(280,14,1),(280,18,2),(281,14,1),(281,18,2),(282,14,1),(282,18,2),(283,7,1),(283,11,2),(284,3,2),(284,7,1),(285,12,1),(286,2,2),(286,12,1),(287,1,1),(288,1,1),(289,1,1),(290,5,2),(290,7,1),(291,3,2),(291,7,1),(292,7,1),(292,8,2),(293,1,1),(294,1,1),(295,1,1),(296,2,1),(297,2,1),(298,1,1),(298,18,2),(299,6,1),(300,1,1),(301,1,1),(302,8,2),(302,17,1),(303,9,1),(303,18,2),(304,6,2),(304,9,1),(305,6,2),(305,9,1),(306,6,2),(306,9,1),(307,2,1),(307,14,2),(308,2,1),(308,14,2),(309,13,1),(310,13,1),(311,13,1),(312,13,1),(313,7,1),(314,7,1),(315,4,2),(315,12,1),(316,4,1),(317,4,1),(318,11,1),(318,17,2),(319,11,1),(319,17,2),(320,11,1),(321,11,1),(322,5,2),(322,10,1),(323,5,2),(323,10,1),(324,10,1),(325,14,1),(326,14,1),(327,1,1),(328,5,1),(329,5,1),(329,16,2),(330,5,1),(330,16,2),(331,12,1),(332,12,1),(332,17,2),(333,1,1),(333,3,2),(334,3,2),(334,16,1),(335,1,1),(336,4,1),(337,6,1),(337,14,2),(338,6,1),(338,14,2),(339,5,2),(339,11,1),(340,5,2),(340,11,1),(341,11,1),(342,11,1),(342,17,2),(343,5,1),(343,14,2),(344,5,1),(344,14,2),(345,6,1),(345,12,2),(346,6,1),(346,12,2),(347,6,1),(347,7,2),(348,6,1),(348,7,2),(349,11,1),(350,11,1),(351,1,1),(352,1,1),(353,8,1),(354,8,1),(355,8,1),(356,8,1),(357,3,2),(357,12,1),(358,14,1),(359,17,1),(360,14,1),(361,15,1),(362,15,1),(363,11,2),(363,15,1),(364,11,2),(364,15,1),(365,11,2),(365,15,1),(366,11,1),(367,11,1),(368,11,1),(369,6,2),(369,11,1),(370,11,1),(371,16,1),(372,16,1),(373,3,2),(373,16,1),(374,9,1),(374,14,2),(375,9,1),(375,14,2),(376,9,1),(376,14,2),(377,6,1),(378,15,1),(379,9,1),(380,14,2),(380,16,1),(381,14,2),(381,16,1),(382,11,1),(383,5,1),(384,3,2),(384,16,1),(385,9,1),(385,14,2),(386,14,1),(387,12,1),(388,12,1),(389,5,2),(389,12,1),(390,10,1),(391,2,2),(391,10,1),(392,2,2),(392,10,1),(393,11,1),(394,11,1),(395,9,2),(395,11,1),(396,1,1),(396,3,2),(397,1,1),(397,3,2),(398,1,1),(398,3,2),(399,1,1),(400,1,1),(400,11,2),(401,7,1),(402,7,1),(403,13,1),(404,13,1),(405,13,1),(406,4,2),(406,12,1),(407,4,2),(407,12,1),(408,6,1),(409,6,1),(410,6,1),(410,9,2),(411,6,1),(411,9,2),(412,7,1),(413,7,1),(413,12,2),(414,3,2),(414,7,1),(415,3,2),(415,7,1),(416,3,2),(416,7,1),(417,13,1),(418,11,1),(419,11,1),(420,12,1),(421,12,1),(422,11,1),(423,5,2),(423,11,1),(424,1,1),(425,3,2),(425,8,1),(426,3,2),(426,8,1),(427,1,1),(428,1,1),(429,8,1),(430,3,2),(430,17,1),(431,1,1),(432,1,1),(433,14,1),(434,4,1),(434,17,2),(435,4,1),(435,17,2),(436,9,1),(436,14,2),(437,9,1),(437,14,2),(438,6,1),(439,14,1),(439,18,2),(440,1,1),(441,1,1),(441,3,2),(442,8,1),(442,17,2),(443,5,2),(443,16,1),(444,5,2),(444,16,1),(445,5,2),(445,16,1),(446,1,1),(447,2,1),(448,2,1),(448,9,2),(449,5,1),(450,5,1),(451,4,1),(451,7,2),(452,4,1),(452,17,2),(453,2,2),(453,4,1),(454,2,2),(454,4,1),(455,12,1),(456,11,1),(457,11,1),(458,3,2),(458,11,1),(459,12,1),(459,15,2),(460,12,1),(460,15,2),(461,15,2),(461,17,1),(462,9,2),(462,13,1),(463,1,1),(464,5,1),(464,6,2),(465,12,1),(466,13,1),(467,10,1),(468,3,2),(468,18,1),(469,3,2),(469,7,1),(470,12,1),(471,15,1),(472,3,2),(472,5,1),(473,5,2),(473,15,1),(474,1,1),(475,2,2),(475,14,1),(476,6,1),(476,9,2),(477,8,1),(478,8,2),(478,15,1),(479,8,2),(479,13,1),(480,14,1),(481,14,1),(482,14,1),(483,9,1),(483,16,2),(484,11,1),(484,16,2),(485,9,2),(485,10,1),(486,1,1),(487,8,1),(487,16,2),(488,14,1),(489,11,1),(490,11,1),(491,17,1),(492,12,1),(493,1,1),(494,10,2),(494,14,1),(495,12,1),(496,12,1),(497,12,1),(498,10,1),(499,2,2),(499,10,1),(500,2,2),(500,10,1),(501,11,1),(502,11,1),(503,11,1),(504,1,1),(505,1,1),(506,1,1),(507,1,1),(508,1,1),(509,17,1),(510,17,1),(511,12,1),(512,12,1),(513,10,1),(514,10,1),(515,11,1),(516,11,1),(517,14,1),(518,14,1),(519,1,1),(519,3,2),(520,1,1),(520,3,2),(521,1,1),(521,3,2),(522,13,1),(523,13,1),(524,6,1),(525,6,1),(526,6,1),(527,3,2),(527,14,1),(528,3,2),(528,14,1),(529,5,1),(530,5,1),(530,9,2),(531,1,1),(532,2,1),(533,2,1),(534,2,1),(535,11,1),(536,5,2),(536,11,1),(537,5,2),(537,11,1),(538,2,1),(539,2,1),(540,7,1),(540,12,2),(541,7,1),(541,12,2),(542,7,1),(542,12,2),(543,4,2),(543,7,1),(544,4,2),(544,7,1),(545,4,2),(545,7,1),(546,12,1),(546,18,2),(547,12,1),(547,18,2),(548,12,1),(549,12,1),(550,11,1),(551,5,1),(551,17,2),(552,5,1),(552,17,2),(553,5,1),(553,17,2),(554,10,1),(555,10,1),(556,12,1),(557,6,2),(557,7,1),(558,6,2),(558,7,1),(559,2,2),(559,17,1),(560,2,2),(560,17,1),(561,3,2),(561,14,1),(562,8,1),(563,8,1),(564,6,2),(564,11,1),(565,6,2),(565,11,1),(566,3,2),(566,6,1),(567,3,2),(567,6,1),(568,4,1),(569,4,1),(570,17,1),(571,17,1),(572,1,1),(573,1,1),(574,14,1),(575,14,1),(576,14,1),(577,14,1),(578,14,1),(579,14,1),(580,3,2),(580,11,1),(581,3,2),(581,11,1),(582,15,1),(583,15,1),(584,15,1),(585,1,1),(585,12,2),(586,1,1),(586,12,2),(587,3,2),(587,13,1),(588,7,1),(589,7,1),(589,9,2),(590,4,2),(590,12,1),(591,4,2),(591,12,1),(592,8,2),(592,11,1),(593,8,2),(593,11,1),(594,11,1),(595,7,1),(595,13,2),(596,7,1),(596,13,2),(597,9,2),(597,12,1),(598,9,2),(598,12,1),(599,9,1),(600,9,1),(601,9,1),(602,13,1),(603,13,1),(604,13,1),(605,14,1),(606,14,1),(607,8,1),(607,10,2),(608,8,1),(608,10,2),(609,8,1),(609,10,2),(610,16,1),(611,16,1),(612,16,1),(613,15,1),(614,15,1),(615,15,1),(616,7,1),(617,7,1),(618,5,1),(618,13,2),(619,2,1),(620,2,1),(621,16,1),(622,5,1),(622,8,2),(623,5,1),(623,8,2),(624,9,2),(624,17,1),(625,9,2),(625,17,1),(626,1,1),(627,1,1),(627,3,2),(628,1,1),(628,3,2),(629,3,2),(629,17,1),(630,3,2),(630,17,1),(631,10,1),(632,7,1),(632,9,2),(633,16,2),(633,17,1),(634,16,2),(634,17,1),(635,16,2),(635,17,1),(636,7,1),(636,10,2),(637,7,1),(637,10,2),(638,2,2),(638,9,1),(639,2,2),(639,6,1),(640,2,2),(640,12,1),(641,3,1),(642,3,2),(642,13,1),(643,10,2),(643,16,1),(644,13,2),(644,16,1),(645,3,2),(645,5,1),(646,15,2),(646,16,1),(647,2,2),(647,11,1),(648,1,1),(648,14,2),(649,7,1),(649,9,2),(650,12,1),(651,12,1),(652,2,2),(652,12,1),(653,10,1),(654,10,1),(655,10,1),(655,14,2),(656,11,1),(657,11,1),(658,11,1),(658,17,2),(659,1,1),(660,1,1),(660,5,2),(661,1,1),(661,3,2),(662,3,2),(662,10,1),(663,3,2),(663,10,1),(664,7,1),(665,7,1),(666,3,2),(666,7,1),(667,1,2),(667,10,1),(668,1,2),(668,10,1),(669,18,1),(670,18,1),(671,18,1),(672,12,1),(673,12,1),(674,2,1),(675,2,1),(675,17,2),(676,1,1),(677,14,1),(678,14,1),(679,8,2),(679,9,1),(680,8,2),(680,9,1),(681,8,2),(681,9,1),(682,18,1),(683,18,1),(684,18,1),(685,18,1),(686,14,2),(686,17,1),(687,14,2),(687,17,1),(688,6,1),(688,11,2),(689,6,1),(689,11,2),(690,4,1),(690,11,2),(691,4,1),(691,16,2),(692,11,1),(693,11,1),(694,1,2),(694,13,1),(695,1,2),(695,13,1),(696,6,1),(696,16,2),(697,6,1),(697,16,2),(698,6,1),(698,15,2),(699,6,1),(699,15,2),(700,18,1),(701,2,1),(701,3,2),(702,13,1),(702,18,2),(703,6,1),(703,18,2),(704,16,1),(705,16,1),(706,16,1),(707,9,1),(707,18,2),(708,8,1),(708,12,2),(709,8,1),(709,12,2),(710,8,1),(710,12,2),(711,8,1),(711,12,2),(712,15,1),(713,15,1),(714,3,1),(714,16,2),(715,3,1),(715,16,2),(716,18,1),(717,3,2),(717,17,1),(718,5,2),(718,16,1),(719,6,1),(719,18,2),(720,8,2),(720,14,1),(721,10,1),(721,11,2),(722,3,2),(722,12,1),(723,3,2),(723,12,1),(724,8,2),(724,12,1),(725,10,1),(726,10,1),(727,10,1),(727,17,2),(728,11,1),(729,11,1),(730,11,1),(730,18,2),(731,1,1),(731,3,2),(732,1,1),(732,3,2),(733,1,1),(733,3,2),(734,1,1),(735,1,1),(736,7,1),(737,7,1),(737,13,2),(738,7,1),(738,13,2),(739,2,1),(740,2,1),(740,15,2),(741,3,2),(741,10,1),(742,7,1),(742,18,2),(743,7,1),(743,18,2),(744,6,1),(745,6,1),(746,11,1),(747,4,1),(747,11,2),(748,4,1),(748,11,2),(749,5,1),(750,5,1),(751,7,2),(751,11,1),(752,7,2),(752,11,1),(753,12,1),(754,12,1),(755,12,1),(755,18,2),(756,12,1),(756,18,2),(757,4,1),(757,10,2),(758,4,1),(758,10,2),(759,1,1),(759,2,2),(760,1,1),(760,2,2),(761,12,1),(762,12,1),(763,12,1),(764,18,1),(765,1,1),(765,14,2),(766,2,1),(767,7,1),(767,11,2),(768,7,1),(768,11,2),(769,5,2),(769,8,1),(770,5,2),(770,8,1),(771,11,1),(772,1,1),(773,1,1),(774,3,2),(774,6,1),(775,1,1),(776,10,1),(776,16,2),(777,9,2),(777,13,1),(778,8,1),(778,18,2),(779,11,1),(779,14,2),(780,1,1),(780,16,2),(781,8,1),(781,12,2),(782,16,1),(783,2,2),(783,16,1),(784,2,2),(784,16,1),(785,13,1),(785,18,2),(786,14,1),(786,18,2),(787,12,1),(787,18,2),(788,11,1),(788,18,2),(789,14,1),(790,14,1),(791,9,2),(791,14,1),(792,8,2),(792,14,1),(793,4,2),(793,6,1),(794,2,2),(794,7,1),(795,2,2),(795,7,1),(796,13,1),(797,3,2),(797,9,1),(798,9,2),(798,12,1),(799,16,2),(799,17,1),(800,14,1),(801,9,1),(801,18,2),(802,2,1),(802,8,2),(803,4,1),(804,4,1),(804,16,2),(805,6,1),(805,9,2),(806,8,2),(806,10,1),(807,13,1),(808,9,1),(809,9,1),(810,12,1),(811,12,1),(812,12,1),(813,10,1),(814,10,1),(815,10,1),(816,11,1),(817,11,1),(818,11,1),(819,1,1),(820,1,1),(821,3,1),(822,3,1),(823,3,1),(823,9,2),(824,7,1),(825,7,1),(825,14,2),(826,7,1),(826,14,2),(827,17,1),(828,17,1),(829,12,1),(830,12,1),(831,1,1),(832,1,1),(833,11,1),(834,6,2),(834,11,1),(835,13,1),(836,13,1),(837,6,1),(838,6,1),(838,10,2),(839,6,1),(839,10,2),(840,12,1),(840,16,2),(841,12,1),(841,16,2),(842,12,1),(842,16,2),(843,5,1),(844,5,1),(845,3,1),(845,11,2),(846,11,1),(847,11,1),(848,4,2),(848,13,1),(849,4,2),(849,13,1),(850,7,2),(850,10,1),(851,7,2),(851,10,1),(852,2,1),(853,2,1),(854,8,1),(855,8,1),(856,14,1),(857,14,1),(858,14,1),(858,18,2),(859,17,1),(859,18,2),(860,17,1),(860,18,2),(861,17,1),(861,18,2),(862,1,2),(862,17,1),(863,9,1),(864,8,1),(865,2,1),(866,14,2),(866,15,1),(867,5,1),(867,8,2),(868,18,1),(869,18,1),(870,2,1),(871,13,1),(872,7,2),(872,15,1),(873,7,2),(873,15,1),(874,6,1),(875,15,1),(876,1,2),(876,14,1),(877,13,1),(877,17,2),(878,9,1),(879,9,1),(880,13,1),(880,16,2),(881,13,1),(881,15,2),(882,11,1),(882,16,2),(883,11,1),(883,15,2),(884,9,1),(884,16,2),(885,8,2),(885,16,1),(886,8,2),(886,16,1),(887,8,2),(887,16,1),(888,18,1),(889,2,1),(890,4,1),(890,16,2),(891,2,1),(892,2,1),(892,17,2),(893,12,2),(893,17,1),(894,13,1),(895,16,1),(896,15,1),(897,8,1),(898,12,2),(898,14,1),(899,9,1),(900,7,2),(900,11,1),(10001,14,1),(10002,14,1),(10003,14,1),(10004,5,2),(10004,7,1),(10005,7,1),(10005,9,2),(10006,3,2),(10006,12,1),(10007,8,1),(10007,16,2),(10008,10,2),(10008,13,1),(10009,11,2),(10009,13,1),(10010,13,1),(10010,15,2),(10011,3,2),(10011,13,1),(10012,12,2),(10012,13,1),(10013,10,1),(10014,11,1),(10015,15,1),(10016,11,1),(10017,10,1),(10017,14,2),(10018,1,1),(10018,2,2),(10019,3,1),(10020,3,2),(10020,13,1),(10021,3,2),(10021,5,1),(10022,15,2),(10022,16,1),(10023,15,2),(10023,16,1),(10024,2,2),(10024,11,1),(10025,14,1),(10026,8,2),(10026,9,1),(10027,8,1),(10027,12,2),(10028,8,1),(10028,12,2),(10029,8,1),(10029,12,2),(10030,8,1),(10030,12,2),(10031,8,1),(10031,12,2),(10032,8,1),(10032,12,2),(10033,4,2),(10033,12,1),(10034,10,1),(10034,16,2),(10035,3,2),(10035,10,1),(10036,11,1),(10037,14,1),(10038,4,2),(10038,8,1),(10039,1,1),(10040,3,2),(10040,7,1),(10041,11,1),(10041,17,2),(10042,3,2),(10042,6,1),(10043,2,2),(10043,14,1),(10044,14,1),(10045,13,1),(10045,16,2),(10046,7,1),(10046,9,2),(10047,2,2),(10047,7,1),(10048,10,2),(10048,17,1),(10049,6,1),(10049,17,2),(10050,2,2),(10050,10,1),(10051,14,1),(10051,18,2),(10052,9,1),(10052,18,2),(10053,9,1),(10054,2,1),(10054,14,2),(10055,13,1),(10056,8,1),(10057,17,1),(10058,5,2),(10058,16,1),(10059,2,1),(10059,9,2),(10060,12,1),(10060,15,2),(10061,18,1),(10062,14,2),(10062,16,1),(10063,14,2),(10063,16,1),(10064,5,2),(10064,11,1),(10065,12,1),(10065,16,2),(10066,8,2),(10066,17,1),(10067,16,1),(10067,18,2),(10068,2,2),(10068,14,1),(10069,1,1),(10069,18,2),(10070,11,1),(10070,17,2),(10071,11,1),(10071,14,2),(10072,5,2),(10072,9,1),(10073,1,1),(10073,3,2),(10074,15,1),(10075,6,1),(10075,18,2),(10076,9,1),(10076,14,2),(10077,11,1),(10078,5,1),(10078,10,2),(10079,3,2),(10079,16,1),(10080,13,1),(10081,13,1),(10082,13,1),(10083,13,1),(10084,13,1),(10085,13,1),(10086,14,1),(10086,17,2),(10087,5,2),(10087,10,1),(10088,1,1),(10088,2,2),(10089,3,2),(10089,16,1),(10090,4,2),(10090,7,1),(10091,1,2),(10091,17,1),(10092,1,2),(10092,17,1),(10093,1,2),(10093,17,1),(10094,13,1),(10095,13,1),(10096,13,1),(10097,13,1),(10098,13,1),(10099,13,1),(10100,13,1),(10100,14,2),(10101,9,2),(10101,15,1),(10102,9,2),(10102,15,1),(10103,15,1),(10104,15,1),(10104,18,2),(10105,5,1),(10105,9,2),(10106,5,1),(10106,9,2),(10107,17,1),(10108,17,1),(10109,6,1),(10109,13,2),(10110,6,1),(10110,13,2),(10111,6,1),(10111,13,2),(10112,4,1),(10112,17,2),(10113,4,1),(10113,17,2),(10114,12,1),(10114,16,2),(10115,8,2),(10115,10,1),(10116,11,1),(10116,17,2),(10117,11,1),(10117,17,2),(10118,5,2),(10118,16,1),(10119,5,2),(10119,16,1),(10120,5,2),(10120,16,1),(10121,1,1),(10122,7,1),(10122,13,2),(10123,3,2),(10123,13,1),(10124,3,2),(10124,14,1),(10125,3,2),(10125,8,1),(10126,6,1),(10127,11,1),(10128,12,1),(10129,4,1),(10129,10,2),(10130,3,2),(10130,6,1),(10131,3,2),(10131,6,1),(10132,3,2),(10132,6,1),(10133,3,2),(10133,6,1),(10134,3,2),(10134,6,1),(10135,3,2),(10135,6,1),(10136,3,2),(10136,6,1),(10137,3,2),(10137,6,1),(10138,3,2),(10138,6,1),(10139,3,2),(10139,6,1),(10140,3,2),(10140,6,1),(10141,3,2),(10141,6,1),(10142,3,2),(10142,6,1),(10143,8,1),(10143,18,2),(10144,8,1),(10144,18,2),(10145,8,1),(10145,18,2),(10146,2,2),(10146,16,1),(10147,9,1),(10147,18,2),(10148,13,1),(10149,8,2),(10149,10,1),(10150,7,1),(10150,18,2),(10151,6,1),(10152,6,1),(10153,7,2),(10153,11,1),(10154,9,2),(10154,13,1),(10155,9,2),(10155,14,1),(10156,8,2),(10156,14,1),(10157,14,1),(10157,16,2),(10158,13,1),(10159,1,1),(10160,13,1),(10161,9,1),(10162,14,1),(10163,14,1),(10163,18,2),(10164,14,1),(10165,4,1),(10165,14,2),(10166,2,1),(10167,4,1),(10167,18,2),(10168,14,2),(10168,15,1),(10169,3,2),(10169,14,1),(10170,2,1),(10170,3,2),(10171,3,2),(10171,17,1),(10172,4,1),(10172,14,2),(10173,8,1),(10174,1,2),(10174,17,1),(10175,1,2),(10175,17,1),(10176,15,1),(10177,15,1),(10178,10,2),(10178,15,1),(10179,5,1),(10179,8,2),(10180,5,1),(10180,9,2),(10181,5,2),(10181,16,1),(10182,3,1),(10182,11,2),(10183,3,1),(10183,11,2),(10184,4,2),(10184,13,1),(10185,15,1),(10186,1,2),(10186,14,1),(10187,13,1),(10187,17,2),(10188,9,2),(10188,18,1),(10189,2,1),(10189,9,2),(10190,4,1),(10190,16,2),(10191,2,1),(10191,11,2),(10192,12,2),(10192,17,1),(10193,14,1),(10193,15,2),(10194,8,2),(10194,14,1);
/*!40000 ALTER TABLE `pokemon_types` ENABLE KEYS */;
UNLOCK TABLES;

--
-- Table structure for table `stat_names`
--

DROP TABLE IF EXISTS `stat_names`;
/*!40101 SET @saved_cs_client     = @@character_set_client */;
/*!40101 SET character_set_client = utf8 */;
CREATE TABLE `stat_names` (
  `stat_id` int(2) NOT NULL,
  `local_language_id` int(2) NOT NULL,
  `name` varchar(19) DEFAULT NULL,
  PRIMARY KEY (`stat_id`,`local_language_id`),
  KEY `FK_stat_lang` (`local_language_id`),
  CONSTRAINT `FK_stat_lang` FOREIGN KEY (`local_language_id`) REFERENCES `languages` (`id`) ON DELETE NO ACTION ON UPDATE CASCADE,
  CONSTRAINT `FK_stat_stat` FOREIGN KEY (`stat_id`) REFERENCES `stats` (`id`) ON DELETE NO ACTION ON UPDATE CASCADE
) ENGINE=InnoDB DEFAULT CHARSET=utf8mb3 COLLATE=utf8mb3_general_ci;
/*!40101 SET character_set_client = @saved_cs_client */;

--
-- Dumping data for table `stat_names`
--

LOCK TABLES `stat_names` WRITE;
/*!40000 ALTER TABLE `stat_names` DISABLE KEYS */;
INSERT INTO `stat_names` VALUES (1,1,'HP'),(1,3,'HP'),(1,5,'PV'),(1,6,'KP'),(1,7,'PS'),(1,8,'PS'),(1,9,'HP'),(2,1,'こうげき'),(2,3,'공격'),(2,5,'Attaque'),(2,6,'Angriff'),(2,7,'Ataque'),(2,8,'Attacco'),(2,9,'Attack'),(3,1,'ぼうぎょ'),(3,3,'방어'),(3,5,'Défense'),(3,6,'Verteidigung'),(3,7,'Defensa'),(3,8,'Difesa'),(3,9,'Defense'),(4,1,'とくこう'),(4,3,'특수공격'),(4,5,'Attaque Spéciale'),(4,6,'Spezialangriff'),(4,7,'Ataque Especial'),(4,8,'Attacco Speciale'),(4,9,'Special Attack'),(5,1,'とくぼう'),(5,3,'특수방어'),(5,5,'Défense Spéciale'),(5,6,'Spezialverteidigung'),(5,7,'Defensa Especial'),(5,8,'Difesa Speciale'),(5,9,'Special Defense'),(6,1,'すばやさ'),(6,3,'스피드'),(6,5,'Vitesse'),(6,6,'Initiative'),(6,7,'Velocidad'),(6,8,'Velocità'),(6,9,'Speed'),(7,1,'めいちゅう'),(7,3,'명중률'),(7,5,'Précision'),(7,6,'Genauigkeit'),(7,7,'Precisión'),(7,8,'precisione'),(7,9,'accuracy'),(8,1,'かいひ'),(8,3,'회피율'),(8,5,'Esquive'),(8,6,'Fluchtwert'),(8,7,'Evasión'),(8,8,'elusione'),(8,9,'evasion');
/*!40000 ALTER TABLE `stat_names` ENABLE KEYS */;
UNLOCK TABLES;

--
-- Table structure for table `stats`
--

DROP TABLE IF EXISTS `stats`;
/*!40101 SET @saved_cs_client     = @@character_set_client */;
/*!40101 SET character_set_client = utf8 */;
CREATE TABLE `stats` (
  `id` int(2) NOT NULL,
  `damage_class_id` int(2) DEFAULT NULL,
  `identifier` varchar(15) NOT NULL,
  `is_battle_only` int(1) DEFAULT NULL,
  `game_index` int(1) DEFAULT NULL,
  PRIMARY KEY (`id`),
  UNIQUE KEY `identifier` (`identifier`),
  KEY `FK_stats_damage_class` (`damage_class_id`),
  CONSTRAINT `FK_stats_damage_class` FOREIGN KEY (`damage_class_id`) REFERENCES `move_damage_classes` (`id`) ON DELETE NO ACTION ON UPDATE NO ACTION
) ENGINE=InnoDB DEFAULT CHARSET=utf8mb3 COLLATE=utf8mb3_general_ci;
/*!40101 SET character_set_client = @saved_cs_client */;

--
-- Dumping data for table `stats`
--

LOCK TABLES `stats` WRITE;
/*!40000 ALTER TABLE `stats` DISABLE KEYS */;
INSERT INTO `stats` VALUES (1,NULL,'hp',0,1),(2,2,'attack',0,2),(3,2,'defense',0,3),(4,3,'special-attack',0,5),(5,3,'special-defense',0,6),(6,NULL,'speed',0,4),(7,NULL,'accuracy',1,NULL),(8,NULL,'evasion',1,NULL);
/*!40000 ALTER TABLE `stats` ENABLE KEYS */;
UNLOCK TABLES;

--
-- Table structure for table `tiers`
--

DROP TABLE IF EXISTS `tiers`;
/*!40101 SET @saved_cs_client     = @@character_set_client */;
/*!40101 SET character_set_client = utf8 */;
CREATE TABLE `tiers` (
  `id` int(11) NOT NULL AUTO_INCREMENT,
  `name` char(50) NOT NULL DEFAULT '',
  PRIMARY KEY (`id`),
  UNIQUE KEY `name` (`name`)
) ENGINE=InnoDB AUTO_INCREMENT=36 DEFAULT CHARSET=utf8mb4 COLLATE=utf8mb4_general_ci;
/*!40101 SET character_set_client = @saved_cs_client */;

--
-- Dumping data for table `tiers`
--

LOCK TABLES `tiers` WRITE;
/*!40000 ALTER TABLE `tiers` DISABLE KEYS */;
INSERT INTO `tiers` VALUES (1,'perro');
/*!40000 ALTER TABLE `tiers` ENABLE KEYS */;
UNLOCK TABLES;

--
-- Table structure for table `tiers_pokemon`
--

DROP TABLE IF EXISTS `tiers_pokemon`;
/*!40101 SET @saved_cs_client     = @@character_set_client */;
/*!40101 SET character_set_client = utf8 */;
CREATE TABLE `tiers_pokemon` (
  `tier_id` int(11) NOT NULL,
  `pokemon_species_id` int(11) NOT NULL,
  `level` int(11) NOT NULL DEFAULT 1,
  PRIMARY KEY (`tier_id`,`pokemon_species_id`),
  KEY `FK_tp_pokemon_species` (`pokemon_species_id`),
  CONSTRAINT `FK_tp_pokemon_species` FOREIGN KEY (`pokemon_species_id`) REFERENCES `pokemon_species` (`id`) ON DELETE NO ACTION ON UPDATE NO ACTION,
  CONSTRAINT `FK_tp_tier` FOREIGN KEY (`tier_id`) REFERENCES `tiers` (`id`) ON DELETE NO ACTION ON UPDATE CASCADE
) ENGINE=InnoDB DEFAULT CHARSET=utf8mb4 COLLATE=utf8mb4_general_ci;
/*!40101 SET character_set_client = @saved_cs_client */;

--
-- Dumping data for table `tiers_pokemon`
--

LOCK TABLES `tiers_pokemon` WRITE;
/*!40000 ALTER TABLE `tiers_pokemon` DISABLE KEYS */;
INSERT INTO `tiers_pokemon` VALUES (1,20,6),(1,25,6),(1,71,6),(1,203,1),(1,306,5),(1,464,5),(1,509,1),(1,663,2),(1,785,3),(1,804,4);
/*!40000 ALTER TABLE `tiers_pokemon` ENABLE KEYS */;
UNLOCK TABLES;

--
-- Table structure for table `type_efficacy`
--

DROP TABLE IF EXISTS `type_efficacy`;
/*!40101 SET @saved_cs_client     = @@character_set_client */;
/*!40101 SET character_set_client = utf8 */;
CREATE TABLE `type_efficacy` (
  `damage_type_id` int(2) NOT NULL,
  `target_type_id` int(2) NOT NULL,
  `damage_factor` int(3) DEFAULT NULL,
  PRIMARY KEY (`damage_type_id`,`target_type_id`),
  KEY `FK_type_efficacy_target` (`target_type_id`),
  CONSTRAINT `FK_type_efficacy_damage` FOREIGN KEY (`damage_type_id`) REFERENCES `types` (`id`) ON DELETE NO ACTION ON UPDATE NO ACTION,
  CONSTRAINT `FK_type_efficacy_target` FOREIGN KEY (`target_type_id`) REFERENCES `types` (`id`) ON DELETE NO ACTION ON UPDATE NO ACTION
) ENGINE=InnoDB DEFAULT CHARSET=utf8mb3 COLLATE=utf8mb3_general_ci;
/*!40101 SET character_set_client = @saved_cs_client */;

--
-- Dumping data for table `type_efficacy`
--

LOCK TABLES `type_efficacy` WRITE;
/*!40000 ALTER TABLE `type_efficacy` DISABLE KEYS */;
INSERT INTO `type_efficacy` VALUES (1,1,100),(1,2,100),(1,3,100),(1,4,100),(1,5,100),(1,6,50),(1,7,100),(1,8,0),(1,9,50),(1,10,100),(1,11,100),(1,12,100),(1,13,100),(1,14,100),(1,15,100),(1,16,100),(1,17,100),(1,18,100),(2,1,200),(2,2,100),(2,3,50),(2,4,50),(2,5,100),(2,6,200),(2,7,50),(2,8,0),(2,9,200),(2,10,100),(2,11,100),(2,12,100),(2,13,100),(2,14,50),(2,15,200),(2,16,100),(2,17,200),(2,18,50),(3,1,100),(3,2,200),(3,3,100),(3,4,100),(3,5,100),(3,6,50),(3,7,200),(3,8,100),(3,9,50),(3,10,100),(3,11,100),(3,12,200),(3,13,50),(3,14,100),(3,15,100),(3,16,100),(3,17,100),(3,18,100),(4,1,100),(4,2,100),(4,3,100),(4,4,50),(4,5,50),(4,6,50),(4,7,100),(4,8,50),(4,9,0),(4,10,100),(4,11,100),(4,12,200),(4,13,100),(4,14,100),(4,15,100),(4,16,100),(4,17,100),(4,18,200),(5,1,100),(5,2,100),(5,3,0),(5,4,200),(5,5,100),(5,6,200),(5,7,50),(5,8,100),(5,9,200),(5,10,200),(5,11,100),(5,12,50),(5,13,200),(5,14,100),(5,15,100),(5,16,100),(5,17,100),(5,18,100),(6,1,100),(6,2,50),(6,3,200),(6,4,100),(6,5,50),(6,6,100),(6,7,200),(6,8,100),(6,9,50),(6,10,200),(6,11,100),(6,12,100),(6,13,100),(6,14,100),(6,15,200),(6,16,100),(6,17,100),(6,18,100),(7,1,100),(7,2,50),(7,3,50),(7,4,50),(7,5,100),(7,6,100),(7,7,100),(7,8,50),(7,9,50),(7,10,50),(7,11,100),(7,12,200),(7,13,100),(7,14,200),(7,15,100),(7,16,100),(7,17,200),(7,18,50),(8,1,0),(8,2,100),(8,3,100),(8,4,100),(8,5,100),(8,6,100),(8,7,100),(8,8,200),(8,9,100),(8,10,100),(8,11,100),(8,12,100),(8,13,100),(8,14,200),(8,15,100),(8,16,100),(8,17,50),(8,18,100),(9,1,100),(9,2,100),(9,3,100),(9,4,100),(9,5,100),(9,6,200),(9,7,100),(9,8,100),(9,9,50),(9,10,50),(9,11,50),(9,12,100),(9,13,50),(9,14,100),(9,15,200),(9,16,100),(9,17,100),(9,18,200),(10,1,100),(10,2,100),(10,3,100),(10,4,100),(10,5,100),(10,6,50),(10,7,200),(10,8,100),(10,9,200),(10,10,50),(10,11,50),(10,12,200),(10,13,100),(10,14,100),(10,15,200),(10,16,50),(10,17,100),(10,18,100),(11,1,100),(11,2,100),(11,3,100),(11,4,100),(11,5,200),(11,6,200),(11,7,100),(11,8,100),(11,9,100),(11,10,200),(11,11,50),(11,12,50),(11,13,100),(11,14,100),(11,15,100),(11,16,50),(11,17,100),(11,18,100),(12,1,100),(12,2,100),(12,3,50),(12,4,50),(12,5,200),(12,6,200),(12,7,50),(12,8,100),(12,9,50),(12,10,50),(12,11,200),(12,12,50),(12,13,100),(12,14,100),(12,15,100),(12,16,50),(12,17,100),(12,18,100),(13,1,100),(13,2,100),(13,3,200),(13,4,100),(13,5,0),(13,6,100),(13,7,100),(13,8,100),(13,9,100),(13,10,100),(13,11,200),(13,12,50),(13,13,50),(13,14,100),(13,15,100),(13,16,50),(13,17,100),(13,18,100),(14,1,100),(14,2,200),(14,3,100),(14,4,200),(14,5,100),(14,6,100),(14,7,100),(14,8,100),(14,9,50),(14,10,100),(14,11,100),(14,12,100),(14,13,100),(14,14,50),(14,15,100),(14,16,100),(14,17,0),(14,18,100),(15,1,100),(15,2,100),(15,3,200),(15,4,100),(15,5,200),(15,6,100),(15,7,100),(15,8,100),(15,9,50),(15,10,50),(15,11,50),(15,12,200),(15,13,100),(15,14,100),(15,15,50),(15,16,200),(15,17,100),(15,18,100),(16,1,100),(16,2,100),(16,3,100),(16,4,100),(16,5,100),(16,6,100),(16,7,100),(16,8,100),(16,9,50),(16,10,100),(16,11,100),(16,12,100),(16,13,100),(16,14,100),(16,15,100),(16,16,200),(16,17,100),(16,18,0),(17,1,100),(17,2,50),(17,3,100),(17,4,100),(17,5,100),(17,6,100),(17,7,100),(17,8,200),(17,9,100),(17,10,100),(17,11,100),(17,12,100),(17,13,100),(17,14,200),(17,15,100),(17,16,100),(17,17,50),(17,18,50),(18,1,100),(18,2,200),(18,3,100),(18,4,50),(18,5,100),(18,6,100),(18,7,100),(18,8,100),(18,9,50),(18,10,50),(18,11,100),(18,12,100),(18,13,100),(18,14,100),(18,15,100),(18,16,200),(18,17,200),(18,18,100);
/*!40000 ALTER TABLE `type_efficacy` ENABLE KEYS */;
UNLOCK TABLES;

--
-- Table structure for table `type_names`
--

DROP TABLE IF EXISTS `type_names`;
/*!40101 SET @saved_cs_client     = @@character_set_client */;
/*!40101 SET character_set_client = utf8 */;
CREATE TABLE `type_names` (
  `type_id` int(5) NOT NULL,
  `local_language_id` int(2) NOT NULL,
  `name` varchar(10) DEFAULT NULL,
  PRIMARY KEY (`type_id`,`local_language_id`),
  KEY `FK_type_lang` (`local_language_id`),
  CONSTRAINT `FK_type_lang` FOREIGN KEY (`local_language_id`) REFERENCES `languages` (`id`) ON DELETE NO ACTION ON UPDATE CASCADE,
  CONSTRAINT `FK_type_type` FOREIGN KEY (`type_id`) REFERENCES `types` (`id`) ON DELETE NO ACTION ON UPDATE CASCADE
) ENGINE=InnoDB DEFAULT CHARSET=utf8mb3 COLLATE=utf8mb3_general_ci;
/*!40101 SET character_set_client = @saved_cs_client */;

--
-- Dumping data for table `type_names`
--

LOCK TABLES `type_names` WRITE;
/*!40000 ALTER TABLE `type_names` DISABLE KEYS */;
INSERT INTO `type_names` VALUES (1,1,'ノーマル'),(1,3,'노말'),(1,4,'一般'),(1,5,'Normal'),(1,6,'Normal'),(1,7,'Normal'),(1,8,'Normale'),(1,9,'Normal'),(1,11,'ノーマル'),(1,12,'一般'),(2,1,'かくとう'),(2,3,'격투'),(2,4,'格鬥'),(2,5,'Combat'),(2,6,'Kampf'),(2,7,'Lucha'),(2,8,'Lotta'),(2,9,'Fighting'),(2,11,'かくとう'),(2,12,'格斗'),(3,1,'ひこう'),(3,3,'비행'),(3,4,'飛行'),(3,5,'Vol'),(3,6,'Flug'),(3,7,'Volador'),(3,8,'Volante'),(3,9,'Flying'),(3,11,'ひこう'),(3,12,'飞行'),(4,1,'どく'),(4,3,'독'),(4,4,'毒'),(4,5,'Poison'),(4,6,'Gift'),(4,7,'Veneno'),(4,8,'Veleno'),(4,9,'Poison'),(4,11,'どく'),(4,12,'毒'),(5,1,'じめん'),(5,3,'땅'),(5,4,'地面'),(5,5,'Sol'),(5,6,'Boden'),(5,7,'Tierra'),(5,8,'Terra'),(5,9,'Ground'),(5,11,'じめん'),(5,12,'地面'),(6,1,'いわ'),(6,3,'바위'),(6,4,'岩石'),(6,5,'Roche'),(6,6,'Gestein'),(6,7,'Roca'),(6,8,'Roccia'),(6,9,'Rock'),(6,11,'いわ'),(6,12,'岩石'),(7,1,'むし'),(7,3,'벌레'),(7,4,'蟲'),(7,5,'Insecte'),(7,6,'Käfer'),(7,7,'Bicho'),(7,8,'Coleottero'),(7,9,'Bug'),(7,11,'むし'),(7,12,'虫'),(8,1,'ゴースト'),(8,3,'고스트'),(8,4,'幽靈'),(8,5,'Spectre'),(8,6,'Geist'),(8,7,'Fantasma'),(8,8,'Spettro'),(8,9,'Ghost'),(8,11,'ゴースト'),(8,12,'幽灵'),(9,1,'はがね'),(9,3,'강철'),(9,4,'鋼'),(9,5,'Acier'),(9,6,'Stahl'),(9,7,'Acero'),(9,8,'Acciaio'),(9,9,'Steel'),(9,11,'はがね'),(9,12,'钢'),(10,1,'ほのお'),(10,3,'불꽃'),(10,4,'火'),(10,5,'Feu'),(10,6,'Feuer'),(10,7,'Fuego'),(10,8,'Fuoco'),(10,9,'Fire'),(10,11,'ほのお'),(10,12,'火'),(11,1,'みず'),(11,3,'물'),(11,4,'水'),(11,5,'Eau'),(11,6,'Wasser'),(11,7,'Agua'),(11,8,'Acqua'),(11,9,'Water'),(11,11,'みず'),(11,12,'水'),(12,1,'くさ'),(12,3,'풀'),(12,4,'草'),(12,5,'Plante'),(12,6,'Pflanze'),(12,7,'Planta'),(12,8,'Erba'),(12,9,'Grass'),(12,11,'くさ'),(12,12,'草'),(13,1,'でんき'),(13,3,'전기'),(13,4,'電'),(13,5,'Électrik'),(13,6,'Elektro'),(13,7,'Eléctrico'),(13,8,'Elettro'),(13,9,'Electric'),(13,11,'でんき'),(13,12,'电'),(14,1,'エスパー'),(14,3,'에스퍼'),(14,4,'超能力'),(14,5,'Psy'),(14,6,'Psycho'),(14,7,'Psíquico'),(14,8,'Psico'),(14,9,'Psychic'),(14,11,'エスパー'),(14,12,'超能力'),(15,1,'こおり'),(15,3,'얼음'),(15,4,'冰'),(15,5,'Glace'),(15,6,'Eis'),(15,7,'Hielo'),(15,8,'Ghiaccio'),(15,9,'Ice'),(15,11,'こおり'),(15,12,'冰'),(16,1,'ドラゴン'),(16,3,'드래곤'),(16,4,'龍'),(16,5,'Dragon'),(16,6,'Drache'),(16,7,'Dragón'),(16,8,'Drago'),(16,9,'Dragon'),(16,11,'ドラゴン'),(16,12,'龙'),(17,1,'あく'),(17,3,'악'),(17,4,'惡'),(17,5,'Ténèbres'),(17,6,'Unlicht'),(17,7,'Siniestro'),(17,8,'Buio'),(17,9,'Dark'),(17,11,'あく'),(17,12,'恶'),(18,1,'フェアリー'),(18,3,'페어리'),(18,4,'妖精'),(18,5,'Fée'),(18,6,'Fee'),(18,7,'Hada'),(18,8,'Folletto'),(18,9,'Fairy'),(18,11,'フェアリー'),(18,12,'妖精'),(10001,1,'？？？'),(10001,3,'???'),(10001,5,'???'),(10001,6,'???'),(10001,7,'???'),(10001,8,'???'),(10001,9,'???'),(10002,1,'ダーク'),(10002,3,'다크'),(10002,5,'Obscur'),(10002,6,'Crypto'),(10002,8,'Ombra'),(10002,9,'Shadow');
/*!40000 ALTER TABLE `type_names` ENABLE KEYS */;
UNLOCK TABLES;

--
-- Table structure for table `types`
--

DROP TABLE IF EXISTS `types`;
/*!40101 SET @saved_cs_client     = @@character_set_client */;
/*!40101 SET character_set_client = utf8 */;
CREATE TABLE `types` (
  `id` int(5) NOT NULL,
  `identifier` varchar(8) DEFAULT NULL,
  `generation_id` int(1) DEFAULT NULL,
  `damage_class_id` varchar(1) DEFAULT NULL,
  PRIMARY KEY (`id`),
  UNIQUE KEY `identifier` (`identifier`)
) ENGINE=InnoDB DEFAULT CHARSET=utf8mb3 COLLATE=utf8mb3_general_ci;
/*!40101 SET character_set_client = @saved_cs_client */;

--
-- Dumping data for table `types`
--

LOCK TABLES `types` WRITE;
/*!40000 ALTER TABLE `types` DISABLE KEYS */;
INSERT INTO `types` VALUES (1,'normal',1,'2'),(2,'fighting',1,'2'),(3,'flying',1,'2'),(4,'poison',1,'2'),(5,'ground',1,'2'),(6,'rock',1,'2'),(7,'bug',1,'2'),(8,'ghost',1,'2'),(9,'steel',2,'2'),(10,'fire',1,'3'),(11,'water',1,'3'),(12,'grass',1,'3'),(13,'electric',1,'3'),(14,'psychic',1,'3'),(15,'ice',1,'3'),(16,'dragon',1,'3'),(17,'dark',2,'3'),(18,'fairy',6,''),(10001,'unknown',2,''),(10002,'shadow',3,'');
/*!40000 ALTER TABLE `types` ENABLE KEYS */;
UNLOCK TABLES;

--
-- Table structure for table `users`
--

DROP TABLE IF EXISTS `users`;
/*!40101 SET @saved_cs_client     = @@character_set_client */;
/*!40101 SET character_set_client = utf8 */;
CREATE TABLE `users` (
  `id` int(6) NOT NULL AUTO_INCREMENT,
  `name` varchar(50) NOT NULL,
  `pwd` varchar(50) DEFAULT NULL,
  `role` enum('admin','investigador','entrenador') DEFAULT 'investigador',
  PRIMARY KEY (`id`),
  UNIQUE KEY `name` (`name`)
) ENGINE=InnoDB AUTO_INCREMENT=27 DEFAULT CHARSET=utf8mb4 COLLATE=utf8mb4_general_ci;
/*!40101 SET character_set_client = @saved_cs_client */;

--
-- Dumping data for table `users`
--

LOCK TABLES `users` WRITE;
/*!40000 ALTER TABLE `users` DISABLE KEYS */;
INSERT INTO `users` VALUES (1,'admin','81dc9bdb52d04dc20036dbd8313ed055','admin');
/*!40000 ALTER TABLE `users` ENABLE KEYS */;
UNLOCK TABLES;

--
-- Table structure for table `users_games`
--

DROP TABLE IF EXISTS `users_games`;
/*!40101 SET @saved_cs_client     = @@character_set_client */;
/*!40101 SET character_set_client = utf8 */;
CREATE TABLE `users_games` (
  `user_id` int(6) NOT NULL,
  `game` int(2) DEFAULT NULL,
  `pokemon_form_id` int(5) NOT NULL,
  `order` int(1) NOT NULL,
  PRIMARY KEY (`user_id`,`pokemon_form_id`,`order`),
  KEY `FK_users_games_pokemon_form` (`pokemon_form_id`),
  CONSTRAINT `FK_users_games_pokemon_form` FOREIGN KEY (`pokemon_form_id`) REFERENCES `pokemon_forms` (`id`),
  CONSTRAINT `FK_users_games_user` FOREIGN KEY (`user_id`) REFERENCES `users` (`id`)
) ENGINE=InnoDB DEFAULT CHARSET=utf8mb4 COLLATE=utf8mb4_general_ci;
/*!40101 SET character_set_client = @saved_cs_client */;

--
-- Dumping data for table `users_games`
--

LOCK TABLES `users_games` WRITE;
/*!40000 ALTER TABLE `users_games` DISABLE KEYS */;
INSERT INTO `users_games` VALUES (1,2,2,1),(1,1,4,1),(1,0,4,2),(1,2,4,5),(1,0,33,1),(1,0,65,4),(1,1,187,1),(1,0,204,6),(1,1,406,2),(1,0,684,5),(1,0,702,3),(1,2,787,5);
/*!40000 ALTER TABLE `users_games` ENABLE KEYS */;
UNLOCK TABLES;
/*!40103 SET TIME_ZONE=@OLD_TIME_ZONE */;

/*!40101 SET SQL_MODE=@OLD_SQL_MODE */;
/*!40014 SET FOREIGN_KEY_CHECKS=@OLD_FOREIGN_KEY_CHECKS */;
/*!40014 SET UNIQUE_CHECKS=@OLD_UNIQUE_CHECKS */;
/*!40101 SET CHARACTER_SET_CLIENT=@OLD_CHARACTER_SET_CLIENT */;
/*!40101 SET CHARACTER_SET_RESULTS=@OLD_CHARACTER_SET_RESULTS */;
/*!40101 SET COLLATION_CONNECTION=@OLD_COLLATION_CONNECTION */;
/*!40111 SET SQL_NOTES=@OLD_SQL_NOTES */;

-- Dump completed on 2025-02-28  8:30:35
